{
	"format_version": "1.9.0",
	"credit": "Made with Blockbench",
	"textures": {
		"0": "item/pokemon/onix",
		"particle": "item/pokemon/onix"
	},
	"elements": [
		{
			"from": [12, 9, 1],
			"to": [15, 10, 6],
			"rotation": {"angle": -22.5, "axis": "x", "origin": [13.5, 10, 6]},
			"faces": {
				"north": {"uv": [2, 9, 5, 10], "texture": "#0"},
				"east": {"uv": [11, 4, 16, 5], "texture": "#0"},
				"south": {"uv": [2, 12, 5, 13], "texture": "#0"},
				"west": {"uv": [1, 8, 6, 9], "texture": "#0"},
				"up": {"uv": [16, 10, 13, 5], "texture": "#0"},
				"down": {"uv": [12, 8, 9, 13], "texture": "#0"}
			}
		},
		{
			"from": [12, 10, 3],
			"to": [15, 11, 6],
			"rotation": {"angle": -22.5, "axis": "x", "origin": [13.5, 10, 6]},
			"faces": {
				"north": {"uv": [8, 12, 16, 16], "texture": "#0"},
				"east": {"uv": [10, 3, 13, 4], "texture": "#0"},
				"south": {"uv": [11, 7, 14, 8], "texture": "#0"},
				"west": {"uv": [5, 12, 8, 13], "texture": "#0"},
				"up": {"uv": [4, 14, 1, 11], "texture": "#0"},
				"down": {"uv": [7, 7, 4, 10], "texture": "#0"}
			}
		},
		{
			"from": [13, 10.8, 1.68717],
			"to": [14, 11.8, 3.68717],
			"rotation": {"angle": -45, "axis": "x", "origin": [13.5, 10, 6]},
			"faces": {
				"north": {"uv": [7, 4, 8, 5], "texture": "#0"},
				"east": {"uv": [4, 5, 6, 6], "texture": "#0"},
				"south": {"uv": [11, 6, 12, 7], "texture": "#0"},
				"west": {"uv": [3, 8, 5, 9], "texture": "#0"},
				"up": {"uv": [3, 12, 2, 10], "texture": "#0"},
				"down": {"uv": [13, 7, 12, 9], "texture": "#0"}
			}
		},
		{
			"from": [13, 10.25, 3.75],
			"to": [14, 13.25, 4.75],
			"rotation": {"angle": 0, "axis": "y", "origin": [13.5, 10, 6]},
			"faces": {
				"north": {"uv": [9, 8, 10, 10], "texture": "#0"},
				"east": {"uv": [2, 10, 3, 12], "texture": "#0"},
				"south": {"uv": [2, 6, 3, 8], "texture": "#0"},
				"west": {"uv": [4, 9, 5, 11], "texture": "#0"},
				"up": {"uv": [5, 6, 4, 5], "texture": "#0"},
				"down": {"uv": [13, 6, 12, 7], "texture": "#0"}
			}
		},
		{
			"from": [12.5, 8.7591, 1.15643],
			"to": [14.5, 9.7591, 4.15643],
			"rotation": {"angle": -45, "axis": "x", "origin": [13.5, 10, 6]},
			"faces": {
				"north": {"uv": [8, 9, 10, 10], "texture": "#0"},
				"east": {"uv": [9, 6, 12, 7], "texture": "#0"},
				"south": {"uv": [9, 8, 11, 9], "texture": "#0"},
				"west": {"uv": [9, 7, 12, 8], "texture": "#0"},
				"up": {"uv": [5, 12, 3, 9], "texture": "#0"},
				"down": {"uv": [11, 3, 9, 6], "texture": "#0"}
			}
		},
		{
			"from": [11, 9, 6],
			"to": [14, 12, 9],
			"rotation": {"angle": 0, "axis": "y", "origin": [12, 9, 6]},
			"faces": {
				"north": {"uv": [10, 3, 13, 6], "texture": "#0"},
				"east": {"uv": [13, 3, 16, 6], "texture": "#0"},
				"south": {"uv": [5, 7, 8, 10], "texture": "#0"},
				"west": {"uv": [13, 9, 16, 12], "texture": "#0"},
				"up": {"uv": [9, 7, 12, 10], "texture": "#0"},
				"down": {"uv": [2, 11, 5, 14], "texture": "#0"}
			}
		},
		{
			"from": [10, 8, 9],
			"to": [13, 11, 12],
			"rotation": {"angle": 0, "axis": "y", "origin": [11, 8, 9]},
			"faces": {
				"north": {"uv": [1, 10, 4, 13], "texture": "#0"},
				"east": {"uv": [5, 9, 8, 12], "texture": "#0"},
				"south": {"uv": [4, 6, 7, 9], "texture": "#0"},
				"west": {"uv": [7, 1, 10, 4], "texture": "#0"},
				"up": {"uv": [8, 6, 11, 9], "texture": "#0"},
				"down": {"uv": [11, 4, 14, 7], "texture": "#0"}
			}
		},
		{
			"from": [8, 6, 11],
			"to": [11, 9, 14],
			"rotation": {"angle": 0, "axis": "y", "origin": [9, 6, 11]},
			"faces": {
				"north": {"uv": [0, 0, 3, 3], "texture": "#0"},
				"east": {"uv": [11, 0, 14, 3], "texture": "#0"},
				"south": {"uv": [6, 0, 9, 3], "texture": "#0"},
				"west": {"uv": [0, 9, 3, 12], "texture": "#0"},
				"up": {"uv": [2, 4, 5, 7], "texture": "#0"},
				"down": {"uv": [12, 4, 15, 7], "texture": "#0"}
			}
		},
		{
			"from": [7, 3, 12],
			"to": [10, 6, 15],
			"rotation": {"angle": 0, "axis": "y", "origin": [8, 3, 12]},
			"faces": {
				"north": {"uv": [5, 5, 8, 8], "texture": "#0"},
				"east": {"uv": [6, 2, 9, 5], "texture": "#0"},
				"south": {"uv": [0, 5, 3, 8], "texture": "#0"},
				"west": {"uv": [10, 6, 13, 9], "texture": "#0"},
				"up": {"uv": [4, 9, 7, 12], "texture": "#0"},
				"down": {"uv": [11, 1, 14, 4], "texture": "#0"}
			}
		},
		{
			"from": [9, 1, 11.5],
			"to": [12, 4, 14.5],
			"rotation": {"angle": 0, "axis": "y", "origin": [10, 1, 10]},
			"faces": {
				"north": {"uv": [7, 9, 10, 12], "texture": "#0"},
				"east": {"uv": [11, 8, 14, 11], "texture": "#0"},
				"south": {"uv": [2, 6, 5, 9], "texture": "#0"},
				"west": {"uv": [9, 2, 12, 5], "texture": "#0"},
				"up": {"uv": [6, 5, 9, 8], "texture": "#0"},
				"down": {"uv": [12, 3, 15, 6], "texture": "#0"}
			}
		},
		{
			"from": [11, 0, 10],
			"to": [14, 3, 13],
			"rotation": {"angle": 0, "axis": "y", "origin": [11, 0, 10]},
			"faces": {
				"north": {"uv": [4, 10, 7, 13], "texture": "#0"},
				"east": {"uv": [8, 7, 11, 10], "texture": "#0"},
				"south": {"uv": [5, 6, 8, 9], "texture": "#0"},
				"west": {"uv": [6, 4, 9, 7], "texture": "#0"},
				"up": {"uv": [2, 7, 5, 10], "texture": "#0"},
				"down": {"uv": [10, 2, 13, 5], "texture": "#0"}
			}
		},
		{
			"from": [13, 0, 8],
			"to": [15, 2, 10],
			"rotation": {"angle": 0, "axis": "y", "origin": [13, 0, 7]},
			"faces": {
				"north": {"uv": [12, 4, 14, 6], "texture": "#0"},
				"east": {"uv": [14, 4, 16, 6], "texture": "#0"},
				"south": {"uv": [12, 2, 14, 4], "texture": "#0"},
				"west": {"uv": [14, 2, 16, 4], "texture": "#0"},
				"up": {"uv": [12, 0, 14, 2], "texture": "#0"},
				"down": {"uv": [14, 0, 16, 2], "texture": "#0"}
			}
		},
		{
			"from": [12, 0.5, 6],
			"to": [14, 2.5, 8],
			"rotation": {"angle": 0, "axis": "y", "origin": [12, 1, 5]},
			"faces": {
				"north": {"uv": [11, 2, 13, 4], "texture": "#0"},
				"east": {"uv": [3, 4, 5, 6], "texture": "#0"},
				"south": {"uv": [6, 3, 8, 5], "texture": "#0"},
				"west": {"uv": [9, 4, 11, 6], "texture": "#0"},
				"up": {"uv": [2, 7, 4, 9], "texture": "#0"},
				"down": {"uv": [10, 6, 12, 8], "texture": "#0"}
			}
		},
		{
			"from": [10, 0, 4.5],
			"to": [12, 2, 6.5],
			"rotation": {"angle": 0, "axis": "y", "origin": [10, 0, 4]},
			"faces": {
				"north": {"uv": [3, 11, 5, 13], "texture": "#0"},
				"east": {"uv": [7, 4, 9, 6], "texture": "#0"},
				"south": {"uv": [3, 8, 5, 10], "texture": "#0"},
				"west": {"uv": [9, 2, 11, 4], "texture": "#0"},
				"up": {"uv": [6, 8, 8, 10], "texture": "#0"},
				"down": {"uv": [11, 7, 13, 9], "texture": "#0"}
			}
		},
		{
			"from": [8, 0.5, 4],
			"to": [10, 2.5, 6],
			"rotation": {"angle": 0, "axis": "y", "origin": [8, 1, 3]},
			"faces": {
				"north": {"uv": [1, 11, 3, 13], "texture": "#0"},
				"east": {"uv": [13, 4, 15, 6], "texture": "#0"},
				"south": {"uv": [9, 1, 11, 3], "texture": "#0"},
				"west": {"uv": [4, 4, 6, 6], "texture": "#0"},
				"up": {"uv": [1, 7, 3, 9], "texture": "#0"},
				"down": {"uv": [8, 4, 10, 6], "texture": "#0"}
			}
		},
		{
			"from": [6, 0, 5],
			"to": [8, 2, 7],
			"rotation": {"angle": 0, "axis": "y", "origin": [6, 0, 4]},
			"faces": {
				"north": {"uv": [8, 10, 10, 12], "texture": "#0"},
				"east": {"uv": [12, 9, 14, 11], "texture": "#0"},
				"south": {"uv": [4, 10, 6, 12], "texture": "#0"},
				"west": {"uv": [8, 4, 10, 6], "texture": "#0"},
				"up": {"uv": [9, 6, 11, 8], "texture": "#0"},
				"down": {"uv": [11, 3, 13, 5], "texture": "#0"}
			}
		},
		{
			"from": [5, 0, 6.5],
			"to": [6, 1, 7.5],
			"rotation": {"angle": 0, "axis": "y", "origin": [4, 0, 5]},
			"faces": {
				"north": {"uv": [0, 0, 1, 1], "texture": "#0"},
				"east": {"uv": [11, 5, 12, 6], "texture": "#0"},
				"south": {"uv": [7, 3, 8, 4], "texture": "#0"},
				"west": {"uv": [2, 5, 3, 6], "texture": "#0"},
				"up": {"uv": [5, 7, 6, 8], "texture": "#0"},
				"down": {"uv": [9, 7, 10, 8], "texture": "#0"}
			}
		}
	],
	"display": {
		"thirdperson_righthand": {
			"translation": [-3, 1, 10]
		},
		"thirdperson_lefthand": {
			"translation": [5.25, 0.5, 9.5]
		},
		"firstperson_righthand": {
			"translation": [0.25, -2.25, 0]
		},
		"firstperson_lefthand": {
			"translation": [8.75, -1.5, 2.25]
		},
		"ground": {
			"translation": [0, 16, 0],
			"scale": [4, 4, 4]
		},
		"gui": {
			"rotation": [0, -170, 0],
			"translation": [2.5, 0.75, 0]
		},
		"head": {
			"translation": [-7.5, 4, -2.75],
			"scale": [3, 3, 3]
		},
		"fixed": {
			"rotation": [-90, 0, 0],
			"translation": [-7.75, -7.5, -30.25],
			"scale": [4, 4, 4]
		},
		"on_shelf": {
			"rotation": [0, -180, 0],
			"translation": [2.5, 0, 5.25],
			"scale": [1.5, 1.5, 1.5]
		}
	},
	"groups": [
		{
			"name": "Head",
			"origin": [8, 8, 8],
			"color": 0,
			"children": [0, 1, 2, 3, 4]
		},
		5,
		6,
		7,
		8,
		9,
		10,
		11,
		12,
		13,
		14,
		15,
		16
	]
}