{
	"parent": "siteb:item/paintings/template",
	"textures": {
		"back": "item/paintings/1x2/back"
	},
	"display": {
		"thirdperson_righthand": {
			"rotation": [0, 90, 0],
			"translation": [0, 2, -2.75],
			"scale": [0.28, 0.28, 0.28]
		},
		"thirdperson_lefthand": {
			"rotation": [0, 90, 0],
			"translation": [0, 2, -2.75],
			"scale": [0.28, 0.28, 0.28]
		},
		"firstperson_righthand": {
			"rotation": [0, 180, 0],
			"translation": [-1.5, 2.5, 0],
			"scale": [0.3, 0.3, 0.3]
		},
		"firstperson_lefthand": {
			"rotation": [0, -180, 0],
			"translation": [3.25, 2.5, 0],
			"scale": [0.3, 0.3, 0.3]
		},
		"ground": {
			"translation": [3, 4, 0],
			"scale": [0.43, 0.43, 0.43]
		},
		"gui": {
			"rotation": [0, 180, 0],
			"translation": [-3.5, 0, 0],
			"scale": [0.45, 0.45, 0.45]
		},
		"head": {
			"rotation": [90, 0, 0],
			"translation": [8, 6.5, 0]
		},
		"fixed": {
			"translation": [32, 0, 0],
			"scale": [2, 2, 2]
		},
		"on_shelf": {
			"rotation": [0, 180, 0],
			"scale": [0.45, 0.45, 0.45]
		}
	}
}