{
	"credit": "Made by Nog's Menagerie",
	"texture_size": [32, 32],
	"render_type": "minecraft:cutout",
	"textures": {
		"0": "item/plushies/plushie_yoga_texture",
		"particle": "item/plushies/plushie_yoga_texture"
	},
	"elements": [
		{
			"name": "torso",
			"from": [5.5, 0, 7.25],
			"to": [10.5, 6, 11.25],
			"rotation": {"angle": 0, "axis": "y", "origin": [8, 2.0045, 8.85355]},
			"faces": {
				"north": {"uv": [7, 0, 9.5, 3], "texture": "#0"},
				"east": {"uv": [7, 6, 9, 9], "texture": "#0"},
				"south": {"uv": [7, 3, 9.5, 6], "texture": "#0"},
				"west": {"uv": [3.5, 9, 5.5, 12], "texture": "#0"},
				"up": {"uv": [8, 11, 5.5, 9], "texture": "#0"},
				"down": {"uv": [11.5, 6, 9, 8], "texture": "#0"}
			}
		},
		{
			"name": "head",
			"from": [4.5, 4.6, 4.85],
			"to": [11.5, 10.6, 11.85],
			"rotation": {"angle": -22.5, "axis": "x", "origin": [8, 7.75, 8.25]},
			"faces": {
				"north": {"uv": [3.5, 0, 7, 3], "texture": "#0"},
				"east": {"uv": [3.5, 3, 7, 6], "texture": "#0"},
				"south": {"uv": [3.5, 6, 7, 9], "texture": "#0"},
				"west": {"uv": [0, 7, 3.5, 10], "texture": "#0"},
				"up": {"uv": [3.5, 3.5, 0, 0], "texture": "#0"},
				"down": {"uv": [3.5, 3.5, 0, 7], "texture": "#0"}
			}
		},
		{
			"name": "head",
			"from": [1.5, 6.6, 7.85],
			"to": [4.5, 9.6, 8.85],
			"rotation": {"angle": -22.5, "axis": "x", "origin": [8, 7.75, 8.25]},
			"faces": {
				"north": {"uv": [8, 9, 9.5, 10.5], "texture": "#0"},
				"east": {"uv": [3.5, 12, 4, 13.5], "texture": "#0"},
				"south": {"uv": [9.5, 0, 11, 1.5], "texture": "#0"},
				"west": {"uv": [4, 12, 4.5, 13.5], "texture": "#0"},
				"up": {"uv": [11, 6, 9.5, 5.5], "texture": "#0"},
				"down": {"uv": [13.5, 3, 12, 3.5], "texture": "#0"}
			}
		},
		{
			"name": "head",
			"from": [0.5, 8.6, 7.85],
			"to": [1.5, 9.6, 8.85],
			"rotation": {"angle": -22.5, "axis": "x", "origin": [8, 7.75, 8.25]},
			"faces": {
				"north": {"uv": [11, 5.5, 11.5, 6], "texture": "#0"},
				"east": {"uv": [12.5, 5.5, 13, 6], "texture": "#0"},
				"south": {"uv": [6, 12.5, 6.5, 13], "texture": "#0"},
				"west": {"uv": [12.5, 6, 13, 6.5], "texture": "#0"},
				"up": {"uv": [7, 13, 6.5, 12.5], "texture": "#0"},
				"down": {"uv": [13, 6.5, 12.5, 7], "texture": "#0"}
			}
		},
		{
			"name": "head",
			"from": [14.5, 8.6, 7.85],
			"to": [15.5, 9.6, 8.85],
			"rotation": {"angle": -22.5, "axis": "x", "origin": [8, 7.75, 8.25]},
			"faces": {
				"north": {"uv": [7, 12.5, 7.5, 13], "texture": "#0"},
				"east": {"uv": [12.5, 7, 13, 7.5], "texture": "#0"},
				"south": {"uv": [7.5, 12.5, 8, 13], "texture": "#0"},
				"west": {"uv": [12.5, 7.5, 13, 8], "texture": "#0"},
				"up": {"uv": [8.5, 13, 8, 12.5], "texture": "#0"},
				"down": {"uv": [13, 8, 12.5, 8.5], "texture": "#0"}
			}
		},
		{
			"name": "head",
			"from": [11.5, 6.6, 7.85],
			"to": [14.5, 9.6, 8.85],
			"rotation": {"angle": -22.5, "axis": "x", "origin": [8, 7.75, 8.25]},
			"faces": {
				"north": {"uv": [9.5, 1.5, 11, 3], "texture": "#0"},
				"east": {"uv": [4.5, 12, 5, 13.5], "texture": "#0"},
				"south": {"uv": [9.5, 3, 11, 4.5], "texture": "#0"},
				"west": {"uv": [5, 12, 5.5, 13.5], "texture": "#0"},
				"up": {"uv": [8, 12.5, 6.5, 12], "texture": "#0"},
				"down": {"uv": [11, 12, 9.5, 12.5], "texture": "#0"}
			}
		},
		{
			"name": "head",
			"from": [7, 6.625, 3.85],
			"to": [9, 7.625, 4.85],
			"rotation": {"angle": -22.5, "axis": "x", "origin": [8, 8.075, 8.25]},
			"faces": {
				"north": {"uv": [12.5, 0, 13.5, 0.5], "texture": "#0"},
				"east": {"uv": [8.5, 12.5, 9, 13], "texture": "#0"},
				"south": {"uv": [12.5, 0.5, 13.5, 1], "texture": "#0"},
				"west": {"uv": [12.5, 8.5, 13, 9], "texture": "#0"},
				"up": {"uv": [13.5, 1.5, 12.5, 1], "texture": "#0"},
				"down": {"uv": [13.5, 1.5, 12.5, 2], "texture": "#0"}
			}
		},
		{
			"name": "right_arm",
			"from": [9.83187, 1.24074, 8.25],
			"to": [11.83187, 5.24074, 10.25],
			"rotation": {"angle": 45, "axis": "z", "origin": [10.83187, 3.24074, 9.25]},
			"faces": {
				"north": {"uv": [9.5, 8, 10.5, 10], "texture": "#0"},
				"east": {"uv": [0, 10, 1, 12], "texture": "#0"},
				"south": {"uv": [1, 10, 2, 12], "texture": "#0"},
				"west": {"uv": [2, 10, 3, 12], "texture": "#0"},
				"up": {"uv": [12.5, 9.5, 11.5, 8.5], "texture": "#0"},
				"down": {"uv": [12.5, 9.5, 11.5, 10.5], "texture": "#0"}
			}
		},
		{
			"name": "left_arm",
			"from": [4.16813, 1.24074, 8.25],
			"to": [6.16813, 5.24074, 10.25],
			"rotation": {"angle": -45, "axis": "z", "origin": [5.16813, 3.24074, 9.25]},
			"faces": {
				"north": {"uv": [9.5, 10, 10.5, 12], "texture": "#0"},
				"east": {"uv": [8, 10.5, 9, 12.5], "texture": "#0"},
				"south": {"uv": [10.5, 8, 11.5, 10], "texture": "#0"},
				"west": {"uv": [10.5, 10, 11.5, 12], "texture": "#0"},
				"up": {"uv": [12.5, 11.5, 11.5, 10.5], "texture": "#0"},
				"down": {"uv": [12.5, 11.5, 11.5, 12.5], "texture": "#0"}
			}
		},
		{
			"name": "sword",
			"from": [13.60484, -0.37538, 7.25],
			"to": [14.60484, 0.62462, 14.25],
			"rotation": {"angle": -45, "axis": "z", "origin": [15.60484, 4.12462, 8.75]},
			"faces": {
				"north": {"uv": [12.5, 9, 13, 9.5], "texture": "#0"},
				"east": {"uv": [9.5, 4.5, 13, 5], "texture": "#0"},
				"south": {"uv": [9.5, 12.5, 10, 13], "texture": "#0"},
				"west": {"uv": [9.5, 5, 13, 5.5], "texture": "#0"},
				"up": {"uv": [3.5, 13.5, 3, 10], "texture": "#0"},
				"down": {"uv": [9.5, 10.5, 9, 14], "texture": "#0"}
			}
		},
		{
			"name": "sword",
			"from": [11.56931, 1.71041, 6.25],
			"to": [12.56931, 3.71041, 7.25],
			"rotation": {"angle": -45, "axis": "z", "origin": [12.06931, 2.71041, 6.75]},
			"faces": {
				"north": {"uv": [9, 8, 9.5, 9], "texture": "#0"},
				"east": {"uv": [11, 12, 11.5, 13], "texture": "#0"},
				"south": {"uv": [12.5, 3.5, 13, 4.5], "texture": "#0"},
				"west": {"uv": [5.5, 12.5, 6, 13.5], "texture": "#0"},
				"up": {"uv": [13, 10, 12.5, 9.5], "texture": "#0"},
				"down": {"uv": [10.5, 12.5, 10, 13], "texture": "#0"}
			}
		},
		{
			"name": "right_leg",
			"from": [9.075, 0.01, 4.75],
			"to": [11.075, 2.01, 7.75],
			"rotation": {"angle": -22.5, "axis": "y", "origin": [8, 0.01, 5.75]},
			"faces": {
				"north": {"uv": [0, 12, 1, 13], "texture": "#0"},
				"east": {"uv": [11, 0, 12.5, 1], "texture": "#0"},
				"south": {"uv": [1, 12, 2, 13], "texture": "#0"},
				"west": {"uv": [11, 1, 12.5, 2], "texture": "#0"},
				"up": {"uv": [12, 3.5, 11, 2], "texture": "#0"},
				"down": {"uv": [6.5, 11, 5.5, 12.5], "texture": "#0"}
			}
		},
		{
			"name": "left_leg",
			"from": [4.925, 0.01, 4.75],
			"to": [6.925, 2.01, 7.75],
			"rotation": {"angle": 22.5, "axis": "y", "origin": [8, 0.01, 5.75]},
			"faces": {
				"north": {"uv": [2, 12, 3, 13], "texture": "#0"},
				"east": {"uv": [11, 3.5, 12.5, 4.5], "texture": "#0"},
				"south": {"uv": [12, 2, 13, 3], "texture": "#0"},
				"west": {"uv": [6.5, 11, 8, 12], "texture": "#0"},
				"up": {"uv": [12.5, 7, 11.5, 5.5], "texture": "#0"},
				"down": {"uv": [12.5, 7, 11.5, 8.5], "texture": "#0"}
			}
		}
	],
	"gui_light": "front",
	"display": {
		"thirdperson_righthand": {
			"rotation": [2, 138, 0],
			"translation": [0, 5.75, 1.25],
			"scale": [0.86, 0.86, 0.86]
		},
		"thirdperson_lefthand": {
			"rotation": [2, 132, 0],
			"translation": [0, 5.75, 1.25],
			"scale": [0.86, 0.86, 0.86]
		},
		"firstperson_righthand": {
			"rotation": [0, 109, 5],
			"translation": [1.75, 7, 0],
			"scale": [0.92, 0.92, 0.92]
		},
		"firstperson_lefthand": {
			"rotation": [0, 109, 5],
			"translation": [1.75, 7, 0],
			"scale": [0.92, 0.92, 0.92]
		},
		"ground": {
			"translation": [0, 3.5, 0],
			"scale": [0.65, 0.65, 0.65]
		},
		"gui": {
			"rotation": [25, 151, 0],
			"translation": [0.25, 4, 0],
			"scale": [0.93, 0.93, 0.93]
		},
		"head": {
			"translation": [0, 14.4, 0]
		},
		"fixed": {
			"rotation": [-90, 0, 0],
			"translation": [0, 0, -13.75],
			"scale": [1.7, 1.7, 1.7]
		}
	},
	"groups": [
		{
			"name": "base",
			"origin": [8, 8, 8],
			"color": 0,
			"children": [
				0,
				{
					"name": "group",
					"origin": [8, 7.5, 8.25],
					"color": 0,
					"children": [1, 2, 3, 4, 5, 6]
				},
				{
					"name": "group",
					"origin": [8, 0.01, 6.25],
					"color": 0,
					"children": [7, 8, 9, 10]
				},
				{
					"name": "group",
					"origin": [2.69325, 1.97297, 9.25],
					"color": 0,
					"children": [11, 12]
				}
			]
		}
	]
}