{
	"credit": "Made by Nog's Menagerie",
	"texture_size": [32, 32],
	"render_type": "minecraft:cutout",
	"textures": {
		"0": "item/plushies/plushie_donkey",
		"particle": "item/plushies/plushie_donkey"
	},
	"elements": [
		{
			"name": "head",
			"from": [6.5, 2.06453, 2.41582],
			"to": [9.5, 6.06453, 6.41582],
			"rotation": {"angle": -22.5, "axis": "x", "origin": [8, 6.06453, 4.41582]},
			"faces": {
				"north": {"uv": [4, 9.5, 5.5, 11.5], "texture": "#0"},
				"east": {"uv": [9, 0, 11, 2], "texture": "#0"},
				"south": {"uv": [5.5, 9.5, 7, 11.5], "texture": "#0"},
				"west": {"uv": [9, 2, 11, 4], "texture": "#0"},
				"up": {"uv": [8.5, 11.5, 7, 9.5], "texture": "#0"},
				"down": {"uv": [10, 9.5, 8.5, 11.5], "texture": "#0"}
			}
		},
		{
			"name": "head",
			"from": [5.5, 6.06453, 2.41582],
			"to": [10.5, 10.06453, 6.41582],
			"rotation": {"angle": -22.5, "axis": "x", "origin": [8, 6.06453, 4.41582]},
			"faces": {
				"north": {"uv": [0, 7.5, 2.5, 9.5], "texture": "#0"},
				"east": {"uv": [0, 9.5, 2, 11.5], "texture": "#0"},
				"south": {"uv": [2.5, 7.5, 5, 9.5], "texture": "#0"},
				"west": {"uv": [2, 9.5, 4, 11.5], "texture": "#0"},
				"up": {"uv": [7.5, 9.5, 5, 7.5], "texture": "#0"},
				"down": {"uv": [10, 7.5, 7.5, 9.5], "texture": "#0"}
			}
		},
		{
			"name": "head",
			"from": [8.5, 10.06453, 5.41582],
			"to": [10.5, 13.06453, 6.41582],
			"rotation": {"angle": -22.5, "axis": "x", "origin": [8, 6.06453, 4.41582]},
			"faces": {
				"north": {"uv": [12.5, 1, 13.5, 2.5], "texture": "#0"},
				"east": {"uv": [11, 13, 11.5, 14.5], "texture": "#0"},
				"south": {"uv": [2, 12.5, 3, 14], "texture": "#0"},
				"west": {"uv": [11.5, 13, 12, 14.5], "texture": "#0"},
				"up": {"uv": [14, 4, 13, 3.5], "texture": "#0"},
				"down": {"uv": [14, 13, 13, 13.5], "texture": "#0"}
			}
		},
		{
			"name": "head",
			"from": [5.5, 10.06453, 5.41582],
			"to": [7.5, 13.06453, 6.41582],
			"rotation": {"angle": -22.5, "axis": "x", "origin": [8, 6.06453, 4.41582]},
			"faces": {
				"north": {"uv": [3, 12.5, 4, 14], "texture": "#0"},
				"east": {"uv": [12, 13, 12.5, 14.5], "texture": "#0"},
				"south": {"uv": [4, 12.5, 5, 14], "texture": "#0"},
				"west": {"uv": [12.5, 13, 13, 14.5], "texture": "#0"},
				"up": {"uv": [1, 14, 0, 13.5], "texture": "#0"},
				"down": {"uv": [2, 13.5, 1, 14], "texture": "#0"}
			}
		},
		{
			"name": "head",
			"from": [6.5, 6.06453, -0.58418],
			"to": [9.5, 10.06453, 2.41582],
			"rotation": {"angle": -22.5, "axis": "x", "origin": [8, 6.06453, 4.41582]},
			"faces": {
				"north": {"uv": [10, 4, 11.5, 6], "texture": "#0"},
				"east": {"uv": [10, 6, 11.5, 8], "texture": "#0"},
				"south": {"uv": [10, 8, 11.5, 10], "texture": "#0"},
				"west": {"uv": [10, 10, 11.5, 12], "texture": "#0"},
				"up": {"uv": [12.5, 1.5, 11, 0], "texture": "#0"},
				"down": {"uv": [12.5, 1.5, 11, 3], "texture": "#0"}
			}
		},
		{
			"name": "torso",
			"from": [5, 0, 4],
			"to": [11, 5, 14],
			"rotation": {"angle": 0, "axis": "y", "origin": [8, 2.0045, 5.60355]},
			"faces": {
				"north": {"uv": [6, 0, 9, 2.5], "texture": "#0"},
				"east": {"uv": [0, 5, 5, 7.5], "texture": "#0"},
				"south": {"uv": [6, 2.5, 9, 5], "texture": "#0"},
				"west": {"uv": [5, 5, 10, 7.5], "texture": "#0"},
				"up": {"uv": [3, 5, 0, 0], "texture": "#0"},
				"down": {"uv": [6, 0, 3, 5], "texture": "#0"}
			}
		},
		{
			"name": "torso",
			"from": [7, 0.08726, 14.75503],
			"to": [9, 4.08726, 14.75503],
			"rotation": {"angle": -22.5, "axis": "x", "origin": [8, 2.23726, 14.50503]},
			"faces": {
				"north": {"uv": [0, 11.5, 1, 13.5], "texture": "#0"},
				"east": {"uv": [0, 0, 0, 2], "texture": "#0"},
				"south": {"uv": [1, 11.5, 2, 13.5], "texture": "#0"},
				"west": {"uv": [0, 0, 0, 2], "texture": "#0"},
				"up": {"uv": [1, 0, 0, 0], "texture": "#0"},
				"down": {"uv": [1, 0, 0, 0], "texture": "#0"}
			}
		},
		{
			"name": "left_leg",
			"from": [10.16282, 0.009, 11.99603],
			"to": [14.16282, 2.009, 13.99603],
			"rotation": {"angle": -22.5, "axis": "y", "origin": [10.66282, 1.009, 12.99603]},
			"faces": {
				"north": {"uv": [11, 3, 13, 4], "texture": "#0"},
				"east": {"uv": [9, 4, 10, 5], "texture": "#0"},
				"south": {"uv": [2, 11.5, 4, 12.5], "texture": "#0"},
				"west": {"uv": [5, 12.5, 6, 13.5], "texture": "#0"},
				"up": {"uv": [6, 12.5, 4, 11.5], "texture": "#0"},
				"down": {"uv": [13.5, 4, 11.5, 5], "texture": "#0"}
			}
		},
		{
			"name": "left_arm",
			"from": [10.54645, 0.009, 5.43436],
			"to": [14.54645, 2.009, 7.43436],
			"rotation": {"angle": 22.5, "axis": "y", "origin": [7, 2.0045, 5.85355]},
			"faces": {
				"north": {"uv": [11.5, 5, 13.5, 6], "texture": "#0"},
				"east": {"uv": [6, 12.5, 7, 13.5], "texture": "#0"},
				"south": {"uv": [6, 11.5, 8, 12.5], "texture": "#0"},
				"west": {"uv": [7, 12.5, 8, 13.5], "texture": "#0"},
				"up": {"uv": [13.5, 7, 11.5, 6], "texture": "#0"},
				"down": {"uv": [13.5, 7, 11.5, 8], "texture": "#0"}
			}
		},
		{
			"name": "left_arm",
			"from": [1.45355, 0.009, 5.43436],
			"to": [5.45355, 2.009, 7.43436],
			"rotation": {"angle": -22.5, "axis": "y", "origin": [9, 2.0045, 5.85355]},
			"faces": {
				"north": {"uv": [8, 11.5, 10, 12.5], "texture": "#0"},
				"east": {"uv": [8, 12.5, 9, 13.5], "texture": "#0"},
				"south": {"uv": [11.5, 8, 13.5, 9], "texture": "#0"},
				"west": {"uv": [9, 12.5, 10, 13.5], "texture": "#0"},
				"up": {"uv": [13.5, 10, 11.5, 9], "texture": "#0"},
				"down": {"uv": [13.5, 10, 11.5, 11], "texture": "#0"}
			}
		},
		{
			"name": "left_leg",
			"from": [1.83718, 0.009, 11.99603],
			"to": [5.83718, 2.009, 13.99603],
			"rotation": {"angle": 22.5, "axis": "y", "origin": [5.33718, 1.009, 12.99603]},
			"faces": {
				"north": {"uv": [11.5, 11, 13.5, 12], "texture": "#0"},
				"east": {"uv": [13, 2.5, 14, 3.5], "texture": "#0"},
				"south": {"uv": [10, 12, 12, 13], "texture": "#0"},
				"west": {"uv": [10, 13, 11, 14], "texture": "#0"},
				"up": {"uv": [14, 13, 12, 12], "texture": "#0"},
				"down": {"uv": [14.5, 0, 12.5, 1], "texture": "#0"}
			}
		}
	],
	"display": {
		"thirdperson_righthand": {
			"rotation": [2, 138, 0],
			"translation": [0, 5.75, 1.25],
			"scale": [0.86, 0.86, 0.86]
		},
		"thirdperson_lefthand": {
			"rotation": [2, 132, 0],
			"translation": [0, 5.75, 1.25],
			"scale": [0.86, 0.86, 0.86]
		},
		"firstperson_righthand": {
			"rotation": [0, 109, 5],
			"translation": [1.75, 7, 0],
			"scale": [0.92, 0.92, 0.92]
		},
		"firstperson_lefthand": {
			"rotation": [0, 109, 5],
			"translation": [1.75, 7, 0],
			"scale": [0.92, 0.92, 0.92]
		},
		"ground": {
			"translation": [0, 3.5, 0],
			"scale": [0.65, 0.65, 0.65]
		},
		"gui": {
			"rotation": [25, 151, 0],
			"translation": [0.25, 4, 0],
			"scale": [0.93, 0.93, 0.93]
		},
		"head": {
			"translation": [0, 14.4, 0]
		},
		"fixed": {
			"rotation": [-90, 0, 0],
			"translation": [0, 0, -13.75],
			"scale": [1.7, 1.7, 1.7]
		}
	},
	"groups": [
		{
			"name": "nm_plushie_donkey",
			"origin": [8, 8, 8],
			"color": 0,
			"children": [0, 1, 2, 3, 4, 5, 6, 7, 8, 9, 10]
		}
	]
}