{
	"format_version": "1.21.6",
	"credit": "Made with Blockbench",
	"texture_size": [256, 256],
	"textures": {
		"1": "item/paintings/3x3/template/boarder_painting",
		"2": "item/paintings/misc/livi_stuffs/bruni_discord",
		"particle": "item/paintings/misc/livi_stuffs/bruni_discord"
	},
	"elements": [
		{
			"from": [8, -16, -16],
			"to": [9, 32, 32],
			"rotation": {"angle": 0, "axis": "y", "origin": [8.5, 8, 8]},
			"faces": {
				"north": {"uv": [3.0625, 3, 3.125, 13], "texture": "#1"},
				"east": {"uv": [12.1875, 12.625, 12.5, 12.9375], "texture": "#1"},
				"south": {"uv": [3.0625, 3, 3.125, 13], "texture": "#1"},
				"west": {"uv": [0, 0, 16, 16], "texture": "#2"},
				"up": {"uv": [3.125, 3, 3.1875, 13], "texture": "#1"},
				"down": {"uv": [3.125, 13, 3.1875, 3], "texture": "#1"}
			}
		}
	],
	"display": {
		"thirdperson_righthand": {
			"scale": [0.22, 0.22, 0.22]
		},
		"thirdperson_lefthand": {
			"scale": [0.22, 0.22, 0.22]
		},
		"firstperson_righthand": {
			"rotation": [0, 90, 0],
			"translation": [1.75, 4.25, 0],
			"scale": [0.17, 0.17, 0.17]
		},
		"firstperson_lefthand": {
			"rotation": [0, -90, 0],
			"translation": [1.75, 4.25, 0],
			"scale": [0.17, 0.17, 0.17]
		},
		"ground": {
			"translation": [0, 3, 0],
			"scale": [0.16, 0.16, 0.16]
		},
		"gui": {
			"rotation": [0, 90, 0],
			"scale": [0.25, 0.25, 0.25]
		},
		"head": {
			"rotation": [0, -90, -90],
			"translation": [0, 7.5, 0],
			"scale": [1, 0.67, 0.67]
		},
		"fixed": {
			"rotation": [0, -90, 0],
			"translation": [0, 0, -1],
			"scale": [1, 0.67, 0.67]
		},
		"on_shelf": {
			"rotation": [0, 90, 0],
			"translation": [1, 0, 0],
			"scale": [0.28, 0.28, 0.28]
		}
	},
	"groups": [
		{
			"name": "group",
			"origin": [8, 8, 8],
			"color": 0,
			"children": [0]
		}
	]
}