{
	"format_version": "1.21.6",
	"credit": "Made with Blockbench",
	"parent": "item/paintings/template",
	"textures": {
		"back": "item/paintings/1x1/back"
	},
	"display": {
		"thirdperson_righthand": {
			"rotation": [-180, 0, -180],
			"translation": [0, 2, -0.5],
			"scale": [0.5, 0.5, 0.5]
		},
		"thirdperson_lefthand": {
			"rotation": [-180, 0, -180],
			"translation": [0, 2, -0.5],
			"scale": [0.5, 0.5, 0.5]
		},
		"firstperson_righthand": {
			"rotation": [-180, 30, -160],
			"translation": [8, -4, -8],
			"scale": [0.75, 0.75, 0.75]
		},
		"firstperson_lefthand": {
			"rotation": [0, 150, 20],
			"translation": [8, -4, -8],
			"scale": [0.75, 0.75, 0.75]
		},
		"ground": {
			"translation": [0, 2, 0],
			"scale": [0.5, 0.5, 0.5]
		},
		"gui": {
			"rotation": [-180, 0, -180]
		},
		"head": {
			"translation": [0, 12.4, 0],
			"scale": [0.75, 0.75, 0.75]
		},
		"fixed": {
			"scale": [2, 2, 2]
		},
		"on_shelf": {
			"rotation": [0, -180, 0],
			"translation": [0, 0, -4]
		}
	}
}