{
	"format_version": "1.21.6",
	"credit": "Made with Blockbench",
	"texture_size": [8, 8],
	"textures": {
		"7": "item/weapons/mace/ban_hammer/ban__hammer_texture_8",
		"10": "item/weapons/mace/ban_hammer/ban__hammer_texture_1",
		"11": "item/weapons/mace/ban_hammer/ban__hammer_texture_2",
		"12": "item/weapons/mace/ban_hammer/ban__hammer_texture_3",
		"13": "item/weapons/mace/ban_hammer/ban__hammer_texture_4",
		"14": "item/weapons/mace/ban_hammer/ban__hammer_texture_5",
		"15": "item/weapons/mace/ban_hammer/ban__hammer_texture_6",
		"16": "item/weapons/mace/ban_hammer/ban__hammer_texture_7",
		"particle": "item/weapons/mace/ban_hammer/ban__hammer_texture_8"
	},
	"elements": [
		{
			"from": [7, 0, 7],
			"to": [8, 1, 8],
			"rotation": {"angle": -45, "axis": "x", "origin": [7.5, 0.5, 7.5]},
			"faces": {
				"north": {"uv": [12, 0, 8, 4], "rotation": 180, "texture": "#10"},
				"east": {"uv": [0, 4, 4, 8], "rotation": 270, "texture": "#10"},
				"south": {"uv": [4, 12, 0, 8], "texture": "#10"},
				"west": {"uv": [0, 4, 4, 8], "rotation": 90, "texture": "#10"},
				"up": {"uv": [0, 0, 4, 4], "rotation": 180, "texture": "#10"},
				"down": {"uv": [4, 0, 8, 4], "texture": "#10"}
			}
		},
		{
			"from": [6.5, 5.5, 5.65],
			"to": [8.5, 7.5, 9.35],
			"rotation": {"angle": 0, "axis": "y", "origin": [7.5, 6.5, 7.4]},
			"faces": {
				"north": {"uv": [0, 0, 4, 4], "texture": "#13"},
				"east": {"uv": [0, 4, 8, 8], "texture": "#13"},
				"south": {"uv": [4, 0, 8, 4], "texture": "#13"},
				"west": {"uv": [8, 8, 16, 12], "texture": "#13"},
				"up": {"uv": [12, 4, 8, 0], "texture": "#13"},
				"down": {"uv": [12, 0, 8, 4], "texture": "#13"}
			}
		},
		{
			"from": [6.35, 5.35, 9.55],
			"to": [8.65, 7.65, 10.3],
			"rotation": {"angle": 0, "axis": "y", "origin": [7.55, 5.55, 10.55]},
			"faces": {
				"north": {"uv": [0, 6, 4.5, 10.5], "texture": "#14"},
				"east": {"uv": [6, 6, 7.5, 10.5], "texture": "#14"},
				"south": {"uv": [0, 0, 4.5, 4.5], "texture": "#14"},
				"west": {"uv": [7.5, 6, 6, 10.5], "texture": "#14"},
				"up": {"uv": [12.5, 0, 8, 1.5], "texture": "#14"},
				"down": {"uv": [12.5, 1.5, 8, 0], "texture": "#14"}
			}
		},
		{
			"from": [6.85, 5.85, 9.3],
			"to": [8.15, 7.15, 9.55],
			"rotation": {"angle": 0, "axis": "y", "origin": [7.55, 5.55, 9.8]},
			"faces": {
				"north": {"uv": [0, 0, 2.5, 2.5], "texture": "#16"},
				"east": {"uv": [4, 0, 4.5, 2.5], "texture": "#16"},
				"south": {"uv": [0, 4, 2.5, 6.5], "texture": "#16"},
				"west": {"uv": [4, 4, 4.5, 6.5], "texture": "#16"},
				"up": {"uv": [8.5, 0.5, 6, 0], "texture": "#16"},
				"down": {"uv": [8.5, 2, 6, 2.5], "texture": "#16"}
			}
		},
		{
			"from": [6.85, 5.85, 5.45],
			"to": [8.15, 7.15, 5.7],
			"rotation": {"angle": 0, "axis": "y", "origin": [7.55, 5.55, 5.95]},
			"faces": {
				"north": {"uv": [0, 0, 2.5, 2.5], "texture": "#16"},
				"east": {"uv": [4, 0, 4.5, 2.5], "texture": "#16"},
				"south": {"uv": [0, 4, 2.5, 6.5], "texture": "#16"},
				"west": {"uv": [4, 4, 4.5, 6.5], "texture": "#16"},
				"up": {"uv": [8.5, 0.5, 6, 0], "texture": "#16"},
				"down": {"uv": [8.5, 2, 6, 2.5], "texture": "#16"}
			}
		},
		{
			"from": [6.35, 5.35, 4.7],
			"to": [8.65, 7.65, 5.45],
			"rotation": {"angle": 0, "axis": "y", "origin": [7.55, 5.55, 5.7]},
			"faces": {
				"north": {"uv": [0, 0, 4.5, 4.5], "texture": "#14"},
				"east": {"uv": [7.5, 6, 6, 10.5], "texture": "#14"},
				"south": {"uv": [0, 6, 4.5, 10.5], "texture": "#14"},
				"west": {"uv": [6, 6, 7.5, 10.5], "texture": "#14"},
				"up": {"uv": [12.5, 1.5, 8, 0], "texture": "#14"},
				"down": {"uv": [12.5, 0, 8, 1.5], "texture": "#14"}
			}
		},
		{
			"from": [7.125, 0.5, 7.125],
			"to": [7.875, 1.5, 7.875],
			"rotation": {"angle": 0, "axis": "y", "origin": [7.125, 0.5, 7.125]},
			"faces": {
				"north": {"uv": [0, 4, 3, 8], "texture": "#11"},
				"east": {"uv": [0, 4, 3, 8], "texture": "#11"},
				"south": {"uv": [0, 4, 3, 8], "texture": "#11"},
				"west": {"uv": [0, 4, 3, 8], "texture": "#11"},
				"up": {"uv": [3, 11, 0, 8], "texture": "#11"},
				"down": {"uv": [11, 0, 8, 3], "texture": "#11"}
			}
		},
		{
			"from": [7.125, 4.5, 7.125],
			"to": [7.875, 5.5, 7.875],
			"rotation": {"angle": 0, "axis": "y", "origin": [7.125, 4.5, 7.125]},
			"faces": {
				"north": {"uv": [0, 4, 3, 8], "texture": "#11"},
				"east": {"uv": [0, 4, 3, 8], "texture": "#11"},
				"south": {"uv": [0, 4, 3, 8], "texture": "#11"},
				"west": {"uv": [0, 4, 3, 8], "texture": "#11"},
				"up": {"uv": [3, 11, 0, 8], "texture": "#11"},
				"down": {"uv": [3, 8, 0, 11], "texture": "#11"}
			}
		},
		{
			"from": [7.25, 1.5, 7.25],
			"to": [7.75, 4.5, 7.75],
			"rotation": {"angle": 0, "axis": "y", "origin": [7.25, 1.5, 7.25]},
			"faces": {
				"north": {"uv": [0, 0, 1, 6], "texture": "#12"},
				"east": {"uv": [2, 0, 3, 6], "texture": "#12"},
				"south": {"uv": [4, 0, 5, 6], "texture": "#12"},
				"west": {"uv": [0, 6, 1, 12], "texture": "#12"},
				"up": {"uv": [7, 1, 6, 0], "texture": "#missing"},
				"down": {"uv": [3, 6, 2, 7], "texture": "#missing"}
			}
		},
		{
			"from": [7.25, 7.4, 7.25],
			"to": [7.75, 7.9, 7.75],
			"rotation": {"angle": -45, "axis": "x", "origin": [7.5, 7.65, 7.5]},
			"faces": {
				"north": {"uv": [4, 0, 6, 2], "texture": "#15"},
				"east": {"uv": [0, 4, 2, 6], "texture": "#15"},
				"south": {"uv": [4, 0, 6, 2], "texture": "#15"},
				"west": {"uv": [4, 4, 6, 6], "texture": "#15"},
				"up": {"uv": [2, 10, 0, 8], "texture": "#15"},
				"down": {"uv": [6, 0, 4, 2], "texture": "#15"}
			}
		},
		{
			"from": [8.5, 5.8, 9],
			"to": [8.75, 7.3, 9.25],
			"rotation": {"angle": 0, "axis": "y", "origin": [8.5, 5.8, 9.25]},
			"faces": {
				"north": {"uv": [8, 4, 8, 6], "texture": "#7"},
				"east": {"uv": [8, 4, 8, 6], "texture": "#7"},
				"south": {"uv": [8, 4, 8, 6], "texture": "#7"},
				"west": {"uv": [8, 4, 8, 6], "texture": "#7"},
				"up": {"uv": [8, 4, 8, 4], "texture": "#7"},
				"down": {"uv": [8, 4, 8, 4], "texture": "#7"}
			}
		},
		{
			"from": [8.5, 5.8, 6.5],
			"to": [8.75, 7.3, 6.75],
			"rotation": {"angle": 0, "axis": "y", "origin": [8.5, 5.8, 6.75]},
			"faces": {
				"north": {"uv": [8, 4, 8, 6], "texture": "#7"},
				"east": {"uv": [8, 4, 8, 6], "texture": "#7"},
				"south": {"uv": [8, 4, 8, 6], "texture": "#7"},
				"west": {"uv": [8, 4, 8, 6], "texture": "#7"},
				"up": {"uv": [8, 4, 8, 4], "texture": "#7"},
				"down": {"uv": [8, 4, 8, 4], "texture": "#7"}
			}
		},
		{
			"from": [8.5, 6.8, 6.25],
			"to": [8.75, 7.05, 6.5],
			"rotation": {"angle": 0, "axis": "y", "origin": [8.5, 6.8, 6.45]},
			"faces": {
				"north": {"uv": [8, 4, 8, 4], "texture": "#7"},
				"east": {"uv": [8, 4, 8, 4], "texture": "#7"},
				"south": {"uv": [8, 4, 8, 4], "texture": "#7"},
				"west": {"uv": [8, 4, 8, 4], "texture": "#7"},
				"up": {"uv": [8, 4, 8, 4], "texture": "#7"},
				"down": {"uv": [8, 4, 8, 4], "texture": "#7"}
			}
		},
		{
			"from": [8.5, 6.55, 6.15],
			"to": [8.75, 6.8, 6.4],
			"rotation": {"angle": 0, "axis": "y", "origin": [8.5, 6.5, 6.35]},
			"faces": {
				"north": {"uv": [8, 4, 8, 4], "texture": "#7"},
				"east": {"uv": [8, 4, 8, 4], "texture": "#7"},
				"south": {"uv": [8, 4, 8, 4], "texture": "#7"},
				"west": {"uv": [8, 4, 8, 4], "texture": "#7"},
				"up": {"uv": [8, 4, 8, 4], "texture": "#7"},
				"down": {"uv": [8, 4, 8, 4], "texture": "#7"}
			}
		},
		{
			"from": [8.5, 6.3, 6.05],
			"to": [8.75, 6.55, 6.3],
			"rotation": {"angle": 0, "axis": "y", "origin": [8.5, 6.2, 6.25]},
			"faces": {
				"north": {"uv": [8, 4, 8, 4], "texture": "#7"},
				"east": {"uv": [8, 4, 8, 4], "texture": "#7"},
				"south": {"uv": [8, 4, 8, 4], "texture": "#7"},
				"west": {"uv": [8, 4, 8, 4], "texture": "#7"},
				"up": {"uv": [8, 4, 8, 4], "texture": "#7"},
				"down": {"uv": [8, 4, 8, 4], "texture": "#7"}
			}
		},
		{
			"from": [8.5, 6.05, 5.95],
			"to": [8.75, 6.3, 6.2],
			"rotation": {"angle": 0, "axis": "y", "origin": [8.5, 5.9, 6.15]},
			"faces": {
				"north": {"uv": [8, 4, 8, 4], "texture": "#7"},
				"east": {"uv": [8, 4, 8, 4], "texture": "#7"},
				"south": {"uv": [8, 4, 8, 4], "texture": "#7"},
				"west": {"uv": [8, 4, 8, 4], "texture": "#7"},
				"up": {"uv": [8, 4, 8, 4], "texture": "#7"},
				"down": {"uv": [8, 4, 8, 4], "texture": "#7"}
			}
		},
		{
			"from": [6.25, 5.8, 9],
			"to": [6.5, 7.3, 9.25],
			"rotation": {"angle": 0, "axis": "y", "origin": [6.4, 5.8, 9.25]},
			"faces": {
				"north": {"uv": [8, 4, 8, 6], "texture": "#7"},
				"east": {"uv": [8, 4, 8, 6], "texture": "#7"},
				"south": {"uv": [8, 4, 8, 6], "texture": "#7"},
				"west": {"uv": [8, 4, 8, 6], "texture": "#7"},
				"up": {"uv": [8, 4, 8, 4], "texture": "#7"},
				"down": {"uv": [8, 4, 8, 4], "texture": "#7"}
			}
		},
		{
			"from": [6.25, 6.8, 8.4],
			"to": [6.5, 7.05, 8.65],
			"rotation": {"angle": 0, "axis": "y", "origin": [6.4, 6.8, 8.65]},
			"faces": {
				"north": {"uv": [8, 4, 8, 4], "texture": "#7"},
				"east": {"uv": [8, 4, 8, 4], "texture": "#7"},
				"south": {"uv": [8, 4, 8, 4], "texture": "#7"},
				"west": {"uv": [8, 4, 8, 4], "texture": "#7"},
				"up": {"uv": [8, 4, 8, 4], "texture": "#7"},
				"down": {"uv": [8, 4, 8, 4], "texture": "#7"}
			}
		},
		{
			"from": [6.25, 6.55, 8.55],
			"to": [6.5, 6.8, 8.8],
			"rotation": {"angle": 0, "axis": "y", "origin": [6.4, 6.5, 8.85]},
			"faces": {
				"north": {"uv": [8, 4, 8, 4], "texture": "#7"},
				"east": {"uv": [8, 4, 8, 4], "texture": "#7"},
				"south": {"uv": [8, 4, 8, 4], "texture": "#7"},
				"west": {"uv": [8, 4, 8, 4], "texture": "#7"},
				"up": {"uv": [8, 4, 8, 4], "texture": "#7"},
				"down": {"uv": [8, 4, 8, 4], "texture": "#7"}
			}
		},
		{
			"from": [6.25, 6.3, 8.65],
			"to": [6.5, 6.55, 8.9],
			"rotation": {"angle": 0, "axis": "y", "origin": [6.4, 6.2, 8.95]},
			"faces": {
				"north": {"uv": [8, 4, 8, 4], "texture": "#7"},
				"east": {"uv": [8, 4, 8, 4], "texture": "#7"},
				"south": {"uv": [8, 4, 8, 4], "texture": "#7"},
				"west": {"uv": [8, 4, 8, 4], "texture": "#7"},
				"up": {"uv": [8, 4, 8, 4], "texture": "#7"},
				"down": {"uv": [8, 4, 8, 4], "texture": "#7"}
			}
		},
		{
			"from": [6.25, 6.05, 8.75],
			"to": [6.5, 6.3, 9],
			"rotation": {"angle": 0, "axis": "y", "origin": [6.4, 5.9, 8.95]},
			"faces": {
				"north": {"uv": [8, 4, 8, 4], "texture": "#7"},
				"east": {"uv": [8, 4, 8, 4], "texture": "#7"},
				"south": {"uv": [8, 4, 8, 4], "texture": "#7"},
				"west": {"uv": [8, 4, 8, 4], "texture": "#7"},
				"up": {"uv": [8, 4, 8, 4], "texture": "#7"},
				"down": {"uv": [8, 4, 8, 4], "texture": "#7"}
			}
		},
		{
			"from": [6.25, 5.8, 8.2],
			"to": [6.5, 7.3, 8.45],
			"rotation": {"angle": 0, "axis": "y", "origin": [6.4, 5.8, 8.45]},
			"faces": {
				"north": {"uv": [8, 4, 8, 6], "texture": "#7"},
				"east": {"uv": [8, 4, 8, 6], "texture": "#7"},
				"south": {"uv": [8, 4, 8, 6], "texture": "#7"},
				"west": {"uv": [8, 4, 8, 6], "texture": "#7"},
				"up": {"uv": [8, 4, 8, 4], "texture": "#7"},
				"down": {"uv": [8, 4, 8, 4], "texture": "#7"}
			}
		},
		{
			"from": [6.25, 5.8, 7],
			"to": [6.5, 7.05, 7.25],
			"rotation": {"angle": 0, "axis": "y", "origin": [6.2, 5.8, 7.25]},
			"faces": {
				"north": {"uv": [8, 4, 8, 6], "texture": "#7"},
				"east": {"uv": [8, 4, 8, 6], "texture": "#7"},
				"south": {"uv": [8, 4, 8, 6], "texture": "#7"},
				"west": {"uv": [8, 4, 8, 6], "texture": "#7"},
				"up": {"uv": [8, 4, 8, 4], "texture": "#7"},
				"down": {"uv": [8, 4, 8, 4], "texture": "#7"}
			}
		},
		{
			"from": [6.25, 7.05, 7.25],
			"to": [6.5, 7.3, 7.9],
			"rotation": {"angle": 0, "axis": "y", "origin": [6.2, 7.05, 7.5]},
			"faces": {
				"north": {"uv": [12, 8, 12, 8], "texture": "#7"},
				"east": {"uv": [12, 8, 12, 8], "texture": "#7"},
				"south": {"uv": [12, 8, 12, 8], "texture": "#7"},
				"west": {"uv": [12, 8, 12, 8], "texture": "#7"},
				"up": {"uv": [12, 8, 12, 8], "texture": "#7"},
				"down": {"uv": [12, 8, 12, 8], "texture": "#7"}
			}
		},
		{
			"from": [6.25, 6.45, 7.25],
			"to": [6.5, 6.7, 7.9],
			"rotation": {"angle": 0, "axis": "y", "origin": [6.2, 6.45, 7.5]},
			"faces": {
				"north": {"uv": [12, 8, 12, 8], "texture": "#7"},
				"east": {"uv": [12, 8, 12, 8], "texture": "#7"},
				"south": {"uv": [12, 8, 12, 8], "texture": "#7"},
				"west": {"uv": [12, 8, 12, 8], "texture": "#7"},
				"up": {"uv": [12, 8, 12, 8], "texture": "#7"},
				"down": {"uv": [12, 8, 12, 8], "texture": "#7"}
			}
		},
		{
			"from": [6.25, 5.8, 7.9],
			"to": [6.5, 7.05, 8.15],
			"rotation": {"angle": 0, "axis": "y", "origin": [6.2, 5.8, 8.15]},
			"faces": {
				"north": {"uv": [8, 4, 8, 6], "texture": "#7"},
				"east": {"uv": [8, 4, 8, 6], "texture": "#7"},
				"south": {"uv": [8, 4, 8, 6], "texture": "#7"},
				"west": {"uv": [8, 4, 8, 6], "texture": "#7"},
				"up": {"uv": [8, 4, 8, 4], "texture": "#7"},
				"down": {"uv": [8, 4, 8, 4], "texture": "#7"}
			}
		},
		{
			"from": [6.25, 5.8, 6.05],
			"to": [6.5, 6.05, 6.8],
			"rotation": {"angle": 0, "axis": "y", "origin": [6.2, 4.75, 6.3]},
			"faces": {
				"north": {"uv": [10, 6, 10, 6], "texture": "#7"},
				"east": {"uv": [10, 6, 10, 6], "texture": "#7"},
				"south": {"uv": [10, 6, 10, 6], "texture": "#7"},
				"west": {"uv": [10, 6, 10, 6], "texture": "#7"},
				"up": {"uv": [10, 6, 10, 6], "texture": "#7"},
				"down": {"uv": [10, 6, 10, 6], "texture": "#7"}
			}
		},
		{
			"from": [6.25, 6.05, 6.7],
			"to": [6.5, 6.45, 6.95],
			"rotation": {"angle": 0, "axis": "y", "origin": [6.2, 6.1, 6.95]},
			"faces": {
				"north": {"uv": [8, 4, 8, 4], "texture": "#7"},
				"east": {"uv": [8, 4, 8, 4], "texture": "#7"},
				"south": {"uv": [8, 4, 8, 4], "texture": "#7"},
				"west": {"uv": [8, 4, 8, 4], "texture": "#7"},
				"up": {"uv": [8, 4, 8, 4], "texture": "#7"},
				"down": {"uv": [8, 4, 8, 4], "texture": "#7"}
			}
		},
		{
			"from": [6.25, 6.7, 6.7],
			"to": [6.5, 7.05, 6.95],
			"rotation": {"angle": 0, "axis": "y", "origin": [6.2, 6.8, 6.95]},
			"faces": {
				"north": {"uv": [8, 4, 8, 4], "texture": "#7"},
				"east": {"uv": [8, 4, 8, 4], "texture": "#7"},
				"south": {"uv": [8, 4, 8, 4], "texture": "#7"},
				"west": {"uv": [8, 4, 8, 4], "texture": "#7"},
				"up": {"uv": [8, 4, 8, 4], "texture": "#7"},
				"down": {"uv": [8, 4, 8, 4], "texture": "#7"}
			}
		},
		{
			"from": [6.25, 6.45, 6.05],
			"to": [6.5, 6.7, 6.8],
			"rotation": {"angle": 0, "axis": "y", "origin": [6.2, 6.45, 6.3]},
			"faces": {
				"north": {"uv": [10, 6, 10, 6], "texture": "#7"},
				"east": {"uv": [10, 6, 10, 6], "texture": "#7"},
				"south": {"uv": [10, 6, 10, 6], "texture": "#7"},
				"west": {"uv": [10, 6, 10, 6], "texture": "#7"},
				"up": {"uv": [10, 6, 10, 6], "texture": "#7"},
				"down": {"uv": [10, 6, 10, 6], "texture": "#7"}
			}
		},
		{
			"from": [6.25, 7.05, 6.05],
			"to": [6.5, 7.3, 6.8],
			"rotation": {"angle": 0, "axis": "y", "origin": [6.2, 7.05, 6.3]},
			"faces": {
				"north": {"uv": [10, 6, 10, 6], "texture": "#7"},
				"east": {"uv": [10, 6, 10, 6], "texture": "#7"},
				"south": {"uv": [10, 6, 10, 6], "texture": "#7"},
				"west": {"uv": [10, 6, 10, 6], "texture": "#7"},
				"up": {"uv": [10, 6, 10, 6], "texture": "#7"},
				"down": {"uv": [10, 6, 10, 6], "texture": "#7"}
			}
		},
		{
			"from": [6.25, 5.8, 5.8],
			"to": [6.5, 7.3, 6.05],
			"rotation": {"angle": 0, "axis": "y", "origin": [6.2, 5.8, 6.05]},
			"faces": {
				"north": {"uv": [8, 4, 8, 6], "texture": "#7"},
				"east": {"uv": [8, 4, 8, 6], "texture": "#7"},
				"south": {"uv": [8, 4, 8, 6], "texture": "#7"},
				"west": {"uv": [8, 4, 8, 6], "texture": "#7"},
				"up": {"uv": [8, 4, 8, 4], "texture": "#7"},
				"down": {"uv": [8, 4, 8, 4], "texture": "#7"}
			}
		},
		{
			"from": [8.5, 5.8, 5.7],
			"to": [8.75, 7.3, 5.95],
			"rotation": {"angle": 0, "axis": "y", "origin": [8.5, 5.8, 5.95]},
			"faces": {
				"north": {"uv": [8, 4, 8, 6], "texture": "#7"},
				"east": {"uv": [8, 4, 8, 6], "texture": "#7"},
				"south": {"uv": [8, 4, 8, 6], "texture": "#7"},
				"west": {"uv": [8, 4, 8, 6], "texture": "#7"},
				"up": {"uv": [8, 4, 8, 4], "texture": "#7"},
				"down": {"uv": [8, 4, 8, 4], "texture": "#7"}
			}
		},
		{
			"from": [8.5, 5.8, 7.7],
			"to": [8.75, 7.05, 7.95],
			"rotation": {"angle": 0, "axis": "y", "origin": [8.5, 5.8, 7.95]},
			"faces": {
				"north": {"uv": [8, 4, 8, 6], "texture": "#7"},
				"east": {"uv": [8, 4, 8, 6], "texture": "#7"},
				"south": {"uv": [8, 4, 8, 6], "texture": "#7"},
				"west": {"uv": [8, 4, 8, 6], "texture": "#7"},
				"up": {"uv": [8, 4, 8, 4], "texture": "#7"},
				"down": {"uv": [8, 4, 8, 4], "texture": "#7"}
			}
		},
		{
			"from": [8.5, 5.8, 6.8],
			"to": [8.75, 7.05, 7.05],
			"rotation": {"angle": 0, "axis": "y", "origin": [8.5, 5.8, 7.05]},
			"faces": {
				"north": {"uv": [8, 4, 8, 6], "texture": "#7"},
				"east": {"uv": [8, 4, 8, 6], "texture": "#7"},
				"south": {"uv": [8, 4, 8, 6], "texture": "#7"},
				"west": {"uv": [8, 4, 8, 6], "texture": "#7"},
				"up": {"uv": [8, 4, 8, 4], "texture": "#7"},
				"down": {"uv": [8, 4, 8, 4], "texture": "#7"}
			}
		},
		{
			"from": [8.5, 7.05, 8.25],
			"to": [8.75, 7.3, 9],
			"rotation": {"angle": 0, "axis": "y", "origin": [8.5, 7.05, 8.5]},
			"faces": {
				"north": {"uv": [10, 6, 10, 6], "texture": "#7"},
				"east": {"uv": [10, 6, 10, 6], "texture": "#7"},
				"south": {"uv": [10, 6, 10, 6], "texture": "#7"},
				"west": {"uv": [10, 6, 10, 6], "texture": "#7"},
				"up": {"uv": [10, 6, 10, 6], "texture": "#7"},
				"down": {"uv": [10, 6, 10, 6], "texture": "#7"}
			}
		},
		{
			"from": [8.5, 7.05, 7.05],
			"to": [8.75, 7.3, 7.7],
			"rotation": {"angle": 0, "axis": "y", "origin": [8.5, 7.05, 7.3]},
			"faces": {
				"north": {"uv": [12, 8, 12, 8], "texture": "#7"},
				"east": {"uv": [12, 8, 12, 8], "texture": "#7"},
				"south": {"uv": [12, 8, 12, 8], "texture": "#7"},
				"west": {"uv": [12, 8, 12, 8], "texture": "#7"},
				"up": {"uv": [12, 8, 12, 8], "texture": "#7"},
				"down": {"uv": [12, 8, 12, 8], "texture": "#7"}
			}
		},
		{
			"from": [8.5, 6.45, 7.05],
			"to": [8.75, 6.7, 7.7],
			"rotation": {"angle": 0, "axis": "y", "origin": [8.5, 6.45, 7.3]},
			"faces": {
				"north": {"uv": [12, 8, 12, 8], "texture": "#7"},
				"east": {"uv": [12, 8, 12, 8], "texture": "#7"},
				"south": {"uv": [12, 8, 12, 8], "texture": "#7"},
				"west": {"uv": [12, 8, 12, 8], "texture": "#7"},
				"up": {"uv": [12, 8, 12, 8], "texture": "#7"},
				"down": {"uv": [12, 8, 12, 8], "texture": "#7"}
			}
		},
		{
			"from": [8.5, 6.45, 8.25],
			"to": [8.75, 6.7, 9],
			"rotation": {"angle": 0, "axis": "y", "origin": [8.5, 6.45, 8.5]},
			"faces": {
				"north": {"uv": [10, 6, 10, 6], "texture": "#7"},
				"east": {"uv": [10, 6, 10, 6], "texture": "#7"},
				"south": {"uv": [10, 6, 10, 6], "texture": "#7"},
				"west": {"uv": [10, 6, 10, 6], "texture": "#7"},
				"up": {"uv": [10, 6, 10, 6], "texture": "#7"},
				"down": {"uv": [10, 6, 10, 6], "texture": "#7"}
			}
		},
		{
			"from": [8.5, 5.8, 8.25],
			"to": [8.75, 6.05, 9],
			"rotation": {"angle": 0, "axis": "y", "origin": [8.5, 4.75, 8.5]},
			"faces": {
				"north": {"uv": [10, 6, 10, 6], "texture": "#7"},
				"east": {"uv": [10, 6, 10, 6], "texture": "#7"},
				"south": {"uv": [10, 6, 10, 6], "texture": "#7"},
				"west": {"uv": [10, 6, 10, 6], "texture": "#7"},
				"up": {"uv": [10, 6, 10, 6], "texture": "#7"},
				"down": {"uv": [10, 6, 10, 6], "texture": "#7"}
			}
		},
		{
			"from": [8.5, 6.05, 8],
			"to": [8.75, 6.45, 8.25],
			"rotation": {"angle": 0, "axis": "y", "origin": [8.5, 6.1, 8.25]},
			"faces": {
				"north": {"uv": [8, 4, 8, 4], "texture": "#7"},
				"east": {"uv": [8, 4, 8, 4], "texture": "#7"},
				"south": {"uv": [8, 4, 8, 4], "texture": "#7"},
				"west": {"uv": [8, 4, 8, 4], "texture": "#7"},
				"up": {"uv": [8, 4, 8, 4], "texture": "#7"},
				"down": {"uv": [8, 4, 8, 4], "texture": "#7"}
			}
		},
		{
			"from": [8.5, 6.7, 8],
			"to": [8.75, 7.05, 8.25],
			"rotation": {"angle": 0, "axis": "y", "origin": [8.5, 6.8, 8.25]},
			"faces": {
				"north": {"uv": [8, 4, 8, 4], "texture": "#7"},
				"east": {"uv": [8, 4, 8, 4], "texture": "#7"},
				"south": {"uv": [8, 4, 8, 4], "texture": "#7"},
				"west": {"uv": [8, 4, 8, 4], "texture": "#7"},
				"up": {"uv": [8, 4, 8, 4], "texture": "#7"},
				"down": {"uv": [8, 4, 8, 4], "texture": "#7"}
			}
		}
	],
	"display": {
		"thirdperson_righthand": {
			"translation": [0.75, 13.75, 1.75],
			"scale": [2.81445, 2.81445, 2.81445]
		},
		"thirdperson_lefthand": {
			"translation": [-1.75, 13.75, 1.5],
			"scale": [2.81445, 2.81445, 2.81445]
		},
		"firstperson_righthand": {
			"rotation": [0, 16.25, 0],
			"translation": [0, 7.25, 1.5],
			"scale": [1.59766, 1.59766, 1.59766]
		},
		"firstperson_lefthand": {
			"rotation": [0, 16.75, 0],
			"translation": [-0.5, 6.75, 1],
			"scale": [1.69336, 1.69336, 1.69336]
		},
		"ground": {
			"translation": [0, 11.75, 0],
			"scale": [1.83984, 1.83984, 1.83984]
		},
		"gui": {
			"rotation": [90.25, -47, 90],
			"translation": [-8, 7.25, 0],
			"scale": [2.73242, 2.73242, 2.73242]
		},
		"fixed": {
			"rotation": [-88.37, -39.73, -88.96],
			"translation": [7.5, 8.25, 0],
			"scale": [2.94336, 2.94336, 2.94336]
		}
	},
	"groups": [
		0,
		1,
		2,
		3,
		4,
		5,
		6,
		7,
		8,
		9,
		10,
		11,
		12,
		13,
		14,
		15,
		{
			"name": "group",
			"origin": [4.3, 5.8, 5.95],
			"color": 0,
			"children": [16, 17, 18, 19, 20, 21]
		},
		22,
		23,
		24,
		25,
		26,
		27,
		28,
		29,
		30,
		31,
		32,
		33,
		34,
		35,
		36,
		37,
		38,
		39,
		40,
		41
	]
}