{
	"format_version": "1.21.6",
	"credit": "Made by Szombie",
	"texture_size": [32, 32],
	"textures": {
		"0": "item/weapons/mace/gow_mjolnir/gow_mjolnir",
		"1": "item/weapons/mace/gow_mjolnir/runes",
		"4": "item/weapons/mace/gow_mjolnir/lightning",
		"particle": "item/weapons/mace/gow_mjolnir/gow_mjolnir"
	},
	"elements": [
		{
			"from": [-2, 9.1875, 8],
			"to": [18, 25.1875, 8],
			"rotation": {"angle": 0, "axis": "y", "origin": [0, -0.0625, 0]},
			"faces": {
				"north": {"uv": [0, 0, 10, 8], "texture": "#4"},
				"east": {"uv": [0, 0, 0, 8], "texture": "#4"},
				"south": {"uv": [0, 8, 10, 16], "texture": "#4"},
				"west": {"uv": [0, 0, 0, 8], "texture": "#4"},
				"up": {"uv": [10, 0, 0, 0], "texture": "#4"},
				"down": {"uv": [10, 0, 0, 0], "texture": "#4"}
			}
		},
		{
			"from": [0.75, 12.75, 5.748],
			"to": [15.25, 21, 5.748],
			"faces": {
				"north": {"uv": [0, 0, 7.25, 4.125], "texture": "#1"},
				"east": {"uv": [0, 0, 0, 4.125], "texture": "#1"},
				"south": {"uv": [0, 4.5, 7.25, 8.625], "texture": "#1"},
				"west": {"uv": [0, 0, 0, 4.125], "texture": "#1"},
				"up": {"uv": [7.25, 0, 0, 0], "texture": "#1"},
				"down": {"uv": [7.25, 0, 0, 0], "texture": "#1"}
			}
		},
		{
			"from": [0.75, 12.75, 10.252],
			"to": [15.25, 21, 10.252],
			"faces": {
				"north": {"uv": [7.5, 0, 14.75, 4.125], "texture": "#1"},
				"east": {"uv": [0, 0, 0, 4.125], "texture": "#1"},
				"south": {"uv": [7.5, 4.5, 14.75, 8.625], "texture": "#1"},
				"west": {"uv": [0, 0, 0, 4.125], "texture": "#1"},
				"up": {"uv": [7.25, 0, 0, 0], "texture": "#1"},
				"down": {"uv": [7.25, 0, 0, 0], "texture": "#1"}
			}
		},
		{
			"from": [0.75, 12.75, 10.251],
			"to": [15.25, 21, 10.251],
			"faces": {
				"north": {"uv": [0, 4.5, 3.625, 6.5625], "texture": "#0"},
				"east": {"uv": [0, 0, 0, 2.0625], "texture": "#0"},
				"south": {"uv": [3.75, 4.5, 7.375, 6.5625], "texture": "#0"},
				"west": {"uv": [0, 0, 0, 2.0625], "texture": "#0"},
				"up": {"uv": [3.625, 0, 0, 0], "texture": "#0"},
				"down": {"uv": [3.625, 0, 0, 0], "texture": "#0"}
			}
		},
		{
			"from": [0.75, 12.75, 5.749],
			"to": [15.25, 21, 5.749],
			"faces": {
				"north": {"uv": [0, 6.75, 3.625, 8.8125], "texture": "#0"},
				"east": {"uv": [0, 0, 0, 2.0625], "texture": "#0"},
				"south": {"uv": [3.75, 6.75, 7.375, 8.8125], "texture": "#0"},
				"west": {"uv": [0, 0, 0, 2.0625], "texture": "#0"},
				"up": {"uv": [3.625, 0, 0, 0], "texture": "#0"},
				"down": {"uv": [3.625, 0, 0, 0], "texture": "#0"}
			}
		},
		{
			"from": [0.25, 12.75, 5.6875],
			"to": [15.75, 15.75, 5.6875],
			"faces": {
				"north": {"uv": [7.5, 0, 11.375, 0.75], "texture": "#0"},
				"east": {"uv": [0, 0, 0, 0.75], "texture": "#0"},
				"south": {"uv": [7.5, 0.75, 11.375, 1.5], "texture": "#0"},
				"west": {"uv": [0, 0, 0, 0.75], "texture": "#0"},
				"up": {"uv": [3.875, 0, 0, 0], "texture": "#0"},
				"down": {"uv": [3.875, 0, 0, 0], "texture": "#0"}
			}
		},
		{
			"from": [0.25, 12.75, 10.3125],
			"to": [15.75, 15.75, 10.3125],
			"faces": {
				"north": {"uv": [7.5, 1.5, 11.375, 2.25], "texture": "#0"},
				"east": {"uv": [0, 0, 0, 0.75], "texture": "#0"},
				"south": {"uv": [7.5, 2.25, 11.375, 3], "texture": "#0"},
				"west": {"uv": [0, 0, 0, 0.75], "texture": "#0"},
				"up": {"uv": [3.875, 0, 0, 0], "texture": "#0"},
				"down": {"uv": [3.875, 0, 0, 0], "texture": "#0"}
			}
		},
		{
			"name": "-45x",
			"from": [6, 10.64645, 6.04105],
			"to": [10, 12.89645, 6.04105],
			"rotation": {"angle": -45, "axis": "x", "origin": [14.25, 12.39645, 6.04105]},
			"faces": {
				"north": {"uv": [10.5, 5, 11.5, 5.5625], "texture": "#0"},
				"east": {"uv": [0, 0, 0, 0.5625], "texture": "#0"},
				"south": {"uv": [10.75, 3, 11.75, 3.5625], "texture": "#0"},
				"west": {"uv": [0, 0, 0, 0.5625], "texture": "#0"},
				"up": {"uv": [1, 0, 0, 0], "texture": "#0"},
				"down": {"uv": [1, 0, 0, 0], "texture": "#0"}
			}
		},
		{
			"name": "45x",
			"from": [6, 10.64715, 9.95924],
			"to": [10, 12.89715, 9.95924],
			"rotation": {"angle": 45, "axis": "x", "origin": [20, 12.39715, 9.95924]},
			"faces": {
				"north": {"uv": [10.75, 3.75, 11.75, 4.3125], "texture": "#0"},
				"east": {"uv": [0, 0, 0, 0.5625], "texture": "#0"},
				"south": {"uv": [10.75, 5.75, 11.75, 6.3125], "texture": "#0"},
				"west": {"uv": [0, 0, 0, 0.5625], "texture": "#0"},
				"up": {"uv": [1, 0, 0, 0], "texture": "#0"},
				"down": {"uv": [1, 0, 0, 0], "texture": "#0"}
			}
		},
		{
			"from": [6, 11.15901, 7.27849],
			"to": [10, 11.15901, 8.7238],
			"rotation": {"angle": 0, "axis": "x", "origin": [20, 11.15901, 8.2238]},
			"faces": {
				"north": {"uv": [0, 0, 1, 0], "texture": "#0"},
				"east": {"uv": [0, 0, 0.375, 0], "texture": "#0"},
				"south": {"uv": [0, 0, 1, 0], "texture": "#0"},
				"west": {"uv": [0, 0, 0.375, 0], "texture": "#0"},
				"up": {"uv": [12.25, 7.125, 11.25, 6.75], "texture": "#0"},
				"down": {"uv": [12.25, 7.25, 11.25, 7.625], "texture": "#0"}
			}
		},
		{
			"name": "-22.5z",
			"from": [9.42959, 11.071, 5.75],
			"to": [9.42959, 13.321, 10.25],
			"rotation": {"angle": -22.5, "axis": "z", "origin": [9.42959, 12.196, 8]},
			"faces": {
				"north": {"uv": [0, 0, 0, 0.5625], "texture": "#0"},
				"east": {"uv": [2.25, 10.25, 3.375, 10.8125], "texture": "#0"},
				"south": {"uv": [0, 0, 0, 0.5625], "texture": "#0"},
				"west": {"uv": [10.25, 8.5, 11.375, 9.0625], "texture": "#0"},
				"up": {"uv": [0, 1.125, 0, 0], "texture": "#0"},
				"down": {"uv": [0, 0, 0, 1.125], "texture": "#0"}
			}
		},
		{
			"name": "22.5z",
			"from": [6.57041, 11.071, 5.75],
			"to": [6.57041, 13.321, 10.25],
			"rotation": {"angle": 22.5, "axis": "z", "origin": [6.57041, 12.196, 8]},
			"faces": {
				"north": {"uv": [0, 0, 0, 0.5625], "texture": "#0"},
				"east": {"uv": [10.25, 9.25, 11.375, 9.8125], "texture": "#0"},
				"south": {"uv": [0, 0, 0, 0.5625], "texture": "#0"},
				"west": {"uv": [10.25, 10, 11.375, 10.5625], "texture": "#0"},
				"up": {"uv": [0, 1.125, 0, 0], "texture": "#0"},
				"down": {"uv": [0, 0, 0, 1.125], "texture": "#0"}
			}
		},
		{
			"name": "45z",
			"from": [9.05438, 16.44562, 5.75],
			"to": [9.30438, 19.69562, 10.25],
			"rotation": {"angle": 45, "axis": "z", "origin": [7.45267, 19.67862, 8]},
			"faces": {
				"north": {"uv": [2.75, 12.25, 2.8125, 13.0625], "texture": "#0"},
				"east": {"uv": [4, 9, 5.125, 9.8125], "texture": "#0"},
				"south": {"uv": [3, 12.25, 3.0625, 13.0625], "texture": "#0"},
				"west": {"uv": [5.25, 9, 6.375, 9.8125], "texture": "#0"},
				"up": {"uv": [11.5625, 9.625, 11.5, 8.5], "texture": "#0"},
				"down": {"uv": [10.8125, 12, 10.75, 13.125], "texture": "#0"}
			}
		},
		{
			"name": "-22.5z",
			"from": [10.50845, 17.95084, 5.75],
			"to": [13.25845, 18.20084, 10.25],
			"rotation": {"angle": -22.5, "axis": "z", "origin": [12.13345, 17.32584, 8]},
			"faces": {
				"north": {"uv": [12.25, 10.5, 12.9375, 10.5625], "texture": "#0"},
				"east": {"uv": [11.75, 4.5, 12.875, 4.5625], "texture": "#0"},
				"south": {"uv": [12.25, 10.75, 12.9375, 10.8125], "texture": "#0"},
				"west": {"uv": [11.75, 4.75, 12.875, 4.8125], "texture": "#0"},
				"up": {"uv": [6.9375, 11.125, 6.25, 10], "texture": "#0"},
				"down": {"uv": [7.6875, 10, 7, 11.125], "texture": "#0"}
			}
		},
		{
			"name": "-22.5z",
			"from": [7.75845, 18.20084, 6.25],
			"to": [15.00845, 19.20084, 9.75],
			"rotation": {"angle": -22.5, "axis": "z", "origin": [12.13345, 17.32584, 8]},
			"faces": {
				"north": {"uv": [10.75, 8.25, 12.5625, 8.5], "texture": "#0"},
				"east": {"uv": [11.5, 5, 12.375, 5.25], "texture": "#0"},
				"south": {"uv": [4, 11.25, 5.8125, 11.5], "texture": "#0"},
				"west": {"uv": [11.5, 5.25, 12.375, 5.5], "texture": "#0"},
				"up": {"uv": [9.3125, 3.875, 7.5, 3], "texture": "#0"},
				"down": {"uv": [9.3125, 4, 7.5, 4.875], "texture": "#0"}
			}
		},
		{
			"name": "22.5z",
			"from": [0.99155, 18.20084, 6.25],
			"to": [8.24155, 19.20084, 9.75],
			"rotation": {"angle": 22.5, "axis": "z", "origin": [3.86655, 17.32584, 8]},
			"faces": {
				"north": {"uv": [6, 11.25, 7.8125, 11.5], "texture": "#0"},
				"east": {"uv": [11.5, 5.5, 12.375, 5.75], "texture": "#0"},
				"south": {"uv": [11.25, 6.5, 13.0625, 6.75], "texture": "#0"},
				"west": {"uv": [6, 11.5, 6.875, 11.75], "texture": "#0"},
				"up": {"uv": [9.3125, 5.875, 7.5, 5], "texture": "#0"},
				"down": {"uv": [9.3125, 6, 7.5, 6.875], "texture": "#0"}
			}
		},
		{
			"name": "22.5z",
			"from": [2.74155, 17.95084, 5.75],
			"to": [5.49155, 18.20084, 10.25],
			"rotation": {"angle": 22.5, "axis": "z", "origin": [3.86655, 17.32584, 8]},
			"faces": {
				"north": {"uv": [12.25, 11, 12.9375, 11.0625], "texture": "#0"},
				"east": {"uv": [11.75, 5.75, 12.875, 5.8125], "texture": "#0"},
				"south": {"uv": [12.25, 11.25, 12.9375, 11.3125], "texture": "#0"},
				"west": {"uv": [11.75, 6, 12.875, 6.0625], "texture": "#0"},
				"up": {"uv": [10.6875, 8.375, 10, 7.25], "texture": "#0"},
				"down": {"uv": [8.4375, 10, 7.75, 11.125], "texture": "#0"}
			}
		},
		{
			"name": "-45z",
			"from": [6.69562, 16.44562, 5.75],
			"to": [6.94562, 19.69562, 10.25],
			"rotation": {"angle": -45, "axis": "z", "origin": [8.54733, 19.67862, 8]},
			"faces": {
				"north": {"uv": [12.25, 6.75, 12.3125, 7.5625], "texture": "#0"},
				"east": {"uv": [9.5, 3, 10.625, 3.8125], "texture": "#0"},
				"south": {"uv": [12.25, 8.5, 12.3125, 9.3125], "texture": "#0"},
				"west": {"uv": [9.5, 4, 10.625, 4.8125], "texture": "#0"},
				"up": {"uv": [11.0625, 13.125, 11, 12], "texture": "#0"},
				"down": {"uv": [11.3125, 12, 11.25, 13.125], "texture": "#0"}
			}
		},
		{
			"name": "-22.5z",
			"from": [12.50847, 13.3585, 5.75],
			"to": [15.38347, 13.6085, 10.25],
			"rotation": {"angle": -22.5, "axis": "z", "origin": [14.25847, 13.4835, 8]},
			"faces": {
				"north": {"uv": [12.25, 9.5, 12.96875, 9.5625], "texture": "#0"},
				"east": {"uv": [11.75, 6.25, 12.875, 6.3125], "texture": "#0"},
				"south": {"uv": [12.25, 9.75, 12.96875, 9.8125], "texture": "#0"},
				"west": {"uv": [11.75, 7.75, 12.875, 7.8125], "texture": "#0"},
				"up": {"uv": [4.71875, 11.125, 4, 10], "texture": "#0"},
				"down": {"uv": [5.46875, 10, 4.75, 11.125], "texture": "#0"}
			}
		},
		{
			"name": "22.5z",
			"from": [8.56895, 13.41018, 5.75],
			"to": [11.94395, 13.66018, 10.25],
			"rotation": {"angle": 22.5, "axis": "z", "origin": [10.31895, 13.53518, 8]},
			"faces": {
				"north": {"uv": [12.25, 3.5, 13.09375, 3.5625], "texture": "#0"},
				"east": {"uv": [11.75, 8, 12.875, 8.0625], "texture": "#0"},
				"south": {"uv": [12.25, 3.75, 13.09375, 3.8125], "texture": "#0"},
				"west": {"uv": [12, 11.5, 13.125, 11.5625], "texture": "#0"},
				"up": {"uv": [0.84375, 10.125, 0, 9], "texture": "#0"},
				"down": {"uv": [1.84375, 9, 1, 10.125], "texture": "#0"}
			}
		},
		{
			"name": "-22.5z",
			"from": [4.05605, 13.41018, 5.75],
			"to": [7.43105, 13.66018, 10.25],
			"rotation": {"angle": -22.5, "axis": "z", "origin": [5.68105, 13.53518, 8]},
			"faces": {
				"north": {"uv": [12.25, 4, 13.09375, 4.0625], "texture": "#0"},
				"east": {"uv": [12, 11.75, 13.125, 11.8125], "texture": "#0"},
				"south": {"uv": [12.25, 4.25, 13.09375, 4.3125], "texture": "#0"},
				"west": {"uv": [12, 12, 13.125, 12.0625], "texture": "#0"},
				"up": {"uv": [2.84375, 10.125, 2, 9], "texture": "#0"},
				"down": {"uv": [3.84375, 9, 3, 10.125], "texture": "#0"}
			}
		},
		{
			"name": "22.5z",
			"from": [0.61653, 13.3585, 5.75],
			"to": [3.49153, 13.6085, 10.25],
			"rotation": {"angle": 22.5, "axis": "z", "origin": [1.74153, 13.4835, 8]},
			"faces": {
				"north": {"uv": [12.25, 10, 12.96875, 10.0625], "texture": "#0"},
				"east": {"uv": [12.25, 0, 13.375, 0.0625], "texture": "#0"},
				"south": {"uv": [12.25, 10.25, 12.96875, 10.3125], "texture": "#0"},
				"west": {"uv": [12.25, 0.25, 13.375, 0.3125], "texture": "#0"},
				"up": {"uv": [6.21875, 11.125, 5.5, 10], "texture": "#0"},
				"down": {"uv": [10.71875, 6, 10, 7.125], "texture": "#0"}
			}
		},
		{
			"from": [7.25, 20.75, 5.75],
			"to": [8.75, 21, 10.25],
			"faces": {
				"north": {"uv": [12.5, 5.5, 12.875, 5.5625], "texture": "#0"},
				"east": {"uv": [12.25, 0.5, 13.375, 0.5625], "texture": "#0"},
				"south": {"uv": [12.5, 6.75, 12.875, 6.8125], "texture": "#0"},
				"west": {"uv": [12.25, 0.75, 13.375, 0.8125], "texture": "#0"},
				"up": {"uv": [2.625, 12.125, 2.25, 11], "texture": "#0"},
				"down": {"uv": [3.125, 11, 2.75, 12.125], "texture": "#0"}
			}
		},
		{
			"from": [7.25, 12.75, 5.75],
			"to": [8.75, 13, 10.25],
			"faces": {
				"north": {"uv": [12.5, 7, 12.875, 7.0625], "texture": "#0"},
				"east": {"uv": [12.25, 1, 13.375, 1.0625], "texture": "#0"},
				"south": {"uv": [12.5, 7.25, 12.875, 7.3125], "texture": "#0"},
				"west": {"uv": [12.25, 1.25, 13.375, 1.3125], "texture": "#0"},
				"up": {"uv": [8.375, 12.375, 8, 11.25], "texture": "#0"},
				"down": {"uv": [11.625, 10.75, 11.25, 11.875], "texture": "#0"}
			}
		},
		{
			"from": [11.75, 14, 5.75],
			"to": [12.75, 14.25, 10.25],
			"faces": {
				"north": {"uv": [11.5, 12.25, 11.75, 12.3125], "texture": "#0"},
				"east": {"uv": [12.25, 1.5, 13.375, 1.5625], "texture": "#0"},
				"south": {"uv": [3.25, 12.5, 3.5, 12.5625], "texture": "#0"},
				"west": {"uv": [12.25, 1.75, 13.375, 1.8125], "texture": "#0"},
				"up": {"uv": [4.25, 12.625, 4, 11.5], "texture": "#0"},
				"down": {"uv": [4.5, 11.5, 4.25, 12.625], "texture": "#0"}
			}
		},
		{
			"from": [13.25, 17.5, 5.75],
			"to": [15.25, 17.75, 10.25],
			"faces": {
				"north": {"uv": [12, 12.25, 12.5, 12.3125], "texture": "#0"},
				"east": {"uv": [12.25, 2, 13.375, 2.0625], "texture": "#0"},
				"south": {"uv": [2.25, 12.5, 2.75, 12.5625], "texture": "#0"},
				"west": {"uv": [12.25, 2.25, 13.375, 2.3125], "texture": "#0"},
				"up": {"uv": [4, 11.375, 3.5, 10.25], "texture": "#0"},
				"down": {"uv": [11.25, 6.5, 10.75, 7.625], "texture": "#0"}
			}
		},
		{
			"from": [15.25, 12.9375, 5.75],
			"to": [16.125, 18.1875, 10.25],
			"faces": {
				"north": {"uv": [3.25, 11, 3.46875, 12.3125], "texture": "#0"},
				"east": {"uv": [7.5, 7, 8.625, 8.3125], "texture": "#0"},
				"south": {"uv": [11.5, 1.5, 11.71875, 2.8125], "texture": "#0"},
				"west": {"uv": [7.5, 8.5, 8.625, 9.8125], "texture": "#0"},
				"up": {"uv": [5.21875, 12.625, 5, 11.5], "texture": "#0"},
				"down": {"uv": [5.46875, 11.5, 5.25, 12.625], "texture": "#0"}
			}
		},
		{
			"from": [-0.125, 12.9375, 5.75],
			"to": [0.75, 18.1875, 10.25],
			"faces": {
				"north": {"uv": [3.5, 11.5, 3.71875, 12.8125], "texture": "#0"},
				"east": {"uv": [8.75, 7, 9.875, 8.3125], "texture": "#0"},
				"south": {"uv": [3.75, 11.5, 3.96875, 12.8125], "texture": "#0"},
				"west": {"uv": [8.75, 8.5, 9.875, 9.8125], "texture": "#0"},
				"up": {"uv": [5.71875, 12.625, 5.5, 11.5], "texture": "#0"},
				"down": {"uv": [5.96875, 11.5, 5.75, 12.625], "texture": "#0"}
			}
		},
		{
			"from": [3.25, 14, 5.75],
			"to": [4.25, 14.25, 10.25],
			"faces": {
				"north": {"uv": [12.5, 7.5, 12.75, 7.5625], "texture": "#0"},
				"east": {"uv": [12.25, 2.5, 13.375, 2.5625], "texture": "#0"},
				"south": {"uv": [8, 12.5, 8.25, 12.5625], "texture": "#0"},
				"west": {"uv": [12.25, 2.75, 13.375, 2.8125], "texture": "#0"},
				"up": {"uv": [4.75, 12.625, 4.5, 11.5], "texture": "#0"},
				"down": {"uv": [5, 11.5, 4.75, 12.625], "texture": "#0"}
			}
		},
		{
			"from": [0.75, 17.5, 5.75],
			"to": [2.75, 17.75, 10.25],
			"faces": {
				"north": {"uv": [12.5, 5, 13, 5.0625], "texture": "#0"},
				"east": {"uv": [12.25, 3, 13.375, 3.0625], "texture": "#0"},
				"south": {"uv": [12.5, 5.25, 13, 5.3125], "texture": "#0"},
				"west": {"uv": [12.25, 3.25, 13.375, 3.3125], "texture": "#0"},
				"up": {"uv": [10.75, 11.875, 10.25, 10.75], "texture": "#0"},
				"down": {"uv": [11.25, 10.75, 10.75, 11.875], "texture": "#0"}
			}
		},
		{
			"name": "45y",
			"from": [7.58579, 1, 7],
			"to": [8.41421, 13, 7.125],
			"rotation": {"angle": 45, "axis": "y", "origin": [8, 0, 8]},
			"faces": {
				"north": {"uv": [8.5, 10, 8.71875, 13], "texture": "#0"},
				"east": {"uv": [7, 11.5, 7.03125, 14.5], "texture": "#0"},
				"south": {"uv": [10, 8.5, 10.21875, 11.5], "texture": "#0"},
				"west": {"uv": [7.25, 11.5, 7.28125, 14.5], "texture": "#0"},
				"up": {"uv": [4.96875, 12.78125, 4.75, 12.75], "texture": "#0"},
				"down": {"uv": [5.21875, 12.75, 5, 12.78125], "texture": "#0"}
			}
		},
		{
			"name": "0",
			"from": [7.58579, 1, 7],
			"to": [8.41421, 13, 7.125],
			"rotation": {"angle": 0, "axis": "y", "origin": [8, 0, 8]},
			"faces": {
				"north": {"uv": [8.75, 10, 8.96875, 13], "texture": "#0"},
				"east": {"uv": [7.5, 11.5, 7.53125, 14.5], "texture": "#0"},
				"south": {"uv": [9, 10, 9.21875, 13], "texture": "#0"},
				"west": {"uv": [7.75, 11.5, 7.78125, 14.5], "texture": "#0"},
				"up": {"uv": [5.46875, 12.78125, 5.25, 12.75], "texture": "#0"},
				"down": {"uv": [5.71875, 12.75, 5.5, 12.78125], "texture": "#0"}
			}
		},
		{
			"name": "45y",
			"from": [7.58579, 1, 8.875],
			"to": [8.41421, 13, 9],
			"rotation": {"angle": 45, "axis": "y", "origin": [8, 0, 8]},
			"faces": {
				"north": {"uv": [9.25, 10, 9.46875, 13], "texture": "#0"},
				"east": {"uv": [10, 11.5, 10.03125, 14.5], "texture": "#0"},
				"south": {"uv": [9.5, 10, 9.71875, 13], "texture": "#0"},
				"west": {"uv": [11.75, 1.5, 11.78125, 4.5], "texture": "#0"},
				"up": {"uv": [5.96875, 12.78125, 5.75, 12.75], "texture": "#0"},
				"down": {"uv": [12.96875, 7.5, 12.75, 7.53125], "texture": "#0"}
			}
		},
		{
			"name": "0",
			"from": [7.58579, 1, 8.875],
			"to": [8.41421, 13, 9],
			"rotation": {"angle": 0, "axis": "y", "origin": [8, 0, 8]},
			"faces": {
				"north": {"uv": [9.75, 10, 9.96875, 13], "texture": "#0"},
				"east": {"uv": [6, 11.75, 6.03125, 14.75], "texture": "#0"},
				"south": {"uv": [0, 10.25, 0.21875, 13.25], "texture": "#0"},
				"west": {"uv": [6.25, 11.75, 6.28125, 14.75], "texture": "#0"},
				"up": {"uv": [8.21875, 12.78125, 8, 12.75], "texture": "#0"},
				"down": {"uv": [8.46875, 12.75, 8.25, 12.78125], "texture": "#0"}
			}
		},
		{
			"name": "45y",
			"from": [7, 1, 7.58579],
			"to": [7.125, 13, 8.41421],
			"rotation": {"angle": 45, "axis": "y", "origin": [8, 0, 8]},
			"faces": {
				"north": {"uv": [6.5, 11.75, 6.53125, 14.75], "texture": "#0"},
				"east": {"uv": [0.25, 10.25, 0.46875, 13.25], "texture": "#0"},
				"south": {"uv": [6.75, 11.75, 6.78125, 14.75], "texture": "#0"},
				"west": {"uv": [0.5, 10.25, 0.71875, 13.25], "texture": "#0"},
				"up": {"uv": [12.78125, 8.46875, 12.75, 8.25], "texture": "#0"},
				"down": {"uv": [12.78125, 8.5, 12.75, 8.71875], "texture": "#0"}
			}
		},
		{
			"name": "0",
			"from": [7, 1, 7.58579],
			"to": [7.125, 13, 8.41421],
			"rotation": {"angle": 0, "axis": "y", "origin": [8, 0, 8]},
			"faces": {
				"north": {"uv": [11.75, 8.5, 11.78125, 11.5], "texture": "#0"},
				"east": {"uv": [0.75, 10.25, 0.96875, 13.25], "texture": "#0"},
				"south": {"uv": [11.75, 11.5, 11.78125, 14.5], "texture": "#0"},
				"west": {"uv": [1, 10.25, 1.21875, 13.25], "texture": "#0"},
				"up": {"uv": [12.78125, 8.96875, 12.75, 8.75], "texture": "#0"},
				"down": {"uv": [12.78125, 9, 12.75, 9.21875], "texture": "#0"}
			}
		},
		{
			"name": "45y",
			"from": [8.875, 1, 7.58579],
			"to": [9, 13, 8.41421],
			"rotation": {"angle": 45, "axis": "y", "origin": [8, 0, 8]},
			"faces": {
				"north": {"uv": [12, 1.5, 12.03125, 4.5], "texture": "#0"},
				"east": {"uv": [1.25, 10.25, 1.46875, 13.25], "texture": "#0"},
				"south": {"uv": [12, 8.5, 12.03125, 11.5], "texture": "#0"},
				"west": {"uv": [1.5, 10.25, 1.71875, 13.25], "texture": "#0"},
				"up": {"uv": [12.78125, 9.46875, 12.75, 9.25], "texture": "#0"},
				"down": {"uv": [11.53125, 12.75, 11.5, 12.96875], "texture": "#0"}
			}
		},
		{
			"name": "0",
			"from": [8.875, 1, 7.58579],
			"to": [9, 13, 8.41421],
			"rotation": {"angle": 0, "axis": "y", "origin": [8, 0, 8]},
			"faces": {
				"north": {"uv": [10.25, 12, 10.28125, 15], "texture": "#0"},
				"east": {"uv": [1.75, 10.25, 1.96875, 13.25], "texture": "#0"},
				"south": {"uv": [10.5, 12, 10.53125, 15], "texture": "#0"},
				"west": {"uv": [2, 10.25, 2.21875, 13.25], "texture": "#0"},
				"up": {"uv": [12.03125, 12.96875, 12, 12.75], "texture": "#0"},
				"down": {"uv": [12.28125, 12.75, 12.25, 12.96875], "texture": "#0"}
			}
		},
		{
			"name": "45y",
			"from": [7.53401, 0, 6.875],
			"to": [8.46599, 1, 7],
			"rotation": {"angle": 45, "axis": "y", "origin": [8, 0.75, 8]},
			"faces": {
				"north": {"uv": [9.5, 6, 9.71875, 6.25], "texture": "#0"},
				"east": {"uv": [8.25, 12.5, 8.28125, 12.75], "texture": "#0"},
				"south": {"uv": [9.5, 6.25, 9.71875, 6.5], "texture": "#0"},
				"west": {"uv": [12.5, 8.5, 12.53125, 8.75], "texture": "#0"},
				"up": {"uv": [12.96875, 12.28125, 12.75, 12.25], "texture": "#0"},
				"down": {"uv": [12.71875, 12.75, 12.5, 12.78125], "texture": "#0"}
			}
		},
		{
			"name": "0",
			"from": [7.53401, 0, 6.875],
			"to": [8.46599, 1, 7],
			"rotation": {"angle": 0, "axis": "y", "origin": [8, 0.75, 8]},
			"faces": {
				"north": {"uv": [9.5, 6.5, 9.71875, 6.75], "texture": "#0"},
				"east": {"uv": [12.5, 8.75, 12.53125, 9], "texture": "#0"},
				"south": {"uv": [9.5, 6.75, 9.71875, 7], "texture": "#0"},
				"west": {"uv": [12.5, 9, 12.53125, 9.25], "texture": "#0"},
				"up": {"uv": [12.96875, 12.53125, 12.75, 12.5], "texture": "#0"},
				"down": {"uv": [12.96875, 12.75, 12.75, 12.78125], "texture": "#0"}
			}
		},
		{
			"name": "45y",
			"from": [7.53401, 0, 9],
			"to": [8.46599, 1, 9.125],
			"rotation": {"angle": 45, "axis": "y", "origin": [8, 0.75, 8]},
			"faces": {
				"north": {"uv": [9.75, 6, 9.96875, 6.25], "texture": "#0"},
				"east": {"uv": [12.5, 9.25, 12.53125, 9.5], "texture": "#0"},
				"south": {"uv": [9.75, 6.25, 9.96875, 6.5], "texture": "#0"},
				"west": {"uv": [11.5, 12.5, 11.53125, 12.75], "texture": "#0"},
				"up": {"uv": [2.46875, 13.03125, 2.25, 13], "texture": "#0"},
				"down": {"uv": [2.71875, 13, 2.5, 13.03125], "texture": "#0"}
			}
		},
		{
			"name": "0",
			"from": [7.53401, 0, 9],
			"to": [8.46599, 1, 9.125],
			"rotation": {"angle": 0, "axis": "y", "origin": [8, 0.75, 8]},
			"faces": {
				"north": {"uv": [9.75, 6.5, 9.96875, 6.75], "texture": "#0"},
				"east": {"uv": [12, 12.5, 12.03125, 12.75], "texture": "#0"},
				"south": {"uv": [9.75, 6.75, 9.96875, 7], "texture": "#0"},
				"west": {"uv": [12.25, 12.5, 12.28125, 12.75], "texture": "#0"},
				"up": {"uv": [3.46875, 13.03125, 3.25, 13], "texture": "#0"},
				"down": {"uv": [3.71875, 13, 3.5, 13.03125], "texture": "#0"}
			}
		},
		{
			"name": "45y",
			"from": [6.875, 0, 7.53401],
			"to": [7, 1, 8.46599],
			"rotation": {"angle": 45, "axis": "y", "origin": [8, 0.75, 8]},
			"faces": {
				"north": {"uv": [12.5, 12.25, 12.53125, 12.5], "texture": "#0"},
				"east": {"uv": [10.5, 5.75, 10.71875, 6], "texture": "#0"},
				"south": {"uv": [12.5, 12.5, 12.53125, 12.75], "texture": "#0"},
				"west": {"uv": [11.5, 9.75, 11.71875, 10], "texture": "#0"},
				"up": {"uv": [3.78125, 13.21875, 3.75, 13], "texture": "#0"},
				"down": {"uv": [4.03125, 13, 4, 13.21875], "texture": "#0"}
			}
		},
		{
			"name": "0",
			"from": [6.875, 0, 7.53401],
			"to": [7, 1, 8.46599],
			"rotation": {"angle": 0, "axis": "y", "origin": [8, 0.75, 8]},
			"faces": {
				"north": {"uv": [2.25, 12.75, 2.28125, 13], "texture": "#0"},
				"east": {"uv": [11.5, 10, 11.71875, 10.25], "texture": "#0"},
				"south": {"uv": [2.5, 12.75, 2.53125, 13], "texture": "#0"},
				"west": {"uv": [11.5, 10.25, 11.71875, 10.5], "texture": "#0"},
				"up": {"uv": [4.28125, 13.21875, 4.25, 13], "texture": "#0"},
				"down": {"uv": [4.53125, 13, 4.5, 13.21875], "texture": "#0"}
			}
		},
		{
			"name": "45y",
			"from": [9, 0, 7.53401],
			"to": [9.125, 1, 8.46599],
			"rotation": {"angle": 45, "axis": "y", "origin": [8, 0.75, 8]},
			"faces": {
				"north": {"uv": [3.25, 12.75, 3.28125, 13], "texture": "#0"},
				"east": {"uv": [11.5, 10.5, 11.71875, 10.75], "texture": "#0"},
				"south": {"uv": [4, 12.75, 4.03125, 13], "texture": "#0"},
				"west": {"uv": [11.5, 12, 11.71875, 12.25], "texture": "#0"},
				"up": {"uv": [13.03125, 4.71875, 13, 4.5], "texture": "#0"},
				"down": {"uv": [4.78125, 13, 4.75, 13.21875], "texture": "#0"}
			}
		},
		{
			"name": "0",
			"from": [9, 0, 7.53401],
			"to": [9.125, 1, 8.46599],
			"rotation": {"angle": 0, "axis": "y", "origin": [8, 0.75, 8]},
			"faces": {
				"north": {"uv": [4.25, 12.75, 4.28125, 13], "texture": "#0"},
				"east": {"uv": [2.25, 12.25, 2.46875, 12.5], "texture": "#0"},
				"south": {"uv": [4.5, 12.75, 4.53125, 13], "texture": "#0"},
				"west": {"uv": [2.5, 12.25, 2.71875, 12.5], "texture": "#0"},
				"up": {"uv": [13.03125, 4.96875, 13, 4.75], "texture": "#0"},
				"down": {"uv": [5.03125, 13, 5, 13.21875], "texture": "#0"}
			}
		},
		{
			"from": [6.9375, -0.001, 6.9375],
			"to": [9.0625, -0.001, 9.0625],
			"faces": {
				"north": {"uv": [0, 0, 0.5625, 0], "texture": "#0"},
				"east": {"uv": [0, 0, 0.5625, 0], "texture": "#0"},
				"south": {"uv": [0, 0, 0.5625, 0], "texture": "#0"},
				"west": {"uv": [0, 0, 0.5625, 0], "texture": "#0"},
				"up": {"uv": [12.0625, 0.5625, 11.5, 0], "texture": "#0"},
				"down": {"uv": [12.0625, 0.75, 11.5, 1.3125], "texture": "#0"}
			}
		},
		{
			"from": [6.125, -2.5, 8],
			"to": [9.875, 1, 8],
			"faces": {
				"north": {"uv": [6.5, 9, 7.4375, 9.875], "texture": "#0"},
				"east": {"uv": [0, 0, 0, 0.875], "texture": "#0"},
				"south": {"uv": [9.5, 5, 10.4375, 5.875], "texture": "#0"},
				"west": {"uv": [0, 0, 0, 0.875], "texture": "#0"},
				"up": {"uv": [0.9375, 0, 0, 0], "texture": "#0"},
				"down": {"uv": [0.9375, 0, 0, 0], "texture": "#0"}
			}
		},
		{
			"from": [8, -1, 6.125],
			"to": [8, 1, 9.875],
			"rotation": {"angle": 0, "axis": "y", "origin": [8, -0.75, 8]},
			"faces": {
				"north": {"uv": [0, 0, 0, 0.5], "texture": "#0"},
				"east": {"uv": [10.75, 4.5, 11.6875, 5], "texture": "#0"},
				"south": {"uv": [0, 0, 0, 0.5], "texture": "#0"},
				"west": {"uv": [10.75, 7.75, 11.6875, 8.25], "texture": "#0"},
				"up": {"uv": [0, 0.9375, 0, 0], "texture": "#0"},
				"down": {"uv": [0, 0, 0, 0.9375], "texture": "#0"}
			}
		}
	],
	"gui_light": "front",
	"display": {
		"thirdperson_righthand": {
			"rotation": [0, 90, 0],
			"translation": [0, -0.5, 1],
			"scale": [0.6, 0.6, 0.6]
		},
		"thirdperson_lefthand": {
			"rotation": [67.5, 0, -150],
			"translation": [-7.25, -7, 12],
			"scale": [0.55, 0.55, 0.55]
		},
		"firstperson_righthand": {
			"rotation": [-12.5, 90, 0],
			"translation": [7.5, -6.5, -9]
		},
		"firstperson_lefthand": {
			"rotation": [-12.5, 90, 0],
			"translation": [7.5, -6.5, -9]
		},
		"ground": {
			"rotation": [0, 0, 22.5],
			"translation": [0, 6, 0],
			"scale": [0.5, 0.5, 0.5]
		},
		"gui": {
			"rotation": [0, -180, 45],
			"translation": [-2.25, -2, 0],
			"scale": [0.6, 0.6, 0.6]
		},
		"fixed": {
			"rotation": [0, 0, 45],
			"translation": [1.75, -1.75, -1.5],
			"scale": [0.75, 0.75, 0.75]
		}
	},
	"groups": [
		{
			"name": "body",
			"origin": [8, 8, 8],
			"color": 0,
			"children": [
				{
					"name": "lightning",
					"origin": [8, 8, 8],
					"color": 0,
					"children": [0]
				},
				{
					"name": "runes",
					"origin": [0, 0, 0],
					"color": 0,
					"children": [1, 2]
				},
				{
					"name": "hammer",
					"origin": [8, 8, 8],
					"color": 0,
					"children": [
						{
							"name": "plains",
							"origin": [0, 0, 0],
							"color": 0,
							"children": [
								3,
								4,
								{
									"name": "frame",
									"origin": [0, 0, 0],
									"color": 0,
									"children": [5, 6, 7, 8, 9, 10, 11]
								}
							]
						},
						{
							"name": "rotatedtop",
							"origin": [0, 0, 0],
							"color": 0,
							"children": [12, 13, 14, 15, 16, 17]
						},
						{
							"name": "rotatedbottom",
							"origin": [14.125, 14.125, 8],
							"color": 0,
							"children": [18, 19, 20, 21]
						},
						22,
						23,
						24,
						25,
						26,
						27,
						28,
						29
					]
				},
				{
					"name": "handle",
					"origin": [8, 8, 8],
					"color": 0,
					"children": [
						{
							"name": "main",
							"origin": [8, 8, 8],
							"color": 0,
							"children": [30, 31, 32, 33, 34, 35, 36, 37]
						},
						{
							"name": "bottom",
							"origin": [8, 8, 8],
							"color": 0,
							"children": [38, 39, 40, 41, 42, 43, 44, 45]
						},
						46,
						47,
						48
					]
				}
			]
		}
	]
}