{
	"format_version": "1.21.6",
	"credit": "Made with Blockbench",
	"texture_size": [64, 64],
	"textures": {
		"0": "item/players/steve",
		"particle": "item/players/steve"
	},
	"elements": [
		{
			"name": "body",
			"from": [4.2, 8, 5.7],
			"to": [12.2, 20, 9.7],
			"rotation": {"angle": 0, "axis": "y", "origin": [8.2, -4, 7.7]},
			"faces": {
				"north": {"uv": [5, 5, 7, 8], "texture": "#0"},
				"east": {"uv": [4, 5, 5, 8], "texture": "#0"},
				"south": {"uv": [8, 5, 10, 8], "texture": "#0"},
				"west": {"uv": [7, 5, 8, 8], "texture": "#0"},
				"up": {"uv": [7, 5, 5, 4], "texture": "#0"},
				"down": {"uv": [9, 4, 7, 5], "texture": "#0"}
			}
		},
		{
			"name": "jacket",
			"from": [3.95, 7.75, 5.45],
			"to": [12.45, 20.25, 9.95],
			"rotation": {"angle": 0, "axis": "y", "origin": [8.2, -4, 7.7]},
			"faces": {
				"north": {"uv": [5, 9, 7, 12], "texture": "#0"},
				"east": {"uv": [4, 9, 5, 12], "texture": "#0"},
				"south": {"uv": [8, 9, 10, 12], "texture": "#0"},
				"west": {"uv": [7, 9, 8, 12], "texture": "#0"},
				"up": {"uv": [7, 9, 5, 8], "texture": "#0"},
				"down": {"uv": [9, 8, 7, 9], "texture": "#0"}
			}
		},
		{
			"name": "head",
			"from": [4.2, 20, 3.7],
			"to": [12.2, 28, 11.7],
			"rotation": {"angle": 0, "axis": "y", "origin": [8.2, -4, 7.7]},
			"faces": {
				"north": {"uv": [2, 2, 4, 4], "texture": "#0"},
				"east": {"uv": [0, 2, 2, 4], "texture": "#0"},
				"south": {"uv": [6, 2, 8, 4], "texture": "#0"},
				"west": {"uv": [4, 2, 6, 4], "texture": "#0"},
				"up": {"uv": [4, 2, 2, 0], "texture": "#0"},
				"down": {"uv": [6, 0, 4, 2], "texture": "#0"}
			}
		},
		{
			"name": "hat",
			"from": [3.7, 19.3, 3.2],
			"to": [12.7, 28.3, 12.2],
			"rotation": {"angle": 0, "axis": "y", "origin": [8.2, -3.7, 7.7]},
			"faces": {
				"north": {"uv": [10, 2, 12, 4], "texture": "#0"},
				"east": {"uv": [8, 2, 10, 4], "texture": "#0"},
				"south": {"uv": [14, 2, 16, 4], "texture": "#0"},
				"west": {"uv": [12, 2, 14, 4], "texture": "#0"},
				"up": {"uv": [12, 2, 10, 0], "texture": "#0"},
				"down": {"uv": [14, 0, 12, 2], "texture": "#0"}
			}
		},
		{
			"name": "leftArm",
			"from": [0.2, 8, 5.7],
			"to": [4.2, 20, 9.7],
			"rotation": {"angle": -2.5, "axis": "y", "origin": [2.2, 17, 7.7]},
			"faces": {
				"north": {"uv": [9, 13, 10, 16], "texture": "#0"},
				"east": {"uv": [8, 13, 9, 16], "texture": "#0"},
				"south": {"uv": [11, 13, 12, 16], "texture": "#0"},
				"west": {"uv": [10, 13, 11, 16], "texture": "#0"},
				"up": {"uv": [10, 13, 9, 12], "texture": "#0"},
				"down": {"uv": [11, 12, 10, 13], "texture": "#0"}
			}
		},
		{
			"name": "leftSleeve",
			"from": [-0.05, 7.75, 5.45],
			"to": [4.45, 20.25, 9.95],
			"rotation": {"angle": -2.5, "axis": "y", "origin": [2.2, 17, 7.7]},
			"faces": {
				"north": {"uv": [13, 13, 14, 16], "texture": "#0"},
				"east": {"uv": [12, 13, 13, 16], "texture": "#0"},
				"south": {"uv": [15, 13, 16, 16], "texture": "#0"},
				"west": {"uv": [14, 13, 15, 16], "texture": "#0"},
				"up": {"uv": [14, 13, 13, 12], "texture": "#0"},
				"down": {"uv": [15, 12, 14, 13], "texture": "#0"}
			}
		},
		{
			"name": "rightArm",
			"from": [12.2, 8, 5.7],
			"to": [16.2, 20, 9.7],
			"rotation": {"angle": 0, "axis": "x", "origin": [14, 17, 7.7]},
			"faces": {
				"north": {"uv": [11, 5, 12, 8], "texture": "#0"},
				"east": {"uv": [10, 5, 11, 8], "texture": "#0"},
				"south": {"uv": [13, 5, 14, 8], "texture": "#0"},
				"west": {"uv": [12, 5, 13, 8], "texture": "#0"},
				"up": {"uv": [12, 5, 11, 4], "texture": "#0"},
				"down": {"uv": [13, 4, 12, 5], "texture": "#0"}
			}
		},
		{
			"name": "rightSleeve",
			"from": [11.95, 7.75, 5.45],
			"to": [16.45, 20.25, 9.95],
			"rotation": {"angle": 0, "axis": "x", "origin": [14, 17, 7.7]},
			"faces": {
				"north": {"uv": [11, 9, 12, 12], "texture": "#0"},
				"east": {"uv": [10, 9, 11, 12], "texture": "#0"},
				"south": {"uv": [13, 9, 14, 12], "texture": "#0"},
				"west": {"uv": [12, 9, 13, 12], "texture": "#0"},
				"up": {"uv": [12, 9, 11, 8], "texture": "#0"},
				"down": {"uv": [13, 8, 12, 9], "texture": "#0"}
			}
		},
		{
			"name": "leftLeg",
			"from": [4.3, -4, 5.7],
			"to": [8.3, 8, 9.7],
			"rotation": {"angle": 0, "axis": "y", "origin": [8.2, -4, 7.7]},
			"faces": {
				"north": {"uv": [5, 13, 6, 16], "texture": "#0"},
				"east": {"uv": [4, 13, 5, 16], "texture": "#0"},
				"south": {"uv": [7, 13, 8, 16], "texture": "#0"},
				"west": {"uv": [6, 13, 7, 16], "texture": "#0"},
				"up": {"uv": [6, 13, 5, 12], "texture": "#0"},
				"down": {"uv": [7, 12, 6, 13], "texture": "#0"}
			}
		},
		{
			"name": "leftLeg",
			"from": [4.05, -4.25, 5.45],
			"to": [8.55, 8.25, 9.95],
			"rotation": {"angle": 0, "axis": "y", "origin": [8.2, -4, 7.7]},
			"faces": {
				"north": {"uv": [1, 13, 2, 16], "texture": "#0"},
				"east": {"uv": [0, 13, 1, 16], "texture": "#0"},
				"south": {"uv": [3, 13, 4, 16], "texture": "#0"},
				"west": {"uv": [2, 13, 3, 16], "texture": "#0"},
				"up": {"uv": [2, 13, 1, 12], "texture": "#0"},
				"down": {"uv": [3, 12, 2, 13], "texture": "#0"}
			}
		},
		{
			"name": "rightLeg",
			"from": [8.1, -4, 5.7],
			"to": [12.1, 8, 9.7],
			"rotation": {"angle": 0, "axis": "y", "origin": [8.2, -4, 7.7]},
			"faces": {
				"north": {"uv": [1, 5, 2, 8], "texture": "#0"},
				"east": {"uv": [0, 5, 1, 8], "texture": "#0"},
				"south": {"uv": [3, 5, 4, 8], "texture": "#0"},
				"west": {"uv": [2, 5, 3, 8], "texture": "#0"},
				"up": {"uv": [2, 5, 1, 4], "texture": "#0"},
				"down": {"uv": [3, 4, 2, 5], "texture": "#0"}
			}
		},
		{
			"name": "rightPants",
			"from": [7.85, -4.25, 5.45],
			"to": [12.35, 8.25, 9.95],
			"rotation": {"angle": 0, "axis": "y", "origin": [8.2, -4, 7.7]},
			"faces": {
				"north": {"uv": [1, 9, 2, 12], "texture": "#0"},
				"east": {"uv": [0, 9, 1, 12], "texture": "#0"},
				"south": {"uv": [3, 9, 4, 12], "texture": "#0"},
				"west": {"uv": [2, 9, 3, 12], "texture": "#0"},
				"up": {"uv": [2, 9, 1, 8], "texture": "#0"},
				"down": {"uv": [3, 8, 2, 9], "texture": "#0"}
			}
		}
	],
	"display": {
		"thirdperson_righthand": {
			"scale": [0.25, 0.25, 0.25]
		},
		"thirdperson_lefthand": {
			"scale": [0.25, 0.25, 0.25]
		},
		"firstperson_righthand": {
			"scale": [0.25, 0.25, 0.25]
		},
		"firstperson_lefthand": {
			"scale": [0.25, 0.25, 0.25]
		},
		"ground": {
			"scale": [0.25, 0.25, 0.25]
		},
		"gui": {
			"rotation": [0, -180, 0],
			"translation": [0.5, -3.5, 0],
			"scale": [0.45, 0.45, 0.45]
		},
		"head": {
			"translation": [0, 8.5, 0],
			"scale": [0.25, 0.25, 0.25]
		},
		"fixed": {
			"rotation": [-90, 0, 0],
			"translation": [0, 0, -23.2],
			"scale": [1.9, 1.9, 1.9]
		},
		"on_shelf": {
			"translation": [0, 0.25, 1],
			"scale": [0.5, 0.5, 0.5]
		}
	},
	"groups": [
		{
			"name": "root",
			"origin": [8.2, 0, 7.7],
			"color": 0,
			"children": [
				{
					"name": "body",
					"origin": [8.2, 0, 7.7],
					"color": 0,
					"children": [0, 1]
				},
				{
					"name": "head",
					"origin": [8.2, 0, 7.7],
					"color": 0,
					"children": [2, 3]
				},
				{
					"name": "leftArm",
					"origin": [8.2, 0, 7.7],
					"color": 0,
					"children": [4, 5]
				},
				{
					"name": "rightArm",
					"origin": [8.2, 0, 7.7],
					"color": 0,
					"children": [6, 7]
				},
				{
					"name": "leftLeg",
					"origin": [8.2, 0, 7.7],
					"color": 0,
					"children": [8, 9]
				},
				{
					"name": "rightLeg",
					"origin": [8.2, 0, 7.7],
					"color": 0,
					"children": [10, 11]
				}
			]
		}
	]
}