{
  "model": {
    "type": "minecraft:condition",
    "property": "minecraft:has_component",
    "component": "minecraft:custom_name",
    "on_true": {
      "type": "minecraft:select",
      "property": "minecraft:component",
      "component": "minecraft:custom_name",
      "cases": [
        {
          "when": "Painting Harry Banana",
          "model": {
            "type": "minecraft:model",
            "model": "item/paintings/3x3/banana_harry"
          }
        },
        {
          "when": "Painting Livi Duck",
          "model": {
            "type": "minecraft:model",
            "model": "item/paintings/1x1/livi_duck"
          }
        },
        {
          "when": "Painting Dino",
          "model": {
            "type": "minecraft:model",
            "model": "item/paintings/1x2/dino_painting"
          }
        },
        {
          "when": "Painting TT",
          "model": {
            "type": "minecraft:model",
            "model": "item/paintings/3x3/tt_painting"
          }
        },
        {
          "when": "Painting Techno Pond",
          "model": {
            "type": "minecraft:model",
            "model": "item/paintings/misc/3x4_technoblade_pond"
          }
        },
        {
          "when": "Painting VV Lighting Strike Pov",
          "model": {
            "type": "minecraft:model",
            "model": "item/paintings/misc/vandalieu/vv_lighting_strike_pov"
          }
        },
        {
          "when": "Painting VV Monochrome Dreams",
          "model": {
            "type": "minecraft:model",
            "model": "item/paintings/misc/vandalieu/vv_monochrome_dreams"
          }
        },
        {
          "when": "Painting VV RainFall",
          "model": {
            "type": "minecraft:model",
            "model": "item/paintings/misc/vandalieu/vv_rainfall"
          }
        },
        {
          "when": "Painting VV Castle In The Hills",
          "model": {
            "type": "minecraft:model",
            "model": "item/paintings/misc/vandalieu/vv_castle_in_the_hills"
          }
        },
        {
          "when": "Painting VV Establishing Shot 1",
          "model": {
            "type": "minecraft:model",
            "model": "item/paintings/misc/vandalieu/vv_establishing_shot_1"
          }
        },
        {
          "when": "Painting Dino Bathwater",
          "model": {
            "type": "minecraft:model",
            "model": "item/paintings/1x2/dino_painting2"
          }
        }
      ],
      "fallback": {
        "type": "minecraft:model",
        "model": "minecraft:block/carved_pumpkin"
      }
    },
    "on_false": {
      "type": "minecraft:model",
      "model": "minecraft:block/carved_pumpkin"
    }
  }
}