{
  "model": {
    "type": "condition",
    "property": "has_component",
    "component": "custom_name",
    "on_true": {
      "type": "select",
      "property": "component",
      "component": "custom_name",
      "cases": [
        {
          "when": "Aero Engagment Ring",
          "model": {
            "type": "model",
            "model": "item/rings/aero_engagment_ring"
          }
        },
        {
          "when": [
            "Leon & I Ring"
          ],
          "model": {
            "type": "minecraft:select",
            "property": "minecraft:component",
            "component": "minecraft:lore",
            "cases": [
              {
                "when": [
                  {
                    "text": "",
                    "extra": [
                      {
                        "text": "leoncat<3",
                        "type": "text"
                      }
                    ]
                  }
                ],
                "model": {
                  "type": "minecraft:model",
                  "model": "item/rings/leo_ncat_rings_ncat_ver"
                }
              }
            ],
            "fallback": {
              "type": "minecraft:model",
              "model": "minecraft:item/diamond"
            }
          }
        },
        {
          "when": "NCat & I Ring",
          "model": {
            "type": "minecraft:select",
            "property": "minecraft:component",
            "component": "minecraft:lore",
            "cases": [
              {
                "when": [
                  {
                    "text": "",
                    "extra": [
                      {
                        "text": "leoncat<3",
                        "type": "text"
                      }
                    ]
                  }
                ],
                "model": {
                  "type": "minecraft:model",
                  "model": "item/rings/leo_ncat_rings_leon_ver"
                }
              }
            ],
            "fallback": {
              "type": "minecraft:model",
              "model": "item/diamond"
            }
          }
        }
      ],
      "fallback": {
        "type": "model",
        "model": "item/diamond"
      }
    },
    "on_false": {
      "type": "model",
      "model": "item/diamond"
    }
  }
}