{
  "model": {
    "type": "minecraft:condition",
    "property": "minecraft:has_component",
    "component": "minecraft:item_name",
    "on_true": {
      "type": "minecraft:select",
      "property": "minecraft:component",
      "component": "minecraft:enchantments",
      "cases": [
        {
          "when": {
            "minecraft:wind_burst": 10,
            "minecraft:density": 10,
            "minecraft:unbreaking": 10,
            "minecraft:mending": 1
          },
          "model": {
            "type": "minecraft:model",
            "model": "minecraft:item/weapons/mace/ban_hammer"
          }
        }
      ],
      "fallback": {
        "type": "minecraft:model",
        "model": "minecraft:item/mace"
      }
    },
    "on_false": {
      "type": "minecraft:model",
      "model": "minecraft:item/mace"
    }
  }
}