{
  "model": {
    "type": "minecraft:condition",
    "property": "minecraft:has_component",
    "component": "minecraft:item_name",
    "on_true": {
      "type": "minecraft:select",
      "property": "minecraft:component",
      "component": "minecraft:custom_name",
      "cases": [
        {
          "when": "Green LightSaber",
          "model": {
            "type": "minecraft:model",
            "model": "minecraft:item/weapons/netherite_sword/lightsabers/saberlight"
          }
        },
        {
          "when": "Purple LightSaber",
          "model": {
            "type": "minecraft:model",
            "model": "minecraft:item/weapons/netherite_sword/lightsabers/bamfsaber"
          }
        },
        {
          "when": "Red LightSaber",
          "model": {
            "type": "minecraft:model",
            "model": "minecraft:item/weapons/netherite_sword/lightsabers/darthsaber"
          }
        },
        {
          "when": "Blue LightSaber",
          "model": {
            "type": "minecraft:model",
            "model": "minecraft:item/weapons/netherite_sword/lightsabers/skysaber"
          }
        },
        {
          "when": "Infinity Blade",
          "model": {
            "type": "minecraft:model",
            "model": "minecraft:item/weapons/netherite_sword/customswords/infinity_blade_3d"
          }
        },
        {
          "when": "Modern Infinity Blade",
          "model": {
            "type": "minecraft:model",
            "model": "minecraft:item/weapons/netherite_sword/customswords/modern_infinity_blade_3d"
          }
        },
        {
          "when": "Shroom Sword",
          "model": {
            "type": "minecraft:model",
            "model": "minecraft:item/weapons/shroom_set/shroom_sword"
          }
        },
        {
          "when": "Orphan Obliterator",
          "model": {
            "type": "minecraft:model",
            "model": "minecraft:item/weapons/netherite_sword/customswords/orphan_obliterator"
          }
        },
        {
          "when": "Command Staff",
          "model": {
            "type": "minecraft:select",
            "property": "minecraft:component",
            "component": "minecraft:base_color",
            "cases": [
              {
                "when": "black",
                "model": {
                  "type": "minecraft:model",
                  "model": "minecraft:item/weapons/misc/command_staff"
                }
              }
            ],
            "fallback": {
              "type": "minecraft:model",
              "model": "minecraft:item/netherite_sword"
            }
          }
        },
        {
          "when": "Mᴏᴏɴʟɪɢʜᴛ Gʀᴇᴀᴛsᴡᴏʀᴅ",
          "model": {
            "type": "minecraft:select",
            "property": "minecraft:component",
            "component": "minecraft:lore",
            "cases": [
              {
                "when": [
                  {
                    "text": "",
                    "extra": [
                      {
                        "text": "Intelligence Required",
                        "color": "aqua",
                        "bold": false,
                        "italic": false,
                        "underlined": false,
                        "strikethrough": false,
                        "obfuscated": false
                      }
                    ]
                  }
                ],
                "model": {
                  "type": "minecraft:model",
                  "model": "minecraft:item/weapons/netherite_sword/customswords/holymoonlightsword"
                }
              }
            ],
            "fallback": {
              "type": "minecraft:model",
              "model": "minecraft:item/netherite_sword"
            }
          }
        },
        {
          "when": "Bebra",
          "model": {
            "type": "minecraft:model",
            "model": "minecraft:item/weapons/netherite_sword/customswords/bebra"
          }
        },
        {
          "when": "·÷±‡±𝒮𝒾𝓂𝓅 𝒮𝒾𝓁𝑒𝓃𝒸𝑒𝓇±‡±÷·",
          "model": {
            "type": "minecraft:model",
            "model": "minecraft:item/weapons/netherite_sword/customswords/frop_sword"
          }
        },
        {
          "when": "Dark Souls Sword",
          "model": {
            "type": "minecraft:model",
            "model": "minecraft:item/weapons/netherite_sword/customswords/players_dark_soul_sword"
          }
        },
        {
          "when": "Big Arms",
          "model": {
            "type": "minecraft:model",
            "model": "minecraft:item/weapons/netherite_sword/customswords/invisible_sword"
          }
        }
      ],
      "fallback": {
        "type": "minecraft:model",
        "model": "minecraft:item/netherite_sword"
      }
    },
    "on_false": {
      "type": "minecraft:model",
      "model": "minecraft:item/netherite_sword"
    }
  }
}