{
  "model": {
    "type": "select",
    "component": "minecraft:custom_name",
    "cases": [
      {
        "when": {
          "italic": false,
          "text": "Scroll of Icarian Flight"
        },
        "model": {
          "type": "minecraft:model",
          "model": "item/misc/scroll_of_icarian_flight"
        }
      },
      {
        "when": "Bag For Head",
        "model": {
          "type": "minecraft:model",
          "model": "item/hats/bag_for_head"
        }
      },
      {
        "when": "BjornHeim Ticket",
        "model": {
          "type": "minecraft:model",
          "model": "item/misc/bjornheim_ticket"
        }
      },
      {
        "when": "Miin Glasses",
        "model": {
          "type": "minecraft:model",
          "model": "item/hats/miin_glasses"
        }
      },
      {
        "when": "Jester Hat",
        "model": {
          "type": "minecraft:model",
          "model": "item/hats/jester_hat"
        }
      },
      {
        "when": "Miin Frog Friend",
        "model": {
          "type": "minecraft:model",
          "model": "item/hats/miin_frog"
        }
      },
      {
        "when": "Fox King Crown",
        "model": {
          "type": "minecraft:model",
          "model": "item/hats/fox_crown"
        }
      },
      {
        "when": "Bear Concert Guitar",
        "model": {
          "type": "minecraft:model",
          "model": "item/misc/bear_mega_cool_guitar"
        }
      },
      {
        "when": "Pippin",
        "model": {
          "type": "minecraft:select",
          "property": "minecraft:component",
          "component": "minecraft:lore",
          "cases": [
            {
              "when": [
                {
                  "text": "",
                  "extra": [
                    {
                      "text": "IT COMES IN PINTS?",
                      "type": "text",
                      "color": "#e88411",
                      "bold": false,
                      "italic": false,
                      "underlined": false,
                      "strikethrough": false,
                      "obfuscated": false
                    }
                  ]
                }
              ],
              "model": {
                "type": "minecraft:condition",
                "property": "minecraft:keybind_down",
                "keybind": "key.playerlist",
                "on_true": {
                  "type": "minecraft:model",
                  "model": "item/players/player_plushies/display/gollum"
                },
                "on_false": {
                  "type": "minecraft:model",
                  "model": "item/players/player_plushies/display/pippin_wave"
                }
              }
            }
          ],
          "fallback": {
            "type": "minecraft:model",
            "model": "minecraft:item/paper"
          }
        }
      }
    ],
    "property": "component",
    "fallback": {
      "type": "minecraft:model",
      "model": "minecraft:item/paper"
    }
  }
}