{
  "oversized_in_gui": true,
  "model": {
    "type": "select",
    "component": "custom_name",
    "cases": [
      {
        "when": "Spear of Longinus",
        "model": {
          "type": "minecraft:condition",
          "property": "minecraft:using_item",
          "on_true": {
            "type": "minecraft:model",
            "model": "item/weapons/trident/spear_of_longinus_throwing",
            "base": "item/weapons/trident/spear_of_longinus_throwing"
          },
          "on_false": {
            "type": "minecraft:model",
            "model": "item/weapons/trident/spear_of_longinus",
            "tints": []
          }
        }
      },
      {
        "when": "Xonnie's Trident",
        "model": {
          "type": "minecraft:condition",
          "property": "minecraft:using_item",
          "on_true": {
            "type": "minecraft:model",
            "model": "item/weapons/trident/xonnies_trident_throwing"
          },
          "on_false": {
            "type": "minecraft:model",
            "model": "item/weapons/trident/xonnies_trident"
          }
        }
      }
    ],
    "fallback": {
      "type": "select",
      "property": "display_context",
      "cases": [
        {
          "when": [
            "gui",
            "ground",
            "fixed"
          ],
          "model": {
            "type": "model",
            "model": "item/trident"
          }
        }
      ],
      "fallback": {
        "type": "condition",
        "property": "using_item",
        "on_true": {
          "type": "special",
          "model": {
            "type": "trident"
          },
          "base": "item/trident_throwing"
        },
        "on_false": {
          "type": "special",
          "model": {
            "type": "trident"
          },
          "base": "item/trident_in_hand"
        }
      }
    },
    "property": "component"
  }
}