{
  "model": {
    "type": "minecraft:select",
    "property": "minecraft:component",
    "component": "minecraft:writable_book_content",
    "cases": [
      {
        "when": {
          "pages": [
            {
              "raw": "Plushie\nLeonSKennedy\nWave"
            }
          ]
        },
        "model": {
          "type": "minecraft:model",
          "model": "item/players/player_plushies/display/leon_s/leon_s_wave"
        }
      },
      {
        "when": {
          "pages": [
            {
              "raw": "Plushie\nLeonSKennedy\nStand"
            }
          ]
        },
        "model": {
          "type": "minecraft:model",
          "model": "item/players/player_plushies/display/leon_s/leon_s"
        }
      },
      {
        "when": {
          "pages": [
            {
              "raw": "Plushie\nLeonSKennedy\nSit"
            }
          ]
        },
        "model": {
          "type": "minecraft:model",
          "model": "item/players/player_plushies/display/leon_s/leon_s_sit"
        }
      },
      {
        "when": {
          "pages": [
            {
              "raw": "Painting\nHarry Banana"
            }
          ]
        },
        "model": {
          "type": "minecraft:model",
          "model": "item/paintings/3x3/banana_harry"
        }
      },
      {
        "when": {
          "pages": [
            {
              "raw": "Painting\nLivi Duck"
            }
          ]
        },
        "model": {
          "type": "minecraft:model",
          "model": "item/paintings/1x1/livi_duck"
        }
      },
      {
        "when": {
          "pages": [
            {
              "raw": "Painting\nDino"
            }
          ]
        },
        "model": {
          "type": "minecraft:model",
          "model": "item/paintings/1x2/turtle_bro_dino"
        }
      },
      {
        "when": {
          "pages": [
            {
              "raw": "Painting\nTT"
            }
          ]
        },
        "model": {
          "type": "minecraft:model",
          "model": "item/paintings/3x3/turtle_bro_harry"
        }
      },
      {
        "when": {
          "pages": [
            {
              "raw": "Painting\nTechno Pond"
            }
          ]
        },
        "model": {
          "type": "minecraft:model",
          "model": "item/paintings/3x2/techno_pond"
        }
      },
      {
        "when": {
          "pages": [
            {
              "raw": "Painting\nVV Lighting Strike Pov"
            }
          ]
        },
        "model": {
          "type": "minecraft:model",
          "model": "item/paintings/2x3/vanda_strike"
        }
      },
      {
        "when": {
          "pages": [
            {
              "raw": "Painting\nVV Monochrome Dreams"
            }
          ]
        },
        "model": {
          "type": "minecraft:model",
          "model": "item/paintings/2x3/vanda_dreams"
        }
      },
      {
        "when": {
          "pages": [
            {
              "raw": "Painting\nVV RainFall"
            }
          ]
        },
        "model": {
          "type": "minecraft:model",
          "model": "item/paintings/2x3/vanda_rainfall"
        }
      },
      {
        "when": {
          "pages": [
            {
              "raw": "Painting\nVV Castle In The Hills"
            }
          ]
        },
        "model": {
          "type": "minecraft:model",
          "model": "item/paintings/2x3/vanda_castle"
        }
      },
      {
        "when": {
          "pages": [
            {
              "raw": "Painting\nVV Establishing Shot 1"
            }
          ]
        },
        "model": {
          "type": "minecraft:model",
          "model": "item/paintings/2x3/vanda_town"
        }
      },
      {
        "when": {
          "pages": [
            {
              "raw": "Painting\nDino Bathwater"
            }
          ]
        },
        "model": {
          "type": "minecraft:model",
          "model": "item/paintings/1x2/dino_bath"
        }
      },
      {
        "when": {
          "pages": [
            {
              "raw": "Painting\nBruni Cute"
            }
          ]
        },
        "model": {
          "type": "minecraft:model",
          "model": "item/paintings/1x1/bruni_cute"
        }
      },
      {
        "when": {
          "pages": [
            {
              "raw": "Painting\nBruni Meme"
            }
          ]
        },
        "model": {
          "type": "minecraft:model",
          "model": "item/paintings/1x1/bruni_discord"
        }
      },
      {
        "when": {
          "pages": [
            {
              "raw": "Painting\nDino Nude"
            }
          ]
        },
        "model": {
          "type": "minecraft:model",
          "model": "item/paintings/3x3/dino_nude"
        }
      },
      {
        "when": {
          "pages": [
            {
              "raw": "Painting\nUser Wild"
            }
          ]
        },
        "model": {
          "type": "minecraft:model",
          "model": "item/paintings/3x3/user"
        }
      },
      {
        "when": {
          "pages": [
            {
              "raw": "Player Model\nHerobrine\nArmor Stand"
            }
          ]
        },
        "model": {
          "type": "minecraft:model",
          "model": "item/players/fullsize/herobrine"
        }
      },
      {
        "when": {
          "pages": [
            {
              "raw": "Player Model\nTechnoblade\nArmor Stand"
            }
          ]
        },
        "model": {
          "type": "minecraft:model",
          "model": "item/players/fullsize/technoblade"
        }
      },
      {
        "when": {
          "pages": [
            {
              "raw": "Weapons\nFrop Sword"
            }
          ]
        },
        "model": {
          "type": "minecraft:select",
          "property": "minecraft:component",
          "component": "minecraft:lore",
          "cases": [
            {
              "when": [
                {
                  "text": "",
                  "extra": [
                    {
                      "text": "Admin Book",
                      "type": "text",
                      "color": "dark_red",
                      "bold": false,
                      "italic": false,
                      "underlined": false,
                      "strikethrough": false,
                      "obfuscated": false
                    }
                  ]
                }
              ],
              "model": {
                "type": "minecraft:model",
                "model": "item/weapons/netherite_sword/customswords/frop_sword"
              }
            }
          ],
          "fallback": {
            "type": "minecraft:model",
            "model": "minecraft:item/writable_book"
          }
        }
      },
      {
        "when": {
          "pages": [
            {
              "raw": "Weapons\nBebra"
            }
          ]
        },
        "model": {
          "type": "minecraft:select",
          "property": "minecraft:component",
          "component": "minecraft:lore",
          "cases": [
            {
              "when": [
                {
                  "text": "",
                  "extra": [
                    {
                      "text": "Admin Book",
                      "type": "text",
                      "color": "dark_red",
                      "bold": false,
                      "italic": false,
                      "underlined": false,
                      "strikethrough": false,
                      "obfuscated": false
                    }
                  ]
                }
              ],
              "model": {
                "type": "minecraft:model",
                "model": "item/weapons/netherite_sword/customswords/bebra"
              }
            }
          ],
          "fallback": {
            "type": "minecraft:model",
            "model": "minecraft:item/writable_book"
          }
        }
      },
      {
        "when": {
          "pages": [
            {
              "raw": "Weapons\nInfinity Blade"
            }
          ]
        },
        "model": {
          "type": "minecraft:select",
          "property": "minecraft:component",
          "component": "minecraft:lore",
          "cases": [
            {
              "when": [
                {
                  "text": "",
                  "extra": [
                    {
                      "text": "Admin Book",
                      "type": "text",
                      "color": "dark_red",
                      "bold": false,
                      "italic": false,
                      "underlined": false,
                      "strikethrough": false,
                      "obfuscated": false
                    }
                  ]
                }
              ],
              "model": {
                "type": "minecraft:model",
                "model": "item/weapons/netherite_sword/customswords/infinity_blade_3d"
              }
            }
          ],
          "fallback": {
            "type": "minecraft:model",
            "model": "minecraft:item/writable_book"
          }
        }
      },
      {
        "when": {
          "pages": [
            {
              "raw": "Weapons\nMoonLight GreatSword"
            }
          ]
        },
        "model": {
          "type": "minecraft:select",
          "property": "minecraft:component",
          "component": "minecraft:lore",
          "cases": [
            {
              "when": [
                {
                  "text": "",
                  "extra": [
                    {
                      "text": "Admin Book",
                      "type": "text",
                      "color": "dark_red",
                      "bold": false,
                      "italic": false,
                      "underlined": false,
                      "strikethrough": false,
                      "obfuscated": false
                    }
                  ]
                }
              ],
              "model": {
                "type": "minecraft:model",
                "model": "item/weapons/netherite_sword/customswords/holymoonlightsword"
              }
            }
          ],
          "fallback": {
            "type": "minecraft:model",
            "model": "minecraft:item/writable_book"
          }
        }
      },
      {
        "when": {
          "pages": [
            {
              "raw": "Weapons\nModern Infinity Blade"
            }
          ]
        },
        "model": {
          "type": "minecraft:select",
          "property": "minecraft:component",
          "component": "minecraft:lore",
          "cases": [
            {
              "when": [
                {
                  "text": "",
                  "extra": [
                    {
                      "text": "Admin Book",
                      "type": "text",
                      "color": "dark_red",
                      "bold": false,
                      "italic": false,
                      "underlined": false,
                      "strikethrough": false,
                      "obfuscated": false
                    }
                  ]
                }
              ],
              "model": {
                "type": "minecraft:model",
                "model": "item/weapons/netherite_sword/customswords/modern_infinity_blade_3d"
              }
            }
          ],
          "fallback": {
            "type": "minecraft:model",
            "model": "minecraft:item/writable_book"
          }
        }
      },
      {
        "when": {
          "pages": [
            {
              "raw": "Weapons\nOrphan Obliterator"
            }
          ]
        },
        "model": {
          "type": "minecraft:select",
          "property": "minecraft:component",
          "component": "minecraft:lore",
          "cases": [
            {
              "when": [
                {
                  "text": "",
                  "extra": [
                    {
                      "text": "Admin Book",
                      "type": "text",
                      "color": "dark_red",
                      "bold": false,
                      "italic": false,
                      "underlined": false,
                      "strikethrough": false,
                      "obfuscated": false
                    }
                  ]
                }
              ],
              "model": {
                "type": "minecraft:model",
                "model": "item/weapons/netherite_sword/customswords/orphan_obliterator"
              }
            }
          ],
          "fallback": {
            "type": "minecraft:model",
            "model": "minecraft:item/writable_book"
          }
        }
      },
      {
        "when": {
          "pages": [
            {
              "raw": "Weapons\nDark Souls Sword"
            }
          ]
        },
        "model": {
          "type": "minecraft:select",
          "property": "minecraft:component",
          "component": "minecraft:lore",
          "cases": [
            {
              "when": [
                {
                  "text": "",
                  "extra": [
                    {
                      "text": "Admin Book",
                      "type": "text",
                      "color": "dark_red",
                      "bold": false,
                      "italic": false,
                      "underlined": false,
                      "strikethrough": false,
                      "obfuscated": false
                    }
                  ]
                }
              ],
              "model": {
                "type": "minecraft:model",
                "model": "item/weapons/netherite_sword/customswords/players_dark_soul_sword"
              }
            }
          ],
          "fallback": {
            "type": "minecraft:model",
            "model": "minecraft:item/writable_book"
          }
        }
      },
      {
        "when": {
          "pages": [
            {
              "raw": "Weapons\nLightSaber\nGreen"
            }
          ]
        },
        "model": {
          "type": "minecraft:select",
          "property": "minecraft:component",
          "component": "minecraft:lore",
          "cases": [
            {
              "when": [
                {
                  "text": "",
                  "extra": [
                    {
                      "text": "Admin Book",
                      "type": "text",
                      "color": "dark_red",
                      "bold": false,
                      "italic": false,
                      "underlined": false,
                      "strikethrough": false,
                      "obfuscated": false
                    }
                  ]
                }
              ],
              "model": {
                "type": "minecraft:model",
                "model": "minecraft:item/weapons/netherite_sword/lightsabers/saberlight"
              }
            }
          ],
          "fallback": {
            "type": "minecraft:model",
            "model": "minecraft:item/writable_book"
          }
        }
      },
      {
        "when": {
          "pages": [
            {
              "raw": "Weapons\nLightSaber\nPurple"
            }
          ]
        },
        "model": {
          "type": "minecraft:select",
          "property": "minecraft:component",
          "component": "minecraft:lore",
          "cases": [
            {
              "when": [
                {
                  "text": "",
                  "extra": [
                    {
                      "text": "Admin Book",
                      "type": "text",
                      "color": "dark_red",
                      "bold": false,
                      "italic": false,
                      "underlined": false,
                      "strikethrough": false,
                      "obfuscated": false
                    }
                  ]
                }
              ],
              "model": {
                "type": "minecraft:model",
                "model": "item/weapons/netherite_sword/lightsabers/bamfsaber"
              }
            }
          ],
          "fallback": {
            "type": "minecraft:model",
            "model": "minecraft:item/writable_book"
          }
        }
      },
      {
        "when": {
          "pages": [
            {
              "raw": "Weapons\nLightSaber\nRed"
            }
          ]
        },
        "model": {
          "type": "minecraft:select",
          "property": "minecraft:component",
          "component": "minecraft:lore",
          "cases": [
            {
              "when": [
                {
                  "text": "",
                  "extra": [
                    {
                      "text": "Admin Book",
                      "type": "text",
                      "color": "dark_red",
                      "bold": false,
                      "italic": false,
                      "underlined": false,
                      "strikethrough": false,
                      "obfuscated": false
                    }
                  ]
                }
              ],
              "model": {
                "type": "minecraft:model",
                "model": "item/weapons/netherite_sword/lightsabers/darthsaber"
              }
            }
          ],
          "fallback": {
            "type": "minecraft:model",
            "model": "minecraft:item/writable_book"
          }
        }
      },
      {
        "when": {
          "pages": [
            {
              "raw": "Weapons\nLightSaber\nBlue"
            }
          ]
        },
        "model": {
          "type": "minecraft:select",
          "property": "minecraft:component",
          "component": "minecraft:lore",
          "cases": [
            {
              "when": [
                {
                  "text": "",
                  "extra": [
                    {
                      "text": "Admin Book",
                      "type": "text",
                      "color": "dark_red",
                      "bold": false,
                      "italic": false,
                      "underlined": false,
                      "strikethrough": false,
                      "obfuscated": false
                    }
                  ]
                }
              ],
              "model": {
                "type": "minecraft:model",
                "model": "item/weapons/netherite_sword/lightsabers/skysaber"
              }
            }
          ],
          "fallback": {
            "type": "minecraft:model",
            "model": "minecraft:item/writable_book"
          }
        }
      },
      {
        "when": {
          "pages": [
            {
              "raw": "Weapons\nBan Hammer"
            }
          ]
        },
        "model": {
          "type": "minecraft:select",
          "property": "minecraft:component",
          "component": "minecraft:lore",
          "cases": [
            {
              "when": [
                {
                  "text": "",
                  "extra": [
                    {
                      "text": "Admin Book",
                      "type": "text",
                      "color": "dark_red",
                      "bold": false,
                      "italic": false,
                      "underlined": false,
                      "strikethrough": false,
                      "obfuscated": false
                    }
                  ]
                }
              ],
              "model": {
                "type": "minecraft:model",
                "model": "item/weapons/mace/ban_hammer"
              }
            }
          ],
          "fallback": {
            "type": "minecraft:model",
            "model": "minecraft:item/writable_book"
          }
        }
      },
      {
        "when": {
          "pages": [
            {
              "raw": "Weapons\nMjolnir"
            }
          ]
        },
        "model": {
          "type": "minecraft:select",
          "property": "minecraft:component",
          "component": "minecraft:lore",
          "cases": [
            {
              "when": [
                {
                  "text": "",
                  "extra": [
                    {
                      "text": "Admin Book",
                      "type": "text",
                      "color": "dark_red",
                      "bold": false,
                      "italic": false,
                      "underlined": false,
                      "strikethrough": false,
                      "obfuscated": false
                    }
                  ]
                }
              ],
              "model": {
                "type": "minecraft:model",
                "model": "item/weapons/mace/mjolnir"
              }
            }
          ],
          "fallback": {
            "type": "minecraft:model",
            "model": "minecraft:item/writable_book"
          }
        }
      },
      {
        "when": {
          "pages": [
            {
              "raw": "Weapons\nBlack Iron Greataxe"
            }
          ]
        },
        "model": {
          "type": "minecraft:select",
          "property": "minecraft:component",
          "component": "minecraft:lore",
          "cases": [
            {
              "when": [
                {
                  "text": "",
                  "extra": [
                    {
                      "text": "Admin Book",
                      "type": "text",
                      "color": "dark_red",
                      "bold": false,
                      "italic": false,
                      "underlined": false,
                      "strikethrough": false,
                      "obfuscated": false
                    }
                  ]
                }
              ],
              "model": {
                "type": "minecraft:model",
                "model": "item/weapons/netherite_axe/black_iron_greataxe"
              }
            }
          ],
          "fallback": {
            "type": "minecraft:model",
            "model": "minecraft:item/writable_book"
          }
        }
      },
      {
        "when": {
          "pages": [
            {
              "raw": "Weapons\nShroom Axe"
            }
          ]
        },
        "model": {
          "type": "minecraft:select",
          "property": "minecraft:component",
          "component": "minecraft:lore",
          "cases": [
            {
              "when": [
                {
                  "text": "",
                  "extra": [
                    {
                      "text": "Admin Book",
                      "type": "text",
                      "color": "dark_red",
                      "bold": false,
                      "italic": false,
                      "underlined": false,
                      "strikethrough": false,
                      "obfuscated": false
                    }
                  ]
                }
              ],
              "model": {
                "type": "minecraft:model",
                "model": "item/weapons/shroom_set/shroom_axe"
              }
            }
          ],
          "fallback": {
            "type": "minecraft:model",
            "model": "minecraft:item/writable_book"
          }
        }
      },
      {
        "when": {
          "pages": [
            {
              "raw": "Weapons\nShroom Sword"
            }
          ]
        },
        "model": {
          "type": "minecraft:select",
          "property": "minecraft:component",
          "component": "minecraft:lore",
          "cases": [
            {
              "when": [
                {
                  "text": "",
                  "extra": [
                    {
                      "text": "Admin Book",
                      "type": "text",
                      "color": "dark_red",
                      "bold": false,
                      "italic": false,
                      "underlined": false,
                      "strikethrough": false,
                      "obfuscated": false
                    }
                  ]
                }
              ],
              "model": {
                "type": "minecraft:model",
                "model": "item/weapons/shroom_set/shroom_sword"
              }
            }
          ],
          "fallback": {
            "type": "minecraft:model",
            "model": "minecraft:item/writable_book"
          }
        }
      },
      {
        "when": {
          "pages": [
            {
              "raw": "Weapons\nLeviathan"
            }
          ]
        },
        "model": {
          "type": "minecraft:select",
          "property": "minecraft:component",
          "component": "minecraft:lore",
          "cases": [
            {
              "when": [
                {
                  "text": "",
                  "extra": [
                    {
                      "text": "Admin Book",
                      "type": "text",
                      "color": "dark_red",
                      "bold": false,
                      "italic": false,
                      "underlined": false,
                      "strikethrough": false,
                      "obfuscated": false
                    }
                  ]
                }
              ],
              "model": {
                "type": "minecraft:model",
                "model": "item/weapons/netherite_axe/leviathan"
              }
            }
          ],
          "fallback": {
            "type": "minecraft:model",
            "model": "minecraft:item/writable_book"
          }
        }
      },
      {
        "when": {
          "pages": [
            {
              "raw": "Tools\nShroom Hoe"
            }
          ]
        },
        "model": {
          "type": "minecraft:select",
          "property": "minecraft:component",
          "component": "minecraft:lore",
          "cases": [
            {
              "when": [
                {
                  "text": "",
                  "extra": [
                    {
                      "text": "Admin Book",
                      "type": "text",
                      "color": "dark_red",
                      "bold": false,
                      "italic": false,
                      "underlined": false,
                      "strikethrough": false,
                      "obfuscated": false
                    }
                  ]
                }
              ],
              "model": {
                "type": "minecraft:model",
                "model": "item/weapons/shroom_set/shroom_hoe"
              }
            }
          ],
          "fallback": {
            "type": "minecraft:model",
            "model": "minecraft:item/writable_book"
          }
        }
      },
      {
        "when": {
          "pages": [
            {
              "raw": "Tools\nShroom Pickaxe"
            }
          ]
        },
        "model": {
          "type": "minecraft:select",
          "property": "minecraft:component",
          "component": "minecraft:lore",
          "cases": [
            {
              "when": [
                {
                  "text": "",
                  "extra": [
                    {
                      "text": "Admin Book",
                      "type": "text",
                      "color": "dark_red",
                      "bold": false,
                      "italic": false,
                      "underlined": false,
                      "strikethrough": false,
                      "obfuscated": false
                    }
                  ]
                }
              ],
              "model": {
                "type": "minecraft:model",
                "model": "item/weapons/shroom_set/shroom_pickaxe"
              }
            }
          ],
          "fallback": {
            "type": "minecraft:model",
            "model": "minecraft:item/writable_book"
          }
        }
      },
      {
        "when": {
          "pages": [
            {
              "raw": "Tools\nShroom Shovel"
            }
          ]
        },
        "model": {
          "type": "minecraft:select",
          "property": "minecraft:component",
          "component": "minecraft:lore",
          "cases": [
            {
              "when": [
                {
                  "text": "",
                  "extra": [
                    {
                      "text": "Admin Book",
                      "type": "text",
                      "color": "dark_red",
                      "bold": false,
                      "italic": false,
                      "underlined": false,
                      "strikethrough": false,
                      "obfuscated": false
                    }
                  ]
                }
              ],
              "model": {
                "type": "minecraft:model",
                "model": "item/weapons/shroom_set/shroom_shovel"
              }
            }
          ],
          "fallback": {
            "type": "minecraft:model",
            "model": "minecraft:item/writable_book"
          }
        }
      },
      {
        "when": {
          "pages": [
            {
              "raw": "Weapons\nSpear of Longinus"
            }
          ]
        },
        "model": {
          "type": "minecraft:select",
          "property": "minecraft:component",
          "component": "minecraft:lore",
          "cases": [
            {
              "when": [
                {
                  "text": "",
                  "extra": [
                    {
                      "text": "Admin Book",
                      "type": "text",
                      "color": "dark_red",
                      "bold": false,
                      "italic": false,
                      "underlined": false,
                      "strikethrough": false,
                      "obfuscated": false
                    }
                  ]
                }
              ],
              "model": {
                "type": "minecraft:model",
                "model": "item/weapons/trident/spear_of_longinus"
              }
            }
          ],
          "fallback": {
            "type": "minecraft:model",
            "model": "minecraft:item/writable_book"
          }
        }
      },
      {
        "when": {
          "pages": [
            {
              "raw": "Weapons\nXonnie's Trident"
            }
          ]
        },
        "model": {
          "type": "minecraft:select",
          "property": "minecraft:component",
          "component": "minecraft:lore",
          "cases": [
            {
              "when": [
                {
                  "text": "",
                  "extra": [
                    {
                      "text": "Admin Book",
                      "type": "text",
                      "color": "dark_red",
                      "bold": false,
                      "italic": false,
                      "underlined": false,
                      "strikethrough": false,
                      "obfuscated": false
                    }
                  ]
                }
              ],
              "model": {
                "type": "minecraft:model",
                "model": "item/weapons/trident/xonnies_trident"
              }
            }
          ],
          "fallback": {
            "type": "minecraft:model",
            "model": "minecraft:item/writable_book"
          }
        }
      },
      {
        "when": {
          "pages": [
            {
              "raw": "Hats\nBag For Head"
            }
          ]
        },
        "model": {
          "type": "minecraft:model",
          "model": "item/hats/bag_for_head"
        }
      },
      {
        "when": {
          "pages": [
            {
              "raw": "Hats\nMiin Glasses"
            }
          ]
        },
        "model": {
          "type": "minecraft:model",
          "model": "item/hats/miin_glasses"
        }
      },
      {
        "when": {
          "pages": [
            {
              "raw": "Hats\nJester Hat"
            }
          ]
        },
        "model": {
          "type": "minecraft:model",
          "model": "item/hats/jester_hat"
        }
      },
      {
        "when": {
          "pages": [
            {
              "raw": "Hats\nMiin Frog Friend"
            }
          ]
        },
        "model": {
          "type": "minecraft:model",
          "model": "item/hats/miin_frog"
        }
      },
      {
        "when": {
          "pages": [
            {
              "raw": "Hats\nFox King Crown"
            }
          ]
        },
        "model": {
          "type": "minecraft:model",
          "model": "item/hats/fox_crown"
        }
      },
      {
        "when": {
          "pages": [
            {
              "raw": "Plushie\nAllay"
            }
          ]
        },
        "model": {
          "type": "minecraft:model",
          "model": "item/plushies/display/plushie_allay"
        }
      },
      {
        "when": {
          "pages": [
            {
              "raw": "Plushie\nArmadillo"
            }
          ]
        },
        "model": {
          "type": "minecraft:model",
          "model": "item/plushies/display/plushie_armadillo"
        }
      },
      {
        "when": {
          "pages": [
            {
              "raw": "Plushie\nAxolotl"
            }
          ]
        },
        "model": {
          "type": "minecraft:model",
          "model": "item/plushies/display/plushie_axolotl"
        }
      },
      {
        "when": {
          "pages": [
            {
              "raw": "Plushie\nBat"
            }
          ]
        },
        "model": {
          "type": "minecraft:model",
          "model": "item/plushies/display/plushie_bat"
        }
      },
      {
        "when": {
          "pages": [
            {
              "raw": "Plushie\nBee"
            }
          ]
        },
        "model": {
          "type": "minecraft:model",
          "model": "item/plushies/display/plushie_bee"
        }
      },
      {
        "when": {
          "pages": [
            {
              "raw": "Plushie\nBlaze"
            }
          ]
        },
        "model": {
          "type": "minecraft:model",
          "model": "item/plushies/display/plushie_blaze"
        }
      },
      {
        "when": {
          "pages": [
            {
              "raw": "Plushie\nBreeze"
            }
          ]
        },
        "model": {
          "type": "minecraft:model",
          "model": "item/plushies/display/plushie_breeze"
        }
      },
      {
        "when": {
          "pages": [
            {
              "raw": "Plushie\nCamel"
            }
          ]
        },
        "model": {
          "type": "minecraft:model",
          "model": "item/plushies/display/plushie_camel"
        }
      },
      {
        "when": {
          "pages": [
            {
              "raw": "Plushie\nCat"
            }
          ]
        },
        "model": {
          "type": "minecraft:model",
          "model": "item/plushies/display/plushie_cat"
        }
      },
      {
        "when": {
          "pages": [
            {
              "raw": "Plushie\nCave Spider"
            }
          ]
        },
        "model": {
          "type": "minecraft:model",
          "model": "item/plushies/display/plushie_cave_spider"
        }
      },
      {
        "when": {
          "pages": [
            {
              "raw": "Plushie\nChewie"
            }
          ]
        },
        "model": {
          "type": "minecraft:model",
          "model": "item/plushies/display/plushie_chewie"
        }
      },
      {
        "when": {
          "pages": [
            {
              "raw": "Plushie\nChicken"
            }
          ]
        },
        "model": {
          "type": "minecraft:model",
          "model": "item/plushies/display/plushie_chicken"
        }
      },
      {
        "when": {
          "pages": [
            {
              "raw": "Plushie\nCow"
            }
          ]
        },
        "model": {
          "type": "minecraft:model",
          "model": "item/plushies/display/plushie_cow"
        }
      },
      {
        "when": {
          "pages": [
            {
              "raw": "Plushie\nSeal"
            }
          ]
        },
        "model": {
          "type": "minecraft:model",
          "model": "item/plushies/display/plushie_seal"
        }
      },
      {
        "when": {
          "pages": [
            {
              "raw": "Plushie\nCreeper"
            }
          ]
        },
        "model": {
          "type": "minecraft:model",
          "model": "item/plushies/display/plushie_creeper"
        }
      },
      {
        "when": {
          "pages": [
            {
              "raw": "Plushie\nHan Solo"
            }
          ]
        },
        "model": {
          "type": "minecraft:model",
          "model": "item/plushies/display/plushie_dan_rolo"
        }
      },
      {
        "when": {
          "pages": [
            {
              "raw": "Plushie\nDarth Vader"
            }
          ]
        },
        "model": {
          "type": "minecraft:model",
          "model": "item/plushies/display/plushie_dark_father"
        }
      },
      {
        "when": {
          "pages": [
            {
              "raw": "Plushie\nDolphin"
            }
          ]
        },
        "model": {
          "type": "minecraft:model",
          "model": "item/plushies/display/plushie_dolphin"
        }
      },
      {
        "when": {
          "pages": [
            {
              "raw": "Plushie\nDonkey"
            }
          ]
        },
        "model": {
          "type": "minecraft:model",
          "model": "item/plushies/display/plushie_donkey"
        }
      },
      {
        "when": {
          "pages": [
            {
              "raw": "Plushie\nDrowned"
            }
          ]
        },
        "model": {
          "type": "minecraft:model",
          "model": "item/plushies/display/plushie_drowned"
        }
      },
      {
        "when": {
          "pages": [
            {
              "raw": "Plushie\nElder Guardian"
            }
          ]
        },
        "model": {
          "type": "minecraft:model",
          "model": "item/plushies/display/plushie_elder_guardian"
        }
      },
      {
        "when": {
          "pages": [
            {
              "raw": "Plushie\nEmperor Palpatine"
            }
          ]
        },
        "model": {
          "type": "minecraft:model",
          "model": "item/plushies/display/plushie_emperor"
        }
      },
      {
        "when": {
          "pages": [
            {
              "raw": "Plushie\nEnderdragon"
            }
          ]
        },
        "model": {
          "type": "minecraft:model",
          "model": "item/plushies/display/plushie_enderdragon"
        }
      },
      {
        "when": {
          "pages": [
            {
              "raw": "Plushie\nEnderman"
            }
          ]
        },
        "model": {
          "type": "minecraft:model",
          "model": "item/plushies/display/plushie_enderman"
        }
      },
      {
        "when": {
          "pages": [
            {
              "raw": "Plushie\nEvoker"
            }
          ]
        },
        "model": {
          "type": "minecraft:model",
          "model": "item/plushies/display/plushie_evoker"
        }
      },
      {
        "when": {
          "pages": [
            {
              "raw": "Plushie\nFox"
            }
          ]
        },
        "model": {
          "type": "minecraft:model",
          "model": "item/plushies/display/plushie_fox"
        }
      },
      {
        "when": {
          "pages": [
            {
              "raw": "Plushie\nFrog"
            }
          ]
        },
        "model": {
          "type": "minecraft:model",
          "model": "item/plushies/display/plushie_frog"
        }
      },
      {
        "when": {
          "pages": [
            {
              "raw": "Plushie\nGhast"
            }
          ]
        },
        "model": {
          "type": "minecraft:model",
          "model": "item/plushies/display/plushie_ghast"
        }
      },
      {
        "when": {
          "pages": [
            {
              "raw": "Plushie\nGlow Squid"
            }
          ]
        },
        "model": {
          "type": "minecraft:model",
          "model": "item/plushies/display/plushie_glow_squid"
        }
      },
      {
        "when": {
          "pages": [
            {
              "raw": "Plushie\nGoat"
            }
          ]
        },
        "model": {
          "type": "minecraft:model",
          "model": "item/plushies/display/plushie_goat"
        }
      },
      {
        "when": {
          "pages": [
            {
              "raw": "Plushie\nGuardian"
            }
          ]
        },
        "model": {
          "type": "minecraft:model",
          "model": "item/plushies/display/plushie_guardian"
        }
      },
      {
        "when": {
          "pages": [
            {
              "raw": "Plushie\nHoglin"
            }
          ]
        },
        "model": {
          "type": "minecraft:model",
          "model": "item/plushies/display/plushie_hoglin"
        }
      },
      {
        "when": {
          "pages": [
            {
              "raw": "Plushie\nHorse"
            }
          ]
        },
        "model": {
          "type": "minecraft:model",
          "model": "item/plushies/display/plushie_horse"
        }
      },
      {
        "when": {
          "pages": [
            {
              "raw": "Plushie\nHusk"
            }
          ]
        },
        "model": {
          "type": "minecraft:model",
          "model": "item/plushies/display/plushie_husk"
        }
      },
      {
        "when": {
          "pages": [
            {
              "raw": "Plushie\nIron Golem"
            }
          ]
        },
        "model": {
          "type": "minecraft:model",
          "model": "item/plushies/display/plushie_iron_golem"
        }
      },
      {
        "when": {
          "pages": [
            {
              "raw": "Plushie\nLlama"
            }
          ]
        },
        "model": {
          "type": "minecraft:model",
          "model": "item/plushies/display/plushie_llama"
        }
      },
      {
        "when": {
          "pages": [
            {
              "raw": "Plushie\nMagma Cube"
            }
          ]
        },
        "model": {
          "type": "minecraft:model",
          "model": "item/plushies/display/plushie_magma_cube"
        }
      },
      {
        "when": {
          "pages": [
            {
              "raw": "Plushie\nMooshroom"
            }
          ]
        },
        "model": {
          "type": "minecraft:model",
          "model": "item/plushies/display/plushie_mooshroom"
        }
      },
      {
        "when": {
          "pages": [
            {
              "raw": "Plushie\nMule"
            }
          ]
        },
        "model": {
          "type": "minecraft:model",
          "model": "item/plushies/display/plushie_mule"
        }
      },
      {
        "when": {
          "pages": [
            {
              "raw": "Plushie\nPanda"
            }
          ]
        },
        "model": {
          "type": "minecraft:model",
          "model": "item/plushies/display/plushie_panda"
        }
      },
      {
        "when": {
          "pages": [
            {
              "raw": "Plushie\nParrot"
            }
          ]
        },
        "model": {
          "type": "minecraft:model",
          "model": "item/plushies/display/plushie_parrot"
        }
      },
      {
        "when": {
          "pages": [
            {
              "raw": "Plushie\nPeter"
            }
          ]
        },
        "model": {
          "type": "minecraft:model",
          "model": "item/plushies/display/plushie_peter"
        }
      },
      {
        "when": {
          "pages": [
            {
              "raw": "Plushie\nPhantom"
            }
          ]
        },
        "model": {
          "type": "minecraft:model",
          "model": "item/plushies/display/plushie_phantom"
        }
      },
      {
        "when": {
          "pages": [
            {
              "raw": "Plushie\nPig"
            }
          ]
        },
        "model": {
          "type": "minecraft:model",
          "model": "item/plushies/display/plushie_pig"
        }
      },
      {
        "when": {
          "pages": [
            {
              "raw": "Plushie\nPiglin"
            }
          ]
        },
        "model": {
          "type": "minecraft:model",
          "model": "item/plushies/display/plushie_piglin"
        }
      },
      {
        "when": {
          "pages": [
            {
              "raw": "Plushie\nPiglin Brute"
            }
          ]
        },
        "model": {
          "type": "minecraft:model",
          "model": "item/plushies/display/plushie_piglin_brute"
        }
      },
      {
        "when": {
          "pages": [
            {
              "raw": "Plushie\nPillager"
            }
          ]
        },
        "model": {
          "type": "minecraft:model",
          "model": "item/plushies/display/plushie_pillager"
        }
      },
      {
        "when": {
          "pages": [
            {
              "raw": "Plushie\nPolar Bear"
            }
          ]
        },
        "model": {
          "type": "minecraft:model",
          "model": "item/plushies/display/plushie_polar_bear"
        }
      },
      {
        "when": {
          "pages": [
            {
              "raw": "Plushie\nPufferfish"
            }
          ]
        },
        "model": {
          "type": "minecraft:model",
          "model": "item/plushies/display/plushie_pufferfish"
        }
      },
      {
        "when": {
          "pages": [
            {
              "raw": "Plushie\nRabbit"
            }
          ]
        },
        "model": {
          "type": "minecraft:model",
          "model": "item/plushies/display/plushie_rabbit"
        }
      },
      {
        "when": {
          "pages": [
            {
              "raw": "Plushie\nRavanger"
            }
          ]
        },
        "model": {
          "type": "minecraft:model",
          "model": "item/plushies/display/plushie_ravanger"
        }
      },
      {
        "when": {
          "pages": [
            {
              "raw": "Plushie\nSheep"
            }
          ]
        },
        "model": {
          "type": "minecraft:model",
          "model": "item/plushies/display/plushie_sheep"
        }
      },
      {
        "when": {
          "pages": [
            {
              "raw": "Plushie\nShulker"
            }
          ]
        },
        "model": {
          "type": "minecraft:model",
          "model": "item/plushies/display/plushie_shulker"
        }
      },
      {
        "when": {
          "pages": [
            {
              "raw": "Plushie\nSkeleton"
            }
          ]
        },
        "model": {
          "type": "minecraft:model",
          "model": "item/plushies/display/plushie_skeleton"
        }
      },
      {
        "when": {
          "pages": [
            {
              "raw": "Plushie\nSkeleton Horse"
            }
          ]
        },
        "model": {
          "type": "minecraft:model",
          "model": "item/plushies/display/plushie_skeleton_horse"
        }
      },
      {
        "when": {
          "pages": [
            {
              "raw": "Plushie\nSlime"
            }
          ]
        },
        "model": {
          "type": "minecraft:model",
          "model": "item/plushies/display/plushie_slime"
        }
      },
      {
        "when": {
          "pages": [
            {
              "raw": "Plushie\nSniffer"
            }
          ]
        },
        "model": {
          "type": "minecraft:model",
          "model": "item/plushies/display/plushie_sniffer"
        }
      },
      {
        "when": {
          "pages": [
            {
              "raw": "Plushie\nSpider"
            }
          ]
        },
        "model": {
          "type": "minecraft:model",
          "model": "item/plushies/display/plushie_spider"
        }
      },
      {
        "when": {
          "pages": [
            {
              "raw": "Plushie\nSquid"
            }
          ]
        },
        "model": {
          "type": "minecraft:model",
          "model": "item/plushies/display/plushie_squid"
        }
      },
      {
        "when": {
          "pages": [
            {
              "raw": "Plushie\nStormtrooper"
            }
          ]
        },
        "model": {
          "type": "minecraft:model",
          "model": "item/plushies/display/plushie_storm_soldier"
        }
      },
      {
        "when": {
          "pages": [
            {
              "raw": "Plushie\nStray"
            }
          ]
        },
        "model": {
          "type": "minecraft:model",
          "model": "item/plushies/display/plushie_stray"
        }
      },
      {
        "when": {
          "pages": [
            {
              "raw": "Plushie\nStrider"
            }
          ]
        },
        "model": {
          "type": "minecraft:model",
          "model": "item/plushies/display/plushie_strider"
        }
      },
      {
        "when": {
          "pages": [
            {
              "raw": "Plushie\nTrader Llama"
            }
          ]
        },
        "model": {
          "type": "minecraft:model",
          "model": "item/plushies/display/plushie_trader_lama"
        }
      },
      {
        "when": {
          "pages": [
            {
              "raw": "Plushie\nTurtle"
            }
          ]
        },
        "model": {
          "type": "minecraft:model",
          "model": "item/plushies/display/plushie_turtle"
        }
      },
      {
        "when": {
          "pages": [
            {
              "raw": "Plushie\nVex"
            }
          ]
        },
        "model": {
          "type": "minecraft:model",
          "model": "item/plushies/display/plushie_vex"
        }
      },
      {
        "when": {
          "pages": [
            {
              "raw": "Plushie\nVillager"
            }
          ]
        },
        "model": {
          "type": "minecraft:model",
          "model": "item/plushies/display/plushie_villager"
        }
      },
      {
        "when": {
          "pages": [
            {
              "raw": "Plushie\nVindicator"
            }
          ]
        },
        "model": {
          "type": "minecraft:model",
          "model": "item/plushies/display/plushie_vindicator"
        }
      },
      {
        "when": {
          "pages": [
            {
              "raw": "Plushie\nWandering Trader"
            }
          ]
        },
        "model": {
          "type": "minecraft:model",
          "model": "item/plushies/display/plushie_wandering_trader"
        }
      },
      {
        "when": {
          "pages": [
            {
              "raw": "Plushie\nWarden"
            }
          ]
        },
        "model": {
          "type": "minecraft:model",
          "model": "item/plushies/display/plushie_warden"
        }
      },
      {
        "when": {
          "pages": [
            {
              "raw": "Plushie\nWitch"
            }
          ]
        },
        "model": {
          "type": "minecraft:model",
          "model": "item/plushies/display/plushie_witch"
        }
      },
      {
        "when": {
          "pages": [
            {
              "raw": "Plushie\nWither"
            }
          ]
        },
        "model": {
          "type": "minecraft:model",
          "model": "item/plushies/display/plushie_wither"
        }
      },
      {
        "when": {
          "pages": [
            {
              "raw": "Plushie\nWither Skeleton"
            }
          ]
        },
        "model": {
          "type": "minecraft:model",
          "model": "item/plushies/display/plushie_wither_skeleton"
        }
      },
      {
        "when": {
          "pages": [
            {
              "raw": "Plushie\nWolf"
            }
          ]
        },
        "model": {
          "type": "minecraft:model",
          "model": "item/plushies/display/plushie_wolf"
        }
      },
      {
        "when": {
          "pages": [
            {
              "raw": "Plushie\nYoda"
            }
          ]
        },
        "model": {
          "type": "minecraft:model",
          "model": "item/plushies/display/plushie_yoga"
        }
      },
      {
        "when": {
          "pages": [
            {
              "raw": "Plushie\nZoglin"
            }
          ]
        },
        "model": {
          "type": "minecraft:model",
          "model": "item/plushies/display/plushie_zoglin"
        }
      },
      {
        "when": {
          "pages": [
            {
              "raw": "Plushie\nZombie"
            }
          ]
        },
        "model": {
          "type": "minecraft:model",
          "model": "item/plushies/display/plushie_zombie"
        }
      },
      {
        "when": {
          "pages": [
            {
              "raw": "Plushie\nZombie Villager"
            }
          ]
        },
        "model": {
          "type": "minecraft:model",
          "model": "item/plushies/display/plushie_zombie_villager"
        }
      },
      {
        "when": {
          "pages": [
            {
              "raw": "Plushie\nZombified Piglin"
            }
          ]
        },
        "model": {
          "type": "minecraft:model",
          "model": "item/plushies/display/plushie_zombified_piglin"
        }
      },
      {
        "when": {
          "pages": [
            {
              "raw": "Plushie\nbluU pupU"
            }
          ]
        },
        "model": {
          "type": "minecraft:model",
          "model": "item/plushies/display/plushie_bluu_pupu"
        }
      },
      {
        "when": {
          "pages": [
            {
              "raw": "Plushie\nBear"
            }
          ]
        },
        "model": {
          "type": "minecraft:model",
          "model": "item/plushies/display/plushie_bear"
        }
      },
      {
        "when": {
          "pages": [
            {
              "raw": "Plushie\nCopper Golem Standing"
            }
          ]
        },
        "model": {
          "type": "minecraft:model",
          "model": "item/plushies/display/plushie_copper_golem_standing"
        }
      },
      {
        "when": {
          "pages": [
            {
              "raw": "Misc\nCigar"
            }
          ]
        },
        "model": {
          "type": "minecraft:select",
          "property": "minecraft:component",
          "component": "minecraft:lore",
          "cases": [
            {
              "when": [
                {
                  "text": "",
                  "extra": [
                    {
                      "text": "Admin Book",
                      "type": "text",
                      "color": "dark_red",
                      "bold": false,
                      "italic": false,
                      "underlined": false,
                      "strikethrough": false,
                      "obfuscated": false
                    }
                  ]
                }
              ],
              "model": {
                "type": "minecraft:model",
                "model": "item/smokes/sigar"
              }
            }
          ],
          "fallback": {
            "type": "minecraft:model",
            "model": "minecraft:item/writable_book"
          }
        }
      },
      {
        "when": {
          "pages": [
            {
              "raw": "Misc\nPipe"
            }
          ]
        },
        "model": {
          "type": "minecraft:select",
          "property": "minecraft:component",
          "component": "minecraft:lore",
          "cases": [
            {
              "when": [
                {
                  "text": "",
                  "extra": [
                    {
                      "text": "Admin Book",
                      "type": "text",
                      "color": "dark_red",
                      "bold": false,
                      "italic": false,
                      "underlined": false,
                      "strikethrough": false,
                      "obfuscated": false
                    }
                  ]
                }
              ],
              "model": {
                "type": "minecraft:model",
                "model": "item/smokes/trubka"
              }
            }
          ],
          "fallback": {
            "type": "minecraft:model",
            "model": "minecraft:item/writable_book"
          }
        }
      },
      {
        "when": {
          "pages": [
            {
              "raw": "Misc\nBinoculars"
            }
          ]
        },
        "model": {
          "type": "minecraft:select",
          "property": "minecraft:component",
          "component": "minecraft:lore",
          "cases": [
            {
              "when": [
                {
                  "text": "",
                  "extra": [
                    {
                      "text": "Admin Book",
                      "type": "text",
                      "color": "dark_red",
                      "bold": false,
                      "italic": false,
                      "underlined": false,
                      "strikethrough": false,
                      "obfuscated": false
                    }
                  ]
                }
              ],
              "model": {
                "type": "minecraft:model",
                "model": "item/misc/binoculars/binoculars_right"
              }
            }
          ],
          "fallback": {
            "type": "minecraft:model",
            "model": "minecraft:item/writable_book"
          }
        }
      },
      {
        "when": {
          "pages": [
            {
              "raw": "Misc\nJesus <3"
            }
          ]
        },
        "model": {
          "type": "minecraft:select",
          "property": "minecraft:component",
          "component": "minecraft:lore",
          "cases": [
            {
              "when": [
                {
                  "text": "",
                  "extra": [
                    {
                      "text": "Admin Book",
                      "type": "text",
                      "color": "dark_red",
                      "bold": false,
                      "italic": false,
                      "underlined": false,
                      "strikethrough": false,
                      "obfuscated": false
                    }
                  ]
                }
              ],
              "model": {
                "type": "minecraft:model",
                "model": "item/totem/jesus"
              }
            }
          ],
          "fallback": {
            "type": "minecraft:model",
            "model": "minecraft:item/writable_book"
          }
        }
      },
      {
        "when": {
          "pages": [
            {
              "raw": "Pokemon\nOtter"
            }
          ]
        },
        "model": {
          "type": "minecraft:model",
          "model": "item/pets/otter/otter"
        }
      },
      {
        "when": {
          "pages": [
            {
              "raw": "Pokemon\nBruni"
            }
          ]
        },
        "model": {
          "type": "minecraft:model",
          "model": "item/pets/bruni/bruni"
        }
      },
      {
        "when": {
          "pages": [
            {
              "raw": "Misc\nTank"
            }
          ]
        },
        "model": {
          "type": "minecraft:select",
          "property": "minecraft:component",
          "component": "minecraft:lore",
          "cases": [
            {
              "when": [
                {
                  "text": "",
                  "extra": [
                    {
                      "text": "Admin Book",
                      "type": "text",
                      "color": "dark_red",
                      "bold": false,
                      "italic": false,
                      "underlined": false,
                      "strikethrough": false,
                      "obfuscated": false
                    }
                  ]
                }
              ],
              "model": {
                "type": "minecraft:model",
                "model": "item/totem/tank"
              }
            }
          ],
          "fallback": {
            "type": "minecraft:model",
            "model": "minecraft:item/writable_book"
          }
        }
      },
      {
        "when": {
          "pages": [
            {
              "raw": "Misc\nTechnoblade"
            }
          ]
        },
        "model": {
          "type": "minecraft:select",
          "property": "minecraft:component",
          "component": "minecraft:lore",
          "cases": [
            {
              "when": [
                {
                  "text": "",
                  "extra": [
                    {
                      "text": "Admin Book",
                      "type": "text",
                      "color": "dark_red",
                      "bold": false,
                      "italic": false,
                      "underlined": false,
                      "strikethrough": false,
                      "obfuscated": false
                    }
                  ]
                }
              ],
              "model": {
                "type": "minecraft:model",
                "model": "item/totem/technoblade"
              }
            }
          ],
          "fallback": {
            "type": "minecraft:model",
            "model": "minecraft:item/writable_book"
          }
        }
      },
      {
        "when": {
          "pages": [
            {
              "raw": "Misc\nPeter Griffin"
            }
          ]
        },
        "model": {
          "type": "minecraft:select",
          "property": "minecraft:component",
          "component": "minecraft:lore",
          "cases": [
            {
              "when": [
                {
                  "text": "",
                  "extra": [
                    {
                      "text": "Admin Book",
                      "type": "text",
                      "color": "dark_red",
                      "bold": false,
                      "italic": false,
                      "underlined": false,
                      "strikethrough": false,
                      "obfuscated": false
                    }
                  ]
                }
              ],
              "model": {
                "type": "minecraft:model",
                "model": "item/totem/peterg"
              }
            }
          ],
          "fallback": {
            "type": "minecraft:model",
            "model": "minecraft:item/writable_book"
          }
        }
      },
      {
        "when": {
          "pages": [
            {
              "raw": "Pokemon\nOnix"
            }
          ]
        },
        "model": {
          "type": "minecraft:model",
          "model": "item/pokemon/onix"
        }
      },
      {
        "when": {
          "pages": [
            {
              "raw": "Misc\nScroll of Icarian Flight"
            }
          ]
        },
        "model": {
          "type": "minecraft:select",
          "property": "minecraft:component",
          "component": "minecraft:lore",
          "cases": [
            {
              "when": [
                {
                  "text": "",
                  "extra": [
                    {
                      "text": "Admin Book",
                      "type": "text",
                      "color": "dark_red",
                      "bold": false,
                      "italic": false,
                      "underlined": false,
                      "strikethrough": false,
                      "obfuscated": false
                    }
                  ]
                }
              ],
              "model": {
                "type": "minecraft:model",
                "model": "item/misc/scroll_of_icarian_flight"
              }
            }
          ],
          "fallback": {
            "type": "minecraft:model",
            "model": "minecraft:item/writable_book"
          }
        }
      },
      {
        "when": {
          "pages": [
            {
              "raw": "Misc\nBjornHeim Ticket"
            }
          ]
        },
        "model": {
          "type": "minecraft:select",
          "property": "minecraft:component",
          "component": "minecraft:lore",
          "cases": [
            {
              "when": [
                {
                  "text": "",
                  "extra": [
                    {
                      "text": "Admin Book",
                      "type": "text",
                      "color": "dark_red",
                      "bold": false,
                      "italic": false,
                      "underlined": false,
                      "strikethrough": false,
                      "obfuscated": false
                    }
                  ]
                }
              ],
              "model": {
                "type": "minecraft:model",
                "model": "item/misc/bjornheim_ticket"
              }
            }
          ],
          "fallback": {
            "type": "minecraft:model",
            "model": "minecraft:item/writable_book"
          }
        }
      },
      {
        "when": {
          "pages": [
            {
              "raw": "Christmas\nSnowman With Pan"
            }
          ]
        },
        "model": {
          "type": "minecraft:model",
          "model": "item/deco/christmas/snowman_with_pan"
        }
      },
      {
        "when": {
          "pages": [
            {
              "raw": "Food\nFrop & Mark Wedding Cake"
            }
          ]
        },
        "model": {
          "type": "minecraft:select",
          "property": "minecraft:component",
          "component": "minecraft:lore",
          "cases": [
            {
              "when": [
                {
                  "text": "",
                  "extra": [
                    {
                      "text": "Admin Book",
                      "type": "text",
                      "color": "dark_red",
                      "bold": false,
                      "italic": false,
                      "underlined": false,
                      "strikethrough": false,
                      "obfuscated": false
                    }
                  ]
                }
              ],
              "model": {
                "type": "minecraft:model",
                "model": "item/food/frop_mark_cake"
              }
            }
          ],
          "fallback": {
            "type": "minecraft:model",
            "model": "minecraft:item/writable_book"
          }
        }
      },
      {
        "when": {
          "pages": [
            {
              "raw": "Food\nGingerbread Man"
            }
          ]
        },
        "model": {
          "type": "minecraft:select",
          "property": "minecraft:component",
          "component": "minecraft:lore",
          "cases": [
            {
              "when": [
                {
                  "text": "",
                  "extra": [
                    {
                      "text": "Admin Book",
                      "type": "text",
                      "color": "dark_red",
                      "bold": false,
                      "italic": false,
                      "underlined": false,
                      "strikethrough": false,
                      "obfuscated": false
                    }
                  ]
                }
              ],
              "model": {
                "type": "minecraft:model",
                "model": "item/food/christmas/ginman"
              }
            }
          ],
          "fallback": {
            "type": "minecraft:model",
            "model": "minecraft:item/writable_book"
          }
        }
      },
      {
        "when": {
          "pages": [
            {
              "raw": "Food\nGingerbread Tree"
            }
          ]
        },
        "model": {
          "type": "minecraft:select",
          "property": "minecraft:component",
          "component": "minecraft:lore",
          "cases": [
            {
              "when": [
                {
                  "text": "",
                  "extra": [
                    {
                      "text": "Admin Book",
                      "type": "text",
                      "color": "dark_red",
                      "bold": false,
                      "italic": false,
                      "underlined": false,
                      "strikethrough": false,
                      "obfuscated": false
                    }
                  ]
                }
              ],
              "model": {
                "type": "minecraft:model",
                "model": "item/food/christmas/tree"
              }
            }
          ],
          "fallback": {
            "type": "minecraft:model",
            "model": "minecraft:item/writable_book"
          }
        }
      },
      {
        "when": {
          "pages": [
            {
              "raw": "Food\nBanana"
            }
          ]
        },
        "model": {
          "type": "minecraft:select",
          "property": "minecraft:component",
          "component": "minecraft:lore",
          "cases": [
            {
              "when": [
                {
                  "text": "",
                  "extra": [
                    {
                      "text": "Admin Book",
                      "type": "text",
                      "color": "dark_red",
                      "bold": false,
                      "italic": false,
                      "underlined": false,
                      "strikethrough": false,
                      "obfuscated": false
                    }
                  ]
                }
              ],
              "model": {
                "type": "minecraft:model",
                "model": "item/food/banana"
              }
            }
          ],
          "fallback": {
            "type": "minecraft:model",
            "model": "minecraft:item/writable_book"
          }
        }
      },
      {
        "when": {
          "pages": [
            {
              "raw": "Food\nGolden Potato"
            }
          ]
        },
        "model": {
          "type": "minecraft:select",
          "property": "minecraft:component",
          "component": "minecraft:lore",
          "cases": [
            {
              "when": [
                {
                  "text": "",
                  "extra": [
                    {
                      "text": "Admin Book",
                      "type": "text",
                      "color": "dark_red",
                      "bold": false,
                      "italic": false,
                      "underlined": false,
                      "strikethrough": false,
                      "obfuscated": false
                    }
                  ]
                }
              ],
              "model": {
                "type": "minecraft:model",
                "model": "item/food/golden_potato"
              }
            }
          ],
          "fallback": {
            "type": "minecraft:model",
            "model": "minecraft:item/writable_book"
          }
        }
      },
      {
        "when": {
          "pages": [
            {
              "raw": "Food\nHotdog"
            }
          ]
        },
        "model": {
          "type": "minecraft:select",
          "property": "minecraft:component",
          "component": "minecraft:lore",
          "cases": [
            {
              "when": [
                {
                  "text": "",
                  "extra": [
                    {
                      "text": "Admin Book",
                      "type": "text",
                      "color": "dark_red",
                      "bold": false,
                      "italic": false,
                      "underlined": false,
                      "strikethrough": false,
                      "obfuscated": false
                    }
                  ]
                }
              ],
              "model": {
                "type": "minecraft:model",
                "model": "item/food/hotdog"
              }
            }
          ],
          "fallback": {
            "type": "minecraft:model",
            "model": "minecraft:item/writable_book"
          }
        }
      },
      {
        "when": {
          "pages": [
            {
              "raw": "Drink\nBeer Mug"
            }
          ]
        },
        "model": {
          "type": "minecraft:select",
          "property": "minecraft:component",
          "component": "minecraft:lore",
          "cases": [
            {
              "when": [
                {
                  "text": "",
                  "extra": [
                    {
                      "text": "Admin Book",
                      "type": "text",
                      "color": "dark_red",
                      "bold": false,
                      "italic": false,
                      "underlined": false,
                      "strikethrough": false,
                      "obfuscated": false
                    }
                  ]
                }
              ],
              "model": {
                "type": "minecraft:model",
                "model": "item/food/drinks/beer_mug"
              }
            }
          ],
          "fallback": {
            "type": "minecraft:model",
            "model": "minecraft:item/writable_book"
          }
        }
      },
      {
        "when": {
          "pages": [
            {
              "raw": "Food\nCandy Cane"
            }
          ]
        },
        "model": {
          "type": "minecraft:select",
          "property": "minecraft:component",
          "component": "minecraft:lore",
          "cases": [
            {
              "when": [
                {
                  "text": "",
                  "extra": [
                    {
                      "text": "Admin Book",
                      "type": "text",
                      "color": "dark_red",
                      "bold": false,
                      "italic": false,
                      "underlined": false,
                      "strikethrough": false,
                      "obfuscated": false
                    }
                  ]
                }
              ],
              "model": {
                "type": "minecraft:model",
                "model": "item/food/candy_cane"
              }
            }
          ],
          "fallback": {
            "type": "minecraft:model",
            "model": "minecraft:item/writable_book"
          }
        }
      },
      {
        "when": {
          "pages": [
            {
              "raw": "Drink\nHops Beer"
            }
          ]
        },
        "model": {
          "type": "minecraft:select",
          "property": "minecraft:component",
          "component": "minecraft:lore",
          "cases": [
            {
              "when": [
                {
                  "text": "",
                  "extra": [
                    {
                      "text": "Admin Book",
                      "type": "text",
                      "color": "dark_red",
                      "bold": false,
                      "italic": false,
                      "underlined": false,
                      "strikethrough": false,
                      "obfuscated": false
                    }
                  ]
                }
              ],
              "model": {
                "type": "minecraft:model",
                "model": "item/food/drinks/beer_hops"
              }
            }
          ],
          "fallback": {
            "type": "minecraft:model",
            "model": "minecraft:item/writable_book"
          }
        }
      },
      {
        "when": {
          "pages": [
            {
              "raw": "Drink\nBarley Beer"
            }
          ]
        },
        "model": {
          "type": "minecraft:select",
          "property": "minecraft:component",
          "component": "minecraft:lore",
          "cases": [
            {
              "when": [
                {
                  "text": "",
                  "extra": [
                    {
                      "text": "Admin Book",
                      "type": "text",
                      "color": "dark_red",
                      "bold": false,
                      "italic": false,
                      "underlined": false,
                      "strikethrough": false,
                      "obfuscated": false
                    }
                  ]
                }
              ],
              "model": {
                "type": "minecraft:model",
                "model": "item/food/drinks/beer_barley"
              }
            }
          ],
          "fallback": {
            "type": "minecraft:model",
            "model": "minecraft:item/writable_book"
          }
        }
      },
      {
        "when": {
          "pages": [
            {
              "raw": "Drink\nHaley Beer"
            }
          ]
        },
        "model": {
          "type": "minecraft:select",
          "property": "minecraft:component",
          "component": "minecraft:lore",
          "cases": [
            {
              "when": [
                {
                  "text": "",
                  "extra": [
                    {
                      "text": "Admin Book",
                      "type": "text",
                      "color": "dark_red",
                      "bold": false,
                      "italic": false,
                      "underlined": false,
                      "strikethrough": false,
                      "obfuscated": false
                    }
                  ]
                }
              ],
              "model": {
                "type": "minecraft:model",
                "model": "item/food/drinks/beer_haley"
              }
            }
          ],
          "fallback": {
            "type": "minecraft:model",
            "model": "minecraft:item/writable_book"
          }
        }
      },
      {
        "when": {
          "pages": [
            {
              "raw": "Drink\nWheat Beer"
            }
          ]
        },
        "model": {
          "type": "minecraft:select",
          "property": "minecraft:component",
          "component": "minecraft:lore",
          "cases": [
            {
              "when": [
                {
                  "text": "",
                  "extra": [
                    {
                      "text": "Admin Book",
                      "type": "text",
                      "color": "dark_red",
                      "bold": false,
                      "italic": false,
                      "underlined": false,
                      "strikethrough": false,
                      "obfuscated": false
                    }
                  ]
                }
              ],
              "model": {
                "type": "minecraft:model",
                "model": "item/food/drinks/beer_wheat"
              }
            }
          ],
          "fallback": {
            "type": "minecraft:model",
            "model": "minecraft:item/writable_book"
          }
        }
      },
      {
        "when": {
          "pages": [
            {
              "raw": "Drink\nHot Coco"
            }
          ]
        },
        "model": {
          "type": "minecraft:select",
          "property": "minecraft:component",
          "component": "minecraft:lore",
          "cases": [
            {
              "when": [
                {
                  "text": "",
                  "extra": [
                    {
                      "text": "Admin Book",
                      "type": "text",
                      "color": "dark_red",
                      "bold": false,
                      "italic": false,
                      "underlined": false,
                      "strikethrough": false,
                      "obfuscated": false
                    }
                  ]
                }
              ],
              "model": {
                "type": "minecraft:model",
                "model": "item/food/drinks/hot_coco_marshmellows"
              }
            }
          ],
          "fallback": {
            "type": "minecraft:model",
            "model": "minecraft:item/writable_book"
          }
        }
      },
      {
        "when": {
          "pages": [
            {
              "raw": "Misc\nTiny Wrench"
            }
          ]
        },
        "model": {
          "type": "minecraft:select",
          "property": "minecraft:component",
          "component": "minecraft:lore",
          "cases": [
            {
              "when": [
                {
                  "text": "",
                  "extra": [
                    {
                      "text": "Admin Book",
                      "type": "text",
                      "color": "dark_red",
                      "bold": false,
                      "italic": false,
                      "underlined": false,
                      "strikethrough": false,
                      "obfuscated": false
                    }
                  ]
                }
              ],
              "model": {
                "type": "minecraft:model",
                "model": "item/misc/wrench"
              }
            }
          ],
          "fallback": {
            "type": "minecraft:model",
            "model": "minecraft:item/writable_book"
          }
        }
      },
      {
        "when": {
          "pages": [
            {
              "raw": "Drink\nStrawberry Milk"
            }
          ]
        },
        "model": {
          "type": "minecraft:select",
          "property": "minecraft:component",
          "component": "minecraft:lore",
          "cases": [
            {
              "when": [
                {
                  "text": "",
                  "extra": [
                    {
                      "text": "Admin Book",
                      "type": "text",
                      "color": "dark_red",
                      "bold": false,
                      "italic": false,
                      "underlined": false,
                      "strikethrough": false,
                      "obfuscated": false
                    }
                  ]
                }
              ],
              "model": {
                "type": "minecraft:model",
                "model": "item/food/drinks/strawberry_milk_bucket"
              }
            }
          ],
          "fallback": {
            "type": "minecraft:model",
            "model": "minecraft:item/writable_book"
          }
        }
      },
      {
        "when": {
          "pages": [
            {
              "raw": "Drink\nChocolate Milk"
            }
          ]
        },
        "model": {
          "type": "minecraft:select",
          "property": "minecraft:component",
          "component": "minecraft:lore",
          "cases": [
            {
              "when": [
                {
                  "text": "",
                  "extra": [
                    {
                      "text": "Admin Book",
                      "type": "text",
                      "color": "dark_red",
                      "bold": false,
                      "italic": false,
                      "underlined": false,
                      "strikethrough": false,
                      "obfuscated": false
                    }
                  ]
                }
              ],
              "model": {
                "type": "minecraft:model",
                "model": "item/food/drinks/chocolate_milk_bucket"
              }
            }
          ],
          "fallback": {
            "type": "minecraft:model",
            "model": "minecraft:item/writable_book"
          }
        }
      },
      {
        "when": {
          "pages": [
            {
              "raw": "Misc\nF&M Invitation"
            }
          ]
        },
        "model": {
          "type": "minecraft:select",
          "property": "minecraft:component",
          "component": "minecraft:lore",
          "cases": [
            {
              "when": [
                {
                  "text": "",
                  "extra": [
                    {
                      "text": "Admin Book",
                      "type": "text",
                      "color": "dark_red",
                      "bold": false,
                      "italic": false,
                      "underlined": false,
                      "strikethrough": false,
                      "obfuscated": false
                    }
                  ]
                }
              ],
              "model": {
                "type": "minecraft:model",
                "model": "item/misc/frop_mark_wedding_scroll"
              }
            }
          ],
          "fallback": {
            "type": "minecraft:model",
            "model": "minecraft:item/writable_book"
          }
        }
      },
      {
        "when": {
          "pages": [
            {
              "raw": "Plushie\nPippin"
            }
          ]
        },
        "model": {
          "type": "minecraft:select",
          "property": "minecraft:component",
          "component": "minecraft:lore",
          "cases": [
            {
              "when": [
                {
                  "text": "",
                  "extra": [
                    {
                      "text": "Admin Book",
                      "type": "text",
                      "color": "dark_red",
                      "bold": false,
                      "italic": false,
                      "underlined": false,
                      "strikethrough": false,
                      "obfuscated": false
                    }
                  ]
                }
              ],
              "model": {
                "type": "minecraft:model",
                "model": "item/players/player_plushies/pippin_wave"
              }
            }
          ],
          "fallback": {
            "type": "minecraft:model",
            "model": "minecraft:item/writable_book"
          }
        }
      },
      {
        "when": {
          "pages": [
            {
              "raw": "Plushie\nGollum"
            }
          ]
        },
        "model": {
          "type": "minecraft:select",
          "property": "minecraft:component",
          "component": "minecraft:lore",
          "cases": [
            {
              "when": [
                {
                  "text": "",
                  "extra": [
                    {
                      "text": "Admin Book",
                      "type": "text",
                      "color": "dark_red",
                      "bold": false,
                      "italic": false,
                      "underlined": false,
                      "strikethrough": false,
                      "obfuscated": false
                    }
                  ]
                }
              ],
              "model": {
                "type": "minecraft:model",
                "model": "item/players/player_plushies/gollum"
              }
            }
          ],
          "fallback": {
            "type": "minecraft:model",
            "model": "minecraft:item/writable_book"
          }
        }
      },
      {
        "when": {
          "pages": [
            {
              "raw": "Deco\nBig Cake\nPlain"
            }
          ]
        },
        "model": {
          "type": "minecraft:model",
          "model": "item/food/big_cake"
        }
      },
      {
        "when": {
          "pages": [
            {
              "raw": "Plushie\nPurple Guy\nWave"
            }
          ]
        },
        "model": {
          "type": "minecraft:model",
          "model": "item/players/player_plushies/display/purple_guy/purple_guy_wave"
        }
      },
      {
        "when": {
          "pages": [
            {
              "raw": "Plushie\nPurple Guy\nStand"
            }
          ]
        },
        "model": {
          "type": "minecraft:model",
          "model": "item/players/player_plushies/display/purple_guy/purple_guy_stand"
        }
      },
      {
        "when": {
          "pages": [
            {
              "raw": "Plushie\nPurple Guy\nSit"
            }
          ]
        },
        "model": {
          "type": "minecraft:model",
          "model": "item/players/player_plushies/display/purple_guy/purple_guy_sit"
        }
      },
      {
        "when": {
          "pages": [
            {
              "raw": "Plushie\nLivi Postal\nWave"
            }
          ]
        },
        "model": {
          "type": "minecraft:model",
          "model": "item/players/player_plushies/display/livi_postal/livi_postal_wave"
        }
      },
      {
        "when": {
          "pages": [
            {
              "raw": "Plushie\nLivi Postal\nStand"
            }
          ]
        },
        "model": {
          "type": "minecraft:model",
          "model": "item/players/player_plushies/display/livi_postal/livi_postal_stand"
        }
      },
      {
        "when": {
          "pages": [
            {
              "raw": "Plushie\nLivi Postal\nSit"
            }
          ]
        },
        "model": {
          "type": "minecraft:model",
          "model": "item/players/player_plushies/display/livi_postal/livi_postal_sit"
        }
      },
      {
        "when": {
          "pages": [
            {
              "raw": "Plushie\nLivi Duck\nWave"
            }
          ]
        },
        "model": {
          "type": "minecraft:model",
          "model": "item/players/player_plushies/display/livi_duck/livi_duck_wave"
        }
      },
      {
        "when": {
          "pages": [
            {
              "raw": "Plushie\nLivi Duck\nStand"
            }
          ]
        },
        "model": {
          "type": "minecraft:model",
          "model": "item/players/player_plushies/display/livi_duck/livi_duck_stand"
        }
      },
      {
        "when": {
          "pages": [
            {
              "raw": "Plushie\nLivi Duck\nSit"
            }
          ]
        },
        "model": {
          "type": "minecraft:model",
          "model": "item/players/player_plushies/display/livi_duck/livi_duck_sit"
        }
      },
      {
        "when": {
          "pages": [
            {
              "raw": "Plushie\nDino\nWave"
            }
          ]
        },
        "model": {
          "type": "minecraft:model",
          "model": "item/players/player_plushies/display/dino/dino_wave"
        }
      },
      {
        "when": {
          "pages": [
            {
              "raw": "Plushie\nDino\nStand"
            }
          ]
        },
        "model": {
          "type": "minecraft:model",
          "model": "item/players/player_plushies/display/dino/dino_stand"
        }
      },
      {
        "when": {
          "pages": [
            {
              "raw": "Plushie\nDino\nSit"
            }
          ]
        },
        "model": {
          "type": "minecraft:model",
          "model": "item/players/player_plushies/display/dino/dino_sit"
        }
      }
    ],
    "fallback": {
      "type": "minecraft:model",
      "model": "minecraft:item/writable_book"
    }
  }
}