{
	"format_version": "1.21.6",
	"credit": "Made by kraki4",
	"texture_size": [32, 32],
	"textures": {
		"0": "item/smokes/trubka",
		"1": "item/smokes/smoke",
		"particle": "item/smokes/smoke"
	},
	"elements": [
		{
			"from": [8.5, 6, 0],
			"to": [8.5, 10, 4],
			"rotation": {"angle": -22.5, "axis": "y", "origin": [8.5, 7, 4]},
			"faces": {
				"north": {"uv": [2, 4, 4, 8], "texture": "#0"},
				"east": {"uv": [8, 0, 6, 2], "texture": "#0"},
				"south": {"uv": [2, 4, 4, 8], "texture": "#0"},
				"west": {"uv": [6, 0, 8, 2], "texture": "#0"},
				"up": {"uv": [2, 0, 4, 4], "rotation": 180, "texture": "#0"},
				"down": {"uv": [4, 0, 6, 4], "texture": "#0"}
			}
		},
		{
			"from": [8.5, 10, -5],
			"to": [8.5, 18, 3],
			"rotation": {"angle": -22.5, "axis": "y", "origin": [8.5, 7, 4]},
			"faces": {
				"north": {"uv": [2, 4, 4, 8], "texture": "#1"},
				"east": {"uv": [16, 0, 0, 16], "texture": "#1"},
				"south": {"uv": [2, 4, 4, 8], "texture": "#1"},
				"west": {"uv": [0, 0, 16, 16], "texture": "#1"},
				"up": {"uv": [2, 0, 4, 4], "rotation": 180, "texture": "#1"},
				"down": {"uv": [4, 0, 6, 4], "texture": "#1"}
			}
		},
		{
			"from": [7, 7, -3],
			"to": [10, 10, 0],
			"rotation": {"angle": -22.5, "axis": "y", "origin": [8.5, 7, 4]},
			"faces": {
				"north": {"uv": [4.5, 0, 6, 1.5], "texture": "#0"},
				"east": {"uv": [3, 0, 4.5, 1.5], "texture": "#0"},
				"south": {"uv": [1.5, 0, 3, 1.5], "texture": "#0"},
				"west": {"uv": [0, 0, 1.5, 1.5], "texture": "#0"},
				"up": {"uv": [1.5, 1.5, 3, 3], "rotation": 180, "texture": "#0"},
				"down": {"uv": [0, 1.5, 1.5, 3], "texture": "#0"}
			}
		}
	],
	"display": {
		"thirdperson_righthand": {
			"rotation": [18, 41, 0],
			"translation": [2.5, -2, 5]
		},
		"thirdperson_lefthand": {
			"rotation": [18, -10, 0],
			"translation": [0.25, -2.25, 6]
		},
		"firstperson_righthand": {
			"rotation": [11, 21.5, 4],
			"translation": [1, 0, 7.5]
		},
		"firstperson_lefthand": {
			"rotation": [11, 21.5, 4],
			"translation": [1.5, 0, 6.5]
		},
		"ground": {
			"translation": [-2.5, -2, 9.25]
		},
		"gui": {
			"rotation": [30, 157.5, 0],
			"translation": [7.5, 0.25, 0],
			"scale": [1.4, 1.4, 1.4]
		},
		"head": {
			"translation": [0, -7, 0],
			"scale": [1.6, 1.6, 1.6]
		},
		"fixed": {
			"rotation": [-90, 0, 0],
			"translation": [-4, 12.75, -1.5],
			"scale": [1.58, 1.58, 1.58]
		}
	},
	"groups": [
		{
			"name": "group",
			"origin": [16, 15, 5],
			"color": 0,
			"children": [0, 1, 2]
		}
	]
}