{
	"format_version": "1.21.6",
	"credit": "Created by Mickey Joe Alpha - http://YouTube.com/@MushirMickeyJoe",
	"parent": "builtin/generated",
	"textures": {
		"layer0": "item/weapons/trident/spear_of_longinus/spear_of_longinus"
	},
	"display": {
		"thirdperson_righthand": {
			"rotation": [180, -90, -40],
			"translation": [0, 0, 2],
			"scale": [3.4, 3.4, 0.85]
		},
		"thirdperson_lefthand": {
			"rotation": [5, 90, 40],
			"translation": [0, 0, 2],
			"scale": [3.4, 3.4, 0.85]
		},
		"firstperson_righthand": {
			"rotation": [-20, 75, -35],
			"translation": [1.88, 1.5, 0.88],
			"scale": [2.72, 2.72, 0.68]
		},
		"firstperson_lefthand": {
			"rotation": [-20, -105, 35],
			"translation": [1.88, 1.5, 0.88],
			"scale": [2.72, 2.72, 0.68]
		},
		"ground": {
			"translation": [1, 5.5, 0],
			"scale": [2, 2, 0.5]
		},
		"gui": {
			"rotation": [0, -155, 3],
			"translation": [-0.15, -0.15, 0],
			"scale": [1.56, 1.56, 0.39]
		},
		"fixed": {
			"translation": [-0.75, 0.75, -0.5],
			"scale": [3.8, 3.8, 1]
		},
		"on_shelf": {
			"rotation": [0, -180, 135],
			"translation": [0, 2, 4.75],
			"scale": [4, 4, 1]
		}
	}
}