{
	"format_version": "1.21.6",
	"credit": "Made with Blockbench",
	"texture_size": [64, 64],
	"textures": {
		"0": "item/weapons/trident/xonnies_trident/xonnies_trident",
		"particle": "item/weapons/trident/xonnies_trident/xonnies_trident"
	},
	"elements": [
		{
			"name": "bottom 1",
			"from": [8.25, -6, 7],
			"to": [8.75, -3, 8],
			"rotation": {"angle": 0, "axis": "y", "origin": [0, 16, 0]},
			"faces": {
				"north": {"uv": [5, 4.25, 5.25, 3.5], "texture": "#0"},
				"east": {"uv": [4, 5.75, 4.25, 5], "texture": "#0"},
				"south": {"uv": [4.5, 5.75, 4.75, 5], "texture": "#0"},
				"west": {"uv": [5, 5.25, 5.25, 4.5], "texture": "#0"},
				"up": {"uv": [8, 8.5, 7.75, 8.25], "texture": "#0"},
				"down": {"uv": [8.5, 2.25, 8.25, 2.5], "texture": "#0"}
			}
		},
		{
			"name": "bottom ",
			"from": [8, -6, 7.25],
			"to": [9, -3, 7.75],
			"rotation": {"angle": 0, "axis": "y", "origin": [0, 16, 0]},
			"faces": {
				"north": {"uv": [5.5, 1.75, 5.75, 1], "texture": "#0"},
				"east": {"uv": [5.5, 2.75, 5.75, 2], "texture": "#0"},
				"south": {"uv": [5.5, 3.75, 5.75, 3], "texture": "#0"},
				"west": {"uv": [5.5, 4.75, 5.75, 4], "texture": "#0"},
				"up": {"uv": [8.75, 1, 8.5, 0.75], "texture": "#0"},
				"down": {"uv": [8.5, 8.25, 8.25, 8.5], "texture": "#0"}
			}
		},
		{
			"name": "top 1",
			"from": [8.25, 1, 7],
			"to": [8.75, 24, 8],
			"rotation": {"angle": 0, "axis": "y", "origin": [0, 16, 0]},
			"faces": {
				"north": {"uv": [0, 5.75, 0.25, 0], "texture": "#0"},
				"east": {"uv": [0.5, 5.75, 0.75, 0], "texture": "#0"},
				"south": {"uv": [1, 5.75, 1.25, 0], "texture": "#0"},
				"west": {"uv": [1.5, 5.75, 1.75, 0], "texture": "#0"},
				"up": {"uv": [2.75, 8.75, 2.5, 8.5], "texture": "#0"},
				"down": {"uv": [1.75, 8.5, 1.5, 8.75], "texture": "#0"}
			}
		},
		{
			"name": "top ",
			"from": [8, 1, 7.25],
			"to": [9, 24, 7.75],
			"rotation": {"angle": 0, "axis": "y", "origin": [0, 16, 0]},
			"faces": {
				"north": {"uv": [2, 5.75, 2.25, 0], "texture": "#0"},
				"east": {"uv": [2.5, 5.75, 2.75, 0], "texture": "#0"},
				"south": {"uv": [3, 5.75, 3.25, 0], "texture": "#0"},
				"west": {"uv": [3.5, 5.75, 3.75, 0], "texture": "#0"},
				"up": {"uv": [3.25, 8.75, 3, 8.5], "texture": "#0"},
				"down": {"uv": [8.75, 2.75, 8.5, 3], "texture": "#0"}
			}
		},
		{
			"from": [8, -7.25, 8],
			"to": [9, -6.5, 8.25],
			"rotation": {"angle": 0, "axis": "y", "origin": [0, 16, 0]},
			"faces": {
				"north": {"uv": [3.5, 8.75, 3.75, 8.5], "texture": "#0"},
				"east": {"uv": [4, 8.75, 4.25, 8.5], "texture": "#0"},
				"south": {"uv": [8.5, 4.5, 8.75, 4.25], "texture": "#0"},
				"west": {"uv": [4.5, 8.75, 4.75, 8.5], "texture": "#0"},
				"up": {"uv": [5.25, 8.75, 5, 8.5], "texture": "#0"},
				"down": {"uv": [8.75, 4.75, 8.5, 5], "texture": "#0"}
			}
		},
		{
			"from": [8, -7.25, 6.75],
			"to": [9, -6.5, 7],
			"rotation": {"angle": 0, "axis": "y", "origin": [0, 16, 0]},
			"faces": {
				"north": {"uv": [8.5, 5.5, 8.75, 5.25], "texture": "#0"},
				"east": {"uv": [8.5, 6, 8.75, 5.75], "texture": "#0"},
				"south": {"uv": [6.25, 8.75, 6.5, 8.5], "texture": "#0"},
				"west": {"uv": [8.5, 6.5, 8.75, 6.25], "texture": "#0"},
				"up": {"uv": [8.75, 7.5, 8.5, 7.25], "texture": "#0"},
				"down": {"uv": [8.75, 6.75, 8.5, 7], "texture": "#0"}
			}
		},
		{
			"from": [8, -7.25, 7],
			"to": [9, -6, 8],
			"rotation": {"angle": 0, "axis": "y", "origin": [0, 16, 0]},
			"faces": {
				"north": {"uv": [8.5, 8, 8.75, 7.75], "texture": "#0"},
				"east": {"uv": [8.75, 0.25, 9, 0], "texture": "#0"},
				"south": {"uv": [8.75, 1.5, 9, 1.25], "texture": "#0"},
				"west": {"uv": [8.75, 2, 9, 1.75], "texture": "#0"},
				"up": {"uv": [9, 2.5, 8.75, 2.25], "texture": "#0"},
				"down": {"uv": [2.25, 8.75, 2, 9], "texture": "#0"}
			}
		},
		{
			"name": "1x1",
			"from": [8, -9, 4.75],
			"to": [9, -8.5, 6],
			"rotation": {"angle": 0, "axis": "y", "origin": [0, 16, 0]},
			"faces": {
				"north": {"uv": [8.75, 3.5, 9, 3.25], "texture": "#0"},
				"east": {"uv": [8.75, 4, 9, 3.75], "texture": "#0"},
				"south": {"uv": [7.75, 9, 8, 8.75], "texture": "#0"},
				"west": {"uv": [8.25, 9, 8.5, 8.75], "texture": "#0"},
				"up": {"uv": [9, 9, 8.75, 8.75], "texture": "#0"},
				"down": {"uv": [9, 8.25, 8.75, 8.5], "texture": "#0"}
			}
		},
		{
			"name": "3x1",
			"from": [8, -8, 6],
			"to": [9, -7.5, 9],
			"rotation": {"angle": 0, "axis": "y", "origin": [0, 16, 0]},
			"faces": {
				"north": {"uv": [0, 9.25, 0.25, 9], "texture": "#0"},
				"east": {"uv": [5, 5.75, 5.75, 5.5], "texture": "#0"},
				"south": {"uv": [0.5, 9.25, 0.75, 9], "texture": "#0"},
				"west": {"uv": [5.5, 5.25, 6.25, 5], "texture": "#0"},
				"up": {"uv": [0.75, 6.75, 0.5, 6], "texture": "#0"},
				"down": {"uv": [0.25, 6, 0, 6.75], "texture": "#0"}
			}
		},
		{
			"name": "5x1",
			"from": [8, -8.5, 7.9],
			"to": [9, -8, 10],
			"rotation": {"angle": 0, "axis": "y", "origin": [0, 16, 0]},
			"faces": {
				"north": {"uv": [9, 0.75, 9.25, 0.5], "texture": "#0"},
				"east": {"uv": [0, 7.25, 0.5, 7], "texture": "#0"},
				"south": {"uv": [1, 9.25, 1.25, 9], "texture": "#0"},
				"west": {"uv": [0.75, 7.25, 1.25, 7], "texture": "#0"},
				"up": {"uv": [1.75, 7.5, 1.5, 7], "texture": "#0"},
				"down": {"uv": [7.25, 1, 7, 1.5], "texture": "#0"}
			}
		},
		{
			"name": "5x1",
			"from": [8, -8.5, 5],
			"to": [9, -8, 7.1],
			"rotation": {"angle": 0, "axis": "y", "origin": [0, 16, 0]},
			"faces": {
				"north": {"uv": [1.5, 9.25, 1.75, 9], "texture": "#0"},
				"east": {"uv": [7, 2, 7.5, 1.75], "texture": "#0"},
				"south": {"uv": [2.5, 9.25, 2.75, 9], "texture": "#0"},
				"west": {"uv": [2, 7.25, 2.5, 7], "texture": "#0"},
				"up": {"uv": [3, 7.5, 2.75, 7], "texture": "#0"},
				"down": {"uv": [7.25, 2.25, 7, 2.75], "texture": "#0"}
			}
		},
		{
			"name": "1x1",
			"from": [8, -9, 9],
			"to": [9, -8.5, 10.25],
			"rotation": {"angle": 0, "axis": "y", "origin": [0, 16, 0]},
			"faces": {
				"north": {"uv": [9, 3, 9.25, 2.75], "texture": "#0"},
				"east": {"uv": [3, 9.25, 3.25, 9], "texture": "#0"},
				"south": {"uv": [3.5, 9.25, 3.75, 9], "texture": "#0"},
				"west": {"uv": [4, 9.25, 4.25, 9], "texture": "#0"},
				"up": {"uv": [4.75, 9.25, 4.5, 9], "texture": "#0"},
				"down": {"uv": [9.25, 4.25, 9, 4.5], "texture": "#0"}
			}
		},
		{
			"name": "1x4",
			"from": [8, -10.75, 10],
			"to": [9, -9, 10.5],
			"rotation": {"angle": 0, "axis": "y", "origin": [0, 16, 0]},
			"faces": {
				"north": {"uv": [7, 3.5, 7.25, 3], "texture": "#0"},
				"east": {"uv": [3.25, 7.5, 3.5, 7], "texture": "#0"},
				"south": {"uv": [3.75, 7.5, 4, 7], "texture": "#0"},
				"west": {"uv": [7, 4.25, 7.25, 3.75], "texture": "#0"},
				"up": {"uv": [5.25, 9.25, 5, 9], "texture": "#0"},
				"down": {"uv": [9.25, 4.75, 9, 5], "texture": "#0"}
			}
		},
		{
			"name": "1x4",
			"from": [8, -14.5, 10.2],
			"to": [9, -13.75, 10.6],
			"rotation": {"angle": 0, "axis": "y", "origin": [0, 16, 0]},
			"faces": {
				"north": {"uv": [9, 5.5, 9.25, 5.25], "texture": "#0"},
				"east": {"uv": [5.5, 9.25, 5.75, 9], "texture": "#0"},
				"south": {"uv": [9, 6, 9.25, 5.75], "texture": "#0"},
				"west": {"uv": [6, 9.25, 6.25, 9], "texture": "#0"},
				"up": {"uv": [6.75, 9.25, 6.5, 9], "texture": "#0"},
				"down": {"uv": [9.25, 6.25, 9, 6.5], "texture": "#0"}
			}
		},
		{
			"name": "1x4",
			"from": [8, -15.25, 10.05],
			"to": [9, -14.5, 10.35],
			"rotation": {"angle": 0, "axis": "y", "origin": [0, 16, 0]},
			"faces": {
				"north": {"uv": [9, 7, 9.25, 6.75], "texture": "#0"},
				"east": {"uv": [7, 9.25, 7.25, 9], "texture": "#0"},
				"south": {"uv": [9, 7.5, 9.25, 7.25], "texture": "#0"},
				"west": {"uv": [9, 8, 9.25, 7.75], "texture": "#0"},
				"up": {"uv": [9.5, 1.25, 9.25, 1], "texture": "#0"},
				"down": {"uv": [9.5, 0, 9.25, 0.25], "texture": "#0"}
			}
		},
		{
			"name": "1x4",
			"from": [8, -15.25, 4.7],
			"to": [9, -14.5, 5],
			"rotation": {"angle": 0, "axis": "y", "origin": [0, 16, 0]},
			"faces": {
				"north": {"uv": [9.25, 1.75, 9.5, 1.5], "texture": "#0"},
				"east": {"uv": [2, 9.5, 2.25, 9.25], "texture": "#0"},
				"south": {"uv": [9.25, 2.25, 9.5, 2], "texture": "#0"},
				"west": {"uv": [9.25, 3.5, 9.5, 3.25], "texture": "#0"},
				"up": {"uv": [7.75, 9.5, 7.5, 9.25], "texture": "#0"},
				"down": {"uv": [9.5, 3.75, 9.25, 4], "texture": "#0"}
			}
		},
		{
			"name": "1x4",
			"from": [8, -14.5, 4.4],
			"to": [9, -13.75, 4.8],
			"rotation": {"angle": 0, "axis": "y", "origin": [0, 16, 0]},
			"faces": {
				"north": {"uv": [8, 9.5, 8.25, 9.25], "texture": "#0"},
				"east": {"uv": [9.25, 8.5, 9.5, 8.25], "texture": "#0"},
				"south": {"uv": [8.5, 9.5, 8.75, 9.25], "texture": "#0"},
				"west": {"uv": [9.25, 9, 9.5, 8.75], "texture": "#0"},
				"up": {"uv": [0.25, 9.75, 0, 9.5], "texture": "#0"},
				"down": {"uv": [9.25, 9.25, 9, 9.5], "texture": "#0"}
			}
		},
		{
			"name": "1x4",
			"from": [8, -9.75, 5],
			"to": [9, -9, 5.5],
			"rotation": {"angle": 0, "axis": "y", "origin": [0, 16, 0]},
			"faces": {
				"north": {"uv": [0.5, 9.75, 0.75, 9.5], "texture": "#0"},
				"east": {"uv": [9.5, 0.75, 9.75, 0.5], "texture": "#0"},
				"south": {"uv": [1, 9.75, 1.25, 9.5], "texture": "#0"},
				"west": {"uv": [1.5, 9.75, 1.75, 9.5], "texture": "#0"},
				"up": {"uv": [9.75, 2.75, 9.5, 2.5], "texture": "#0"},
				"down": {"uv": [2.75, 9.5, 2.5, 9.75], "texture": "#0"}
			}
		},
		{
			"name": "1x4",
			"from": [8, -9.75, 9.5],
			"to": [9, -9, 10],
			"rotation": {"angle": 0, "axis": "y", "origin": [0, 16, 0]},
			"faces": {
				"north": {"uv": [3, 9.75, 3.25, 9.5], "texture": "#0"},
				"east": {"uv": [3.5, 9.75, 3.75, 9.5], "texture": "#0"},
				"south": {"uv": [4, 9.75, 4.25, 9.5], "texture": "#0"},
				"west": {"uv": [9.5, 4.5, 9.75, 4.25], "texture": "#0"},
				"up": {"uv": [9.75, 5, 9.5, 4.75], "texture": "#0"},
				"down": {"uv": [4.75, 9.5, 4.5, 9.75], "texture": "#0"}
			}
		},
		{
			"name": "1x4",
			"from": [8, -13.75, 10.25],
			"to": [9, -9.75, 10.75],
			"rotation": {"angle": 0, "axis": "y", "origin": [0, 16, 0]},
			"faces": {
				"north": {"uv": [4, 1, 4.25, 0], "texture": "#0"},
				"east": {"uv": [4, 2.25, 4.25, 1.25], "texture": "#0"},
				"south": {"uv": [4, 3.5, 4.25, 2.5], "texture": "#0"},
				"west": {"uv": [4, 4.75, 4.25, 3.75], "texture": "#0"},
				"up": {"uv": [9.75, 5.5, 9.5, 5.25], "texture": "#0"},
				"down": {"uv": [5.25, 9.5, 5, 9.75], "texture": "#0"}
			}
		},
		{
			"name": "1x4",
			"from": [8, -13.75, 4.25],
			"to": [9, -9.75, 4.75],
			"rotation": {"angle": 0, "axis": "y", "origin": [0, 16, 0]},
			"faces": {
				"north": {"uv": [4.5, 1, 4.75, 0], "texture": "#0"},
				"east": {"uv": [4.5, 2.25, 4.75, 1.25], "texture": "#0"},
				"south": {"uv": [4.5, 3.5, 4.75, 2.5], "texture": "#0"},
				"west": {"uv": [4.5, 4.75, 4.75, 3.75], "texture": "#0"},
				"up": {"uv": [9.75, 6, 9.5, 5.75], "texture": "#0"},
				"down": {"uv": [5.75, 9.5, 5.5, 9.75], "texture": "#0"}
			}
		},
		{
			"name": "1x4",
			"from": [8, -10.75, 4.5],
			"to": [9, -9, 5],
			"rotation": {"angle": 0, "axis": "y", "origin": [0, 16, 0]},
			"faces": {
				"north": {"uv": [4.25, 7.5, 4.5, 7], "texture": "#0"},
				"east": {"uv": [7, 5, 7.25, 4.5], "texture": "#0"},
				"south": {"uv": [4.75, 7.5, 5, 7], "texture": "#0"},
				"west": {"uv": [5.25, 7.5, 5.5, 7], "texture": "#0"},
				"up": {"uv": [9.75, 6.5, 9.5, 6.25], "texture": "#0"},
				"down": {"uv": [6.25, 9.5, 6, 9.75], "texture": "#0"}
			}
		},
		{
			"name": "3x1",
			"from": [8, -7.5, 5.75],
			"to": [9, -7.25, 9.25],
			"rotation": {"angle": 0, "axis": "y", "origin": [0, 16, 0]},
			"faces": {
				"north": {"uv": [6.5, 9.75, 6.75, 9.5], "texture": "#0"},
				"east": {"uv": [5, 0.25, 6, 0], "texture": "#0"},
				"south": {"uv": [9.5, 7, 9.75, 6.75], "texture": "#0"},
				"west": {"uv": [5, 0.75, 6, 0.5], "texture": "#0"},
				"up": {"uv": [5.25, 3.25, 5, 2.25], "texture": "#0"},
				"down": {"uv": [5.25, 1, 5, 2], "texture": "#0"}
			}
		},
		{
			"name": "1x4",
			"from": [8, -7.25, 9.25],
			"to": [9, -4.25, 9.5],
			"rotation": {"angle": 0, "axis": "y", "origin": [0, 16, 0]},
			"faces": {
				"north": {"uv": [1, 6.75, 1.25, 6], "texture": "#0"},
				"east": {"uv": [6, 1.75, 6.25, 1], "texture": "#0"},
				"south": {"uv": [1.5, 6.75, 1.75, 6], "texture": "#0"},
				"west": {"uv": [2, 6.75, 2.25, 6], "texture": "#0"},
				"up": {"uv": [9.75, 7.5, 9.5, 7.25], "texture": "#0"},
				"down": {"uv": [7.25, 9.5, 7, 9.75], "texture": "#0"}
			}
		},
		{
			"name": "1x4",
			"from": [8, -7.25, 5.5],
			"to": [9, -4.25, 5.75],
			"rotation": {"angle": 0, "axis": "y", "origin": [0, 16, 0]},
			"faces": {
				"north": {"uv": [6, 2.75, 6.25, 2], "texture": "#0"},
				"east": {"uv": [2.5, 6.75, 2.75, 6], "texture": "#0"},
				"south": {"uv": [3, 6.75, 3.25, 6], "texture": "#0"},
				"west": {"uv": [6, 3.75, 6.25, 3], "texture": "#0"},
				"up": {"uv": [9.75, 9.5, 9.5, 9.25], "texture": "#0"},
				"down": {"uv": [9.75, 7.75, 9.5, 8], "texture": "#0"}
			}
		},
		{
			"name": "1x4",
			"from": [8, -7.25, 5.75],
			"to": [9, -6.5, 6.25],
			"rotation": {"angle": 0, "axis": "y", "origin": [0, 16, 0]},
			"faces": {
				"north": {"uv": [9.75, 0.25, 10, 0], "texture": "#0"},
				"east": {"uv": [9.75, 1.25, 10, 1], "texture": "#0"},
				"south": {"uv": [9.75, 1.75, 10, 1.5], "texture": "#0"},
				"west": {"uv": [2, 10, 2.25, 9.75], "texture": "#0"},
				"up": {"uv": [10, 3.25, 9.75, 3], "texture": "#0"},
				"down": {"uv": [10, 2, 9.75, 2.25], "texture": "#0"}
			}
		},
		{
			"name": "1x4",
			"from": [8, -7.25, 8.75],
			"to": [9, -6.5, 9.25],
			"rotation": {"angle": 0, "axis": "y", "origin": [0, 16, 0]},
			"faces": {
				"north": {"uv": [9.75, 3.75, 10, 3.5], "texture": "#0"},
				"east": {"uv": [7.5, 10, 7.75, 9.75], "texture": "#0"},
				"south": {"uv": [8, 10, 8.25, 9.75], "texture": "#0"},
				"west": {"uv": [9.75, 8.5, 10, 8.25], "texture": "#0"},
				"up": {"uv": [10, 9, 9.75, 8.75], "texture": "#0"},
				"down": {"uv": [8.75, 9.75, 8.5, 10], "texture": "#0"}
			}
		},
		{
			"name": "1x4",
			"from": [8, -6.5, 9],
			"to": [9, -5.5, 9.25],
			"rotation": {"angle": 0, "axis": "y", "origin": [0, 16, 0]},
			"faces": {
				"north": {"uv": [9, 10, 9.25, 9.75], "texture": "#0"},
				"east": {"uv": [9.5, 10, 9.75, 9.75], "texture": "#0"},
				"south": {"uv": [0, 10.25, 0.25, 10], "texture": "#0"},
				"west": {"uv": [0.5, 10.25, 0.75, 10], "texture": "#0"},
				"up": {"uv": [1.25, 10.25, 1, 10], "texture": "#0"},
				"down": {"uv": [10.25, 0.5, 10, 0.75], "texture": "#0"}
			}
		},
		{
			"name": "1x4",
			"from": [8, -5.75, 9.4],
			"to": [9, -3.5, 9.65],
			"rotation": {"angle": 0, "axis": "y", "origin": [0, 16, 0]},
			"faces": {
				"north": {"uv": [7, 5.75, 7.25, 5.25], "texture": "#0"},
				"east": {"uv": [7, 6.5, 7.25, 6], "texture": "#0"},
				"south": {"uv": [6.5, 7.5, 6.75, 7], "texture": "#0"},
				"west": {"uv": [7, 7.25, 7.25, 6.75], "texture": "#0"},
				"up": {"uv": [2.75, 10.25, 2.5, 10], "texture": "#0"},
				"down": {"uv": [1.75, 10, 1.5, 10.25], "texture": "#0"}
			}
		},
		{
			"name": "1x4",
			"from": [8, -5.75, 5.3],
			"to": [9, -3.5, 5.55],
			"rotation": {"angle": 0, "axis": "y", "origin": [0, 16, 0]},
			"faces": {
				"north": {"uv": [7.25, 0.5, 7.5, 0], "texture": "#0"},
				"east": {"uv": [0, 8, 0.25, 7.5], "texture": "#0"},
				"south": {"uv": [0.5, 8, 0.75, 7.5], "texture": "#0"},
				"west": {"uv": [7.5, 1.25, 7.75, 0.75], "texture": "#0"},
				"up": {"uv": [3.25, 10.25, 3, 10], "texture": "#0"},
				"down": {"uv": [10.25, 2.5, 10, 2.75], "texture": "#0"}
			}
		},
		{
			"name": "1x4",
			"from": [8, -6.5, 5.75],
			"to": [9, -5.5, 6],
			"rotation": {"angle": 0, "axis": "y", "origin": [0, 16, 0]},
			"faces": {
				"north": {"uv": [3.5, 10.25, 3.75, 10], "texture": "#0"},
				"east": {"uv": [4, 10.25, 4.25, 10], "texture": "#0"},
				"south": {"uv": [10, 4.25, 10.25, 4], "texture": "#0"},
				"west": {"uv": [4.5, 10.25, 4.75, 10], "texture": "#0"},
				"up": {"uv": [5.25, 10.25, 5, 10], "texture": "#0"},
				"down": {"uv": [10.25, 4.5, 10, 4.75], "texture": "#0"}
			}
		},
		{
			"name": "1x4",
			"from": [8, -7.25, 8.25],
			"to": [9, -7, 8.75],
			"rotation": {"angle": 0, "axis": "y", "origin": [0, 16, 0]},
			"faces": {
				"north": {"uv": [10, 5.25, 10.25, 5], "texture": "#0"},
				"east": {"uv": [5.5, 10.25, 5.75, 10], "texture": "#0"},
				"south": {"uv": [10, 5.75, 10.25, 5.5], "texture": "#0"},
				"west": {"uv": [6, 10.25, 6.25, 10], "texture": "#0"},
				"up": {"uv": [6.75, 10.25, 6.5, 10], "texture": "#0"},
				"down": {"uv": [10.25, 6, 10, 6.25], "texture": "#0"}
			}
		},
		{
			"name": "1x4",
			"from": [8, -7.25, 6.25],
			"to": [9, -7, 6.75],
			"rotation": {"angle": 0, "axis": "y", "origin": [0, 16, 0]},
			"faces": {
				"north": {"uv": [10, 6.75, 10.25, 6.5], "texture": "#0"},
				"east": {"uv": [7, 10.25, 7.25, 10], "texture": "#0"},
				"south": {"uv": [10, 7.25, 10.25, 7], "texture": "#0"},
				"west": {"uv": [10, 7.75, 10.25, 7.5], "texture": "#0"},
				"up": {"uv": [10.25, 10, 10, 9.75], "texture": "#0"},
				"down": {"uv": [10.25, 9.25, 10, 9.5], "texture": "#0"}
			}
		},
		{
			"from": [8, 0, 6.75],
			"to": [9, 1, 8.25],
			"rotation": {"angle": 0, "axis": "y", "origin": [0, 11, 0]},
			"faces": {
				"north": {"uv": [10.25, 0.25, 10.5, 0], "texture": "#0"},
				"east": {"uv": [2, 7.75, 2.5, 7.5], "texture": "#0"},
				"south": {"uv": [10.25, 1.25, 10.5, 1], "texture": "#0"},
				"west": {"uv": [7.5, 2.5, 8, 2.25], "texture": "#0"},
				"up": {"uv": [7.75, 3.25, 7.5, 2.75], "texture": "#0"},
				"down": {"uv": [1.25, 7.5, 1, 8], "texture": "#0"}
			}
		},
		{
			"from": [8, -3, 6.75],
			"to": [9, -1.9, 8.25],
			"rotation": {"angle": 0, "axis": "y", "origin": [0, 11, 0]},
			"faces": {
				"north": {"uv": [10.25, 1.75, 10.5, 1.5], "texture": "#0"},
				"east": {"uv": [7.5, 3.75, 8, 3.5], "texture": "#0"},
				"south": {"uv": [2, 10.5, 2.25, 10.25], "texture": "#0"},
				"west": {"uv": [7.5, 4.25, 8, 4], "texture": "#0"},
				"up": {"uv": [7.75, 5.75, 7.5, 5.25], "texture": "#0"},
				"down": {"uv": [7.75, 4.5, 7.5, 5], "texture": "#0"}
			}
		},
		{
			"from": [8, -1, 8.25],
			"to": [9, -0.3, 9.5],
			"rotation": {"angle": 0, "axis": "y", "origin": [0, 11, 0]},
			"faces": {
				"north": {"uv": [10.25, 2.25, 10.5, 2], "texture": "#0"},
				"east": {"uv": [10.25, 3.25, 10.5, 3], "texture": "#0"},
				"south": {"uv": [10.25, 3.75, 10.5, 3.5], "texture": "#0"},
				"west": {"uv": [7.5, 10.5, 7.75, 10.25], "texture": "#0"},
				"up": {"uv": [10.5, 8.25, 10.25, 8], "texture": "#0"},
				"down": {"uv": [8.25, 10.25, 8, 10.5], "texture": "#0"}
			}
		},
		{
			"from": [8, -1, 5.5],
			"to": [9, -0.3, 6.75],
			"rotation": {"angle": 0, "axis": "y", "origin": [0, 11, 0]},
			"faces": {
				"north": {"uv": [8.5, 10.5, 8.75, 10.25], "texture": "#0"},
				"east": {"uv": [10.25, 8.75, 10.5, 8.5], "texture": "#0"},
				"south": {"uv": [9, 10.5, 9.25, 10.25], "texture": "#0"},
				"west": {"uv": [9.5, 10.5, 9.75, 10.25], "texture": "#0"},
				"up": {"uv": [0.25, 10.75, 0, 10.5], "texture": "#0"},
				"down": {"uv": [10.25, 10.25, 10, 10.5], "texture": "#0"}
			}
		},
		{
			"from": [8, -3.5, 6.25],
			"to": [9, -1, 6.75],
			"rotation": {"angle": 0, "axis": "y", "origin": [0, 11, 0]},
			"faces": {
				"north": {"uv": [3.5, 6.75, 3.75, 6], "texture": "#0"},
				"east": {"uv": [4, 6.75, 4.25, 6], "texture": "#0"},
				"south": {"uv": [6, 4.75, 6.25, 4], "texture": "#0"},
				"west": {"uv": [4.5, 6.75, 4.75, 6], "texture": "#0"},
				"up": {"uv": [10.75, 0.75, 10.5, 0.5], "texture": "#0"},
				"down": {"uv": [0.75, 10.5, 0.5, 10.75], "texture": "#0"}
			}
		},
		{
			"from": [8, -3.5, 8.25],
			"to": [9, -1, 8.75],
			"rotation": {"angle": 0, "axis": "y", "origin": [0, 11, 0]},
			"faces": {
				"north": {"uv": [5, 6.75, 5.25, 6], "texture": "#0"},
				"east": {"uv": [5.5, 6.75, 5.75, 6], "texture": "#0"},
				"south": {"uv": [6, 6.25, 6.25, 5.5], "texture": "#0"},
				"west": {"uv": [6.25, 0.75, 6.5, 0], "texture": "#0"},
				"up": {"uv": [1.75, 10.75, 1.5, 10.5], "texture": "#0"},
				"down": {"uv": [1.25, 10.5, 1, 10.75], "texture": "#0"}
			}
		},
		{
			"from": [8, -2, 8.75],
			"to": [9, -1, 9],
			"rotation": {"angle": 0, "axis": "y", "origin": [0, 11, 0]},
			"faces": {
				"north": {"uv": [2.5, 10.75, 2.75, 10.5], "texture": "#0"},
				"east": {"uv": [10.5, 2.75, 10.75, 2.5], "texture": "#0"},
				"south": {"uv": [3, 10.75, 3.25, 10.5], "texture": "#0"},
				"west": {"uv": [3.5, 10.75, 3.75, 10.5], "texture": "#0"},
				"up": {"uv": [10.75, 4.25, 10.5, 4], "texture": "#0"},
				"down": {"uv": [4.25, 10.5, 4, 10.75], "texture": "#0"}
			}
		},
		{
			"from": [8, -0.3, 8.05],
			"to": [9, 0.5, 8.5],
			"rotation": {"angle": 0, "axis": "y", "origin": [0, 11, 0]},
			"faces": {
				"north": {"uv": [4.5, 10.75, 4.75, 10.5], "texture": "#0"},
				"east": {"uv": [10.5, 4.75, 10.75, 4.5], "texture": "#0"},
				"south": {"uv": [5, 10.75, 5.25, 10.5], "texture": "#0"},
				"west": {"uv": [10.5, 5.25, 10.75, 5], "texture": "#0"},
				"up": {"uv": [10.75, 5.75, 10.5, 5.5], "texture": "#0"},
				"down": {"uv": [5.75, 10.5, 5.5, 10.75], "texture": "#0"}
			}
		},
		{
			"from": [8, -0.55, 9.25],
			"to": [9, -0.25, 10.25],
			"rotation": {"angle": 0, "axis": "y", "origin": [0, 11, 0]},
			"faces": {
				"north": {"uv": [6, 10.75, 6.25, 10.5], "texture": "#0"},
				"east": {"uv": [10.5, 6.25, 10.75, 6], "texture": "#0"},
				"south": {"uv": [6.5, 10.75, 6.75, 10.5], "texture": "#0"},
				"west": {"uv": [10.5, 6.75, 10.75, 6.5], "texture": "#0"},
				"up": {"uv": [10.75, 7.25, 10.5, 7], "texture": "#0"},
				"down": {"uv": [7.25, 10.5, 7, 10.75], "texture": "#0"}
			}
		},
		{
			"from": [8, -0.55, 4.75],
			"to": [9, -0.25, 5.75],
			"rotation": {"angle": 0, "axis": "y", "origin": [0, 11, 0]},
			"faces": {
				"north": {"uv": [10.5, 7.75, 10.75, 7.5], "texture": "#0"},
				"east": {"uv": [10.5, 9.25, 10.75, 9], "texture": "#0"},
				"south": {"uv": [10.5, 9.75, 10.75, 9.5], "texture": "#0"},
				"west": {"uv": [10.5, 10.25, 10.75, 10], "texture": "#0"},
				"up": {"uv": [11, 0.25, 10.75, 0], "texture": "#0"},
				"down": {"uv": [10.75, 10.5, 10.5, 10.75], "texture": "#0"}
			}
		},
		{
			"from": [8, -0.3, 6.5],
			"to": [9, 0.5, 6.95],
			"rotation": {"angle": 0, "axis": "y", "origin": [0, 11, 0]},
			"faces": {
				"north": {"uv": [10.75, 1.25, 11, 1], "texture": "#0"},
				"east": {"uv": [10.75, 1.75, 11, 1.5], "texture": "#0"},
				"south": {"uv": [2, 11, 2.25, 10.75], "texture": "#0"},
				"west": {"uv": [10.75, 2.25, 11, 2], "texture": "#0"},
				"up": {"uv": [11, 3.75, 10.75, 3.5], "texture": "#0"},
				"down": {"uv": [11, 3, 10.75, 3.25], "texture": "#0"}
			}
		},
		{
			"from": [8, -4.75, 8.75],
			"to": [9, -2.75, 9],
			"rotation": {"angle": 0, "axis": "y", "origin": [0, 11, 0]},
			"faces": {
				"north": {"uv": [5.75, 8, 6, 7.5], "texture": "#0"},
				"east": {"uv": [7.5, 6.5, 7.75, 6], "texture": "#0"},
				"south": {"uv": [7.5, 7.25, 7.75, 6.75], "texture": "#0"},
				"west": {"uv": [7, 8, 7.25, 7.5], "texture": "#0"},
				"up": {"uv": [8.25, 11, 8, 10.75], "texture": "#0"},
				"down": {"uv": [7.75, 10.75, 7.5, 11], "texture": "#0"}
			}
		},
		{
			"from": [8, -0.75, 10.2],
			"to": [9, -0.25, 10.4],
			"rotation": {"angle": 0, "axis": "y", "origin": [0, 11, 0]},
			"faces": {
				"north": {"uv": [10.75, 8.25, 11, 8], "texture": "#0"},
				"east": {"uv": [8.5, 11, 8.75, 10.75], "texture": "#0"},
				"south": {"uv": [10.75, 8.75, 11, 8.5], "texture": "#0"},
				"west": {"uv": [9, 11, 9.25, 10.75], "texture": "#0"},
				"up": {"uv": [10.25, 11, 10, 10.75], "texture": "#0"},
				"down": {"uv": [9.75, 10.75, 9.5, 11], "texture": "#0"}
			}
		},
		{
			"from": [8, -0.75, 4.6],
			"to": [9, -0.25, 4.8],
			"rotation": {"angle": 0, "axis": "y", "origin": [0, 11, 0]},
			"faces": {
				"north": {"uv": [0, 11.25, 0.25, 11], "texture": "#0"},
				"east": {"uv": [0.5, 11.25, 0.75, 11], "texture": "#0"},
				"south": {"uv": [11, 0.75, 11.25, 0.5], "texture": "#0"},
				"west": {"uv": [1, 11.25, 1.25, 11], "texture": "#0"},
				"up": {"uv": [2.75, 11.25, 2.5, 11], "texture": "#0"},
				"down": {"uv": [1.75, 11, 1.5, 11.25], "texture": "#0"}
			}
		},
		{
			"from": [8, -4.75, 6],
			"to": [9, -2.75, 6.25],
			"rotation": {"angle": 0, "axis": "y", "origin": [0, 11, 0]},
			"faces": {
				"north": {"uv": [7.5, 8, 7.75, 7.5], "texture": "#0"},
				"east": {"uv": [7.75, 0.5, 8, 0], "texture": "#0"},
				"south": {"uv": [1.5, 8.25, 1.75, 7.75], "texture": "#0"},
				"west": {"uv": [7.75, 2, 8, 1.5], "texture": "#0"},
				"up": {"uv": [3.25, 11.25, 3, 11], "texture": "#0"},
				"down": {"uv": [11.25, 2.5, 11, 2.75], "texture": "#0"}
			}
		},
		{
			"from": [8, -2, 6],
			"to": [9, -1, 6.25],
			"rotation": {"angle": 0, "axis": "y", "origin": [0, 11, 0]},
			"faces": {
				"north": {"uv": [3.5, 11.25, 3.75, 11], "texture": "#0"},
				"east": {"uv": [4, 11.25, 4.25, 11], "texture": "#0"},
				"south": {"uv": [11, 4.25, 11.25, 4], "texture": "#0"},
				"west": {"uv": [4.5, 11.25, 4.75, 11], "texture": "#0"},
				"up": {"uv": [5.25, 11.25, 5, 11], "texture": "#0"},
				"down": {"uv": [11.25, 4.5, 11, 4.75], "texture": "#0"}
			}
		},
		{
			"from": [8.025, -3.65, -2.7],
			"to": [8.975, -2.05, -2],
			"rotation": {"angle": -45, "axis": "x", "origin": [0, 11, 0]},
			"faces": {
				"north": {"uv": [2.75, 8.25, 3, 7.75], "texture": "#0"},
				"east": {"uv": [3.25, 8.25, 3.5, 7.75], "texture": "#0"},
				"south": {"uv": [3.75, 8.25, 4, 7.75], "texture": "#0"},
				"west": {"uv": [4.25, 8.25, 4.5, 7.75], "texture": "#0"},
				"up": {"uv": [5.75, 11.25, 5.5, 11], "texture": "#0"},
				"down": {"uv": [11.25, 5, 11, 5.25], "texture": "#0"}
			}
		},
		{
			"from": [8.025, -3.65, -4.4],
			"to": [8.975, -2.05, -3.7],
			"rotation": {"angle": -45, "axis": "x", "origin": [0, 11, 0]},
			"faces": {
				"north": {"uv": [4.75, 8.25, 5, 7.75], "texture": "#0"},
				"east": {"uv": [5.25, 8.25, 5.5, 7.75], "texture": "#0"},
				"south": {"uv": [6.25, 8.25, 6.5, 7.75], "texture": "#0"},
				"west": {"uv": [8, 1.25, 8.25, 0.75], "texture": "#0"},
				"up": {"uv": [6.25, 11.25, 6, 11], "texture": "#0"},
				"down": {"uv": [11.25, 5.5, 11, 5.75], "texture": "#0"}
			}
		},
		{
			"from": [8.025, 7.05, 12.6],
			"to": [8.975, 8.65, 13.3],
			"rotation": {"angle": 45, "axis": "x", "origin": [0, 11, 0]},
			"faces": {
				"north": {"uv": [2, 8.5, 2.25, 8], "texture": "#0"},
				"east": {"uv": [8, 3.25, 8.25, 2.75], "texture": "#0"},
				"south": {"uv": [8, 5, 8.25, 4.5], "texture": "#0"},
				"west": {"uv": [8, 5.75, 8.25, 5.25], "texture": "#0"},
				"up": {"uv": [6.75, 11.25, 6.5, 11], "texture": "#0"},
				"down": {"uv": [11.25, 6, 11, 6.25], "texture": "#0"}
			}
		},
		{
			"from": [8.025, 7.05, 14.3],
			"to": [8.975, 8.65, 15],
			"rotation": {"angle": 45, "axis": "x", "origin": [0, 11, 0]},
			"faces": {
				"north": {"uv": [8, 6.5, 8.25, 6], "texture": "#0"},
				"east": {"uv": [8, 7.25, 8.25, 6.75], "texture": "#0"},
				"south": {"uv": [8, 8, 8.25, 7.5], "texture": "#0"},
				"west": {"uv": [0, 8.75, 0.25, 8.25], "texture": "#0"},
				"up": {"uv": [7.25, 11.25, 7, 11], "texture": "#0"},
				"down": {"uv": [11.25, 6.5, 11, 6.75], "texture": "#0"}
			}
		},
		{
			"name": "1x4",
			"from": [8, -10.5, 7.25],
			"to": [9, -8, 7.75],
			"rotation": {"angle": 0, "axis": "y", "origin": [0, 17, -2.75]},
			"faces": {
				"north": {"uv": [6.5, 1.75, 6.75, 1], "texture": "#0"},
				"east": {"uv": [6.5, 2.75, 6.75, 2], "texture": "#0"},
				"south": {"uv": [6.5, 3.75, 6.75, 3], "texture": "#0"},
				"west": {"uv": [6.5, 4.75, 6.75, 4], "texture": "#0"},
				"up": {"uv": [11.25, 7.75, 11, 7.5], "texture": "#0"},
				"down": {"uv": [11.25, 7, 11, 7.25], "texture": "#0"}
			}
		},
		{
			"name": "1x4",
			"from": [8, -9.5, 7.75],
			"to": [9, -8, 7.9],
			"rotation": {"angle": 0, "axis": "y", "origin": [0, 17, -2.25]},
			"faces": {
				"north": {"uv": [8.25, 0.5, 8.5, 0], "texture": "#0"},
				"east": {"uv": [0.5, 8.75, 0.75, 8.25], "texture": "#0"},
				"south": {"uv": [1, 8.75, 1.25, 8.25], "texture": "#0"},
				"west": {"uv": [8.25, 2, 8.5, 1.5], "texture": "#0"},
				"up": {"uv": [11.25, 9.75, 11, 9.5], "texture": "#0"},
				"down": {"uv": [11.25, 9, 11, 9.25], "texture": "#0"}
			}
		},
		{
			"name": "1x4",
			"from": [8, -9.5, 7.1],
			"to": [9, -8, 7.25],
			"rotation": {"angle": 0, "axis": "y", "origin": [0, 17, -3]},
			"faces": {
				"north": {"uv": [8.25, 4, 8.5, 3.5], "texture": "#0"},
				"east": {"uv": [5.75, 8.75, 6, 8.25], "texture": "#0"},
				"south": {"uv": [6.75, 8.75, 7, 8.25], "texture": "#0"},
				"west": {"uv": [7.25, 8.75, 7.5, 8.25], "texture": "#0"},
				"up": {"uv": [10.75, 11.25, 10.5, 11], "texture": "#0"},
				"down": {"uv": [11.25, 10, 11, 10.25], "texture": "#0"}
			}
		},
		{
			"name": "1x4",
			"from": [8, -11.5, 7.375],
			"to": [9, -10.5, 7.625],
			"rotation": {"angle": 0, "axis": "y", "origin": [0, 14.5, -2.625]},
			"faces": {
				"north": {"uv": [11, 10.75, 11.25, 10.5], "texture": "#0"},
				"east": {"uv": [11, 11.25, 11.25, 11], "texture": "#0"},
				"south": {"uv": [11.25, 0.25, 11.5, 0], "texture": "#0"},
				"west": {"uv": [11.25, 1.25, 11.5, 1], "texture": "#0"},
				"up": {"uv": [2.25, 11.5, 2, 11.25], "texture": "#0"},
				"down": {"uv": [11.5, 1.5, 11.25, 1.75], "texture": "#0"}
			}
		},
		{
			"name": "1x4",
			"from": [8, -16, 7.375],
			"to": [9, -12.9, 7.625],
			"rotation": {"angle": 0, "axis": "y", "origin": [0, 12.1, -2.625]},
			"faces": {
				"north": {"uv": [6.5, 5.75, 6.75, 5], "texture": "#0"},
				"east": {"uv": [6, 7.25, 6.25, 6.5], "texture": "#0"},
				"south": {"uv": [6.5, 6.75, 6.75, 6], "texture": "#0"},
				"west": {"uv": [6.75, 0.75, 7, 0], "texture": "#0"},
				"up": {"uv": [11.5, 3.25, 11.25, 3], "texture": "#0"},
				"down": {"uv": [11.5, 2, 11.25, 2.25], "texture": "#0"}
			}
		},
		{
			"name": "1x4",
			"from": [8, -14.5, 7.625],
			"to": [9, -13.65, 7.825],
			"rotation": {"angle": 0, "axis": "y", "origin": [0, 12.1, -2.375]},
			"faces": {
				"north": {"uv": [11.25, 3.75, 11.5, 3.5], "texture": "#0"},
				"east": {"uv": [7.5, 11.5, 7.75, 11.25], "texture": "#0"},
				"south": {"uv": [8, 11.5, 8.25, 11.25], "texture": "#0"},
				"west": {"uv": [11.25, 8.25, 11.5, 8], "texture": "#0"},
				"up": {"uv": [11.5, 8.75, 11.25, 8.5], "texture": "#0"},
				"down": {"uv": [8.75, 11.25, 8.5, 11.5], "texture": "#0"}
			}
		},
		{
			"name": "1x4",
			"from": [8, -15.25, 7.625],
			"to": [9, -14.5, 7.725],
			"rotation": {"angle": 0, "axis": "y", "origin": [0, 11, -2.375]},
			"faces": {
				"north": {"uv": [9, 11.5, 9.25, 11.25], "texture": "#0"},
				"east": {"uv": [9.5, 11.5, 9.75, 11.25], "texture": "#0"},
				"south": {"uv": [10, 11.5, 10.25, 11.25], "texture": "#0"},
				"west": {"uv": [0, 11.75, 0.25, 11.5], "texture": "#0"},
				"up": {"uv": [11.75, 0.75, 11.5, 0.5], "texture": "#0"},
				"down": {"uv": [0.75, 11.5, 0.5, 11.75], "texture": "#0"}
			}
		},
		{
			"name": "1x4",
			"from": [8, -13.65, 7.625],
			"to": [9, -13.15, 7.725],
			"rotation": {"angle": 0, "axis": "y", "origin": [0, 12.85, -2.375]},
			"faces": {
				"north": {"uv": [1, 11.75, 1.25, 11.5], "texture": "#0"},
				"east": {"uv": [1.5, 11.75, 1.75, 11.5], "texture": "#0"},
				"south": {"uv": [2.5, 11.75, 2.75, 11.5], "texture": "#0"},
				"west": {"uv": [11.5, 2.75, 11.75, 2.5], "texture": "#0"},
				"up": {"uv": [3.75, 11.75, 3.5, 11.5], "texture": "#0"},
				"down": {"uv": [3.25, 11.5, 3, 11.75], "texture": "#0"}
			}
		},
		{
			"name": "1x4",
			"from": [8, -13.65, 7.275],
			"to": [9, -13.15, 7.375],
			"rotation": {"angle": 0, "axis": "y", "origin": [0, 12.85, -2.725]},
			"faces": {
				"north": {"uv": [4, 11.75, 4.25, 11.5], "texture": "#0"},
				"east": {"uv": [11.5, 4.25, 11.75, 4], "texture": "#0"},
				"south": {"uv": [4.5, 11.75, 4.75, 11.5], "texture": "#0"},
				"west": {"uv": [11.5, 4.75, 11.75, 4.5], "texture": "#0"},
				"up": {"uv": [11.75, 5.25, 11.5, 5], "texture": "#0"},
				"down": {"uv": [5.25, 11.5, 5, 11.75], "texture": "#0"}
			}
		},
		{
			"name": "1x4",
			"from": [8, -15.25, 7.275],
			"to": [9, -14.5, 7.375],
			"rotation": {"angle": 0, "axis": "y", "origin": [0, 11, -2.725]},
			"faces": {
				"north": {"uv": [5.5, 11.75, 5.75, 11.5], "texture": "#0"},
				"east": {"uv": [11.5, 5.75, 11.75, 5.5], "texture": "#0"},
				"south": {"uv": [6, 11.75, 6.25, 11.5], "texture": "#0"},
				"west": {"uv": [11.5, 6.25, 11.75, 6], "texture": "#0"},
				"up": {"uv": [11.75, 6.75, 11.5, 6.5], "texture": "#0"},
				"down": {"uv": [6.75, 11.5, 6.5, 11.75], "texture": "#0"}
			}
		},
		{
			"name": "1x4",
			"from": [8, -14.5, 7.175],
			"to": [9, -13.65, 7.375],
			"rotation": {"angle": 0, "axis": "y", "origin": [0, 12.1, -2.875]},
			"faces": {
				"north": {"uv": [7, 11.75, 7.25, 11.5], "texture": "#0"},
				"east": {"uv": [11.5, 7.25, 11.75, 7], "texture": "#0"},
				"south": {"uv": [11.5, 7.75, 11.75, 7.5], "texture": "#0"},
				"west": {"uv": [11.5, 9.25, 11.75, 9], "texture": "#0"},
				"up": {"uv": [11.75, 10.25, 11.5, 10], "texture": "#0"},
				"down": {"uv": [11.75, 9.5, 11.5, 9.75], "texture": "#0"}
			}
		},
		{
			"name": "ver",
			"from": [8, -13.175, 6.775],
			"to": [9, -12.175, 7.775],
			"rotation": {"angle": -45, "axis": "x", "origin": [7, -12.175, 6.775]},
			"faces": {
				"north": {"uv": [10.5, 11.75, 10.75, 11.5], "texture": "#0"},
				"east": {"uv": [11.5, 10.75, 11.75, 10.5], "texture": "#0"},
				"south": {"uv": [11, 11.75, 11.25, 11.5], "texture": "#0"},
				"west": {"uv": [11.5, 11.25, 11.75, 11], "texture": "#0"},
				"up": {"uv": [12, 0.25, 11.75, 0], "texture": "#0"},
				"down": {"uv": [11.75, 11.5, 11.5, 11.75], "texture": "#0"}
			}
		},
		{
			"name": "ver",
			"from": [8.775, -11.775, 7],
			"to": [9.775, -10.775, 8],
			"rotation": {"angle": -45, "axis": "z", "origin": [7.775, -10.775, 7]},
			"faces": {
				"north": {"uv": [11.75, 1.25, 12, 1], "texture": "#0"},
				"east": {"uv": [11.75, 1.75, 12, 1.5], "texture": "#0"},
				"south": {"uv": [2, 12, 2.25, 11.75], "texture": "#0"},
				"west": {"uv": [11.75, 2.25, 12, 2], "texture": "#0"},
				"up": {"uv": [12, 3.75, 11.75, 3.5], "texture": "#0"},
				"down": {"uv": [12, 3, 11.75, 3.25], "texture": "#0"}
			}
		},
		{
			"name": "hor",
			"from": [7.975, -12.7, 6.975],
			"to": [8.975, -11.7, 7.975],
			"rotation": {"angle": 0, "axis": "y", "origin": [6.975, -11.7, 6.975]},
			"faces": {
				"north": {"uv": [7.5, 12, 7.75, 11.75], "texture": "#0"},
				"east": {"uv": [8, 12, 8.25, 11.75], "texture": "#0"},
				"south": {"uv": [11.75, 8.25, 12, 8], "texture": "#0"},
				"west": {"uv": [8.5, 12, 8.75, 11.75], "texture": "#0"},
				"up": {"uv": [9.25, 12, 9, 11.75], "texture": "#0"},
				"down": {"uv": [12, 8.5, 11.75, 8.75], "texture": "#0"}
			}
		},
		{
			"name": "hor",
			"from": [8.075, -12.7, 8.2],
			"to": [9.075, -11.7, 9.2],
			"rotation": {"angle": 45, "axis": "y", "origin": [7.075, -11.7, 8.2]},
			"faces": {
				"north": {"uv": [9.5, 12, 9.75, 11.75], "texture": "#0"},
				"east": {"uv": [10, 12, 10.25, 11.75], "texture": "#0"},
				"south": {"uv": [0, 12.25, 0.25, 12], "texture": "#0"},
				"west": {"uv": [0.5, 12.25, 0.75, 12], "texture": "#0"},
				"up": {"uv": [1.25, 12.25, 1, 12], "texture": "#0"},
				"down": {"uv": [12.25, 0.5, 12, 0.75], "texture": "#0"}
			}
		},
		{
			"name": "ver",
			"from": [8.25, -2.25, 4.925],
			"to": [8.75, -1.75, 5.425],
			"rotation": {"angle": -45, "axis": "x", "origin": [6.75, -1.75, 4.925]},
			"faces": {
				"north": {"uv": [1.5, 12.25, 1.75, 12], "texture": "#0"},
				"east": {"uv": [2.5, 12.25, 2.75, 12], "texture": "#0"},
				"south": {"uv": [12, 2.75, 12.25, 2.5], "texture": "#0"},
				"west": {"uv": [3, 12.25, 3.25, 12], "texture": "#0"},
				"up": {"uv": [4.25, 12.25, 4, 12], "texture": "#0"},
				"down": {"uv": [3.75, 12, 3.5, 12.25], "texture": "#0"}
			}
		},
		{
			"name": "ver",
			"from": [8.95, -0.825, 5.025],
			"to": [9.45, -0.325, 5.525],
			"rotation": {"angle": -45, "axis": "z", "origin": [7.45, -0.325, 5.025]},
			"faces": {
				"north": {"uv": [12, 4.25, 12.25, 4], "texture": "#0"},
				"east": {"uv": [4.5, 12.25, 4.75, 12], "texture": "#0"},
				"south": {"uv": [12, 4.75, 12.25, 4.5], "texture": "#0"},
				"west": {"uv": [5, 12.25, 5.25, 12], "texture": "#0"},
				"up": {"uv": [5.75, 12.25, 5.5, 12], "texture": "#0"},
				"down": {"uv": [12.25, 5, 12, 5.25], "texture": "#0"}
			}
		},
		{
			"name": "hor",
			"from": [8.6, -2, 6.325],
			"to": [9.1, -1.5, 6.825],
			"rotation": {"angle": 45, "axis": "y", "origin": [7.1, -1.5, 6.325]},
			"faces": {
				"north": {"uv": [12, 5.75, 12.25, 5.5], "texture": "#0"},
				"east": {"uv": [6, 12.25, 6.25, 12], "texture": "#0"},
				"south": {"uv": [12, 6.25, 12.25, 6], "texture": "#0"},
				"west": {"uv": [6.5, 12.25, 6.75, 12], "texture": "#0"},
				"up": {"uv": [7.25, 12.25, 7, 12], "texture": "#0"},
				"down": {"uv": [12.25, 6.5, 12, 6.75], "texture": "#0"}
			}
		},
		{
			"name": "hor",
			"from": [8.25, -2, 5.025],
			"to": [8.75, -1.5, 5.525],
			"rotation": {"angle": 0, "axis": "y", "origin": [6.75, -1.5, 5.025]},
			"faces": {
				"north": {"uv": [12, 7.25, 12.25, 7], "texture": "#0"},
				"east": {"uv": [12, 7.75, 12.25, 7.5], "texture": "#0"},
				"south": {"uv": [12, 9.25, 12.25, 9], "texture": "#0"},
				"west": {"uv": [12, 9.75, 12.25, 9.5], "texture": "#0"},
				"up": {"uv": [10.75, 12.25, 10.5, 12], "texture": "#0"},
				"down": {"uv": [12.25, 10, 12, 10.25], "texture": "#0"}
			}
		},
		{
			"name": "ver",
			"from": [8.25, -2.25, 9.425],
			"to": [8.75, -1.75, 9.925],
			"rotation": {"angle": -45, "axis": "x", "origin": [6.75, -1.75, 9.425]},
			"faces": {
				"north": {"uv": [12, 10.75, 12.25, 10.5], "texture": "#0"},
				"east": {"uv": [11, 12.25, 11.25, 12], "texture": "#0"},
				"south": {"uv": [12, 11.25, 12.25, 11], "texture": "#0"},
				"west": {"uv": [11.5, 12.25, 11.75, 12], "texture": "#0"},
				"up": {"uv": [12.25, 12.25, 12, 12], "texture": "#0"},
				"down": {"uv": [12.25, 11.5, 12, 11.75], "texture": "#0"}
			}
		},
		{
			"name": "ver",
			"from": [8.95, -0.825, 9.525],
			"to": [9.45, -0.325, 10.025],
			"rotation": {"angle": -45, "axis": "z", "origin": [7.45, -0.325, 9.525]},
			"faces": {
				"north": {"uv": [12.25, 0.25, 12.5, 0], "texture": "#0"},
				"east": {"uv": [12.25, 1.25, 12.5, 1], "texture": "#0"},
				"south": {"uv": [12.25, 1.75, 12.5, 1.5], "texture": "#0"},
				"west": {"uv": [2, 12.5, 2.25, 12.25], "texture": "#0"},
				"up": {"uv": [12.5, 3.25, 12.25, 3], "texture": "#0"},
				"down": {"uv": [12.5, 2, 12.25, 2.25], "texture": "#0"}
			}
		},
		{
			"name": "hor",
			"from": [8.6, -2, 10.825],
			"to": [9.1, -1.5, 11.325],
			"rotation": {"angle": 45, "axis": "y", "origin": [7.1, -1.5, 10.825]},
			"faces": {
				"north": {"uv": [12.25, 3.75, 12.5, 3.5], "texture": "#0"},
				"east": {"uv": [7.5, 12.5, 7.75, 12.25], "texture": "#0"},
				"south": {"uv": [8, 12.5, 8.25, 12.25], "texture": "#0"},
				"west": {"uv": [12.25, 8.25, 12.5, 8], "texture": "#0"},
				"up": {"uv": [12.5, 8.75, 12.25, 8.5], "texture": "#0"},
				"down": {"uv": [8.75, 12.25, 8.5, 12.5], "texture": "#0"}
			}
		},
		{
			"name": "hor",
			"from": [8.25, -2, 9.525],
			"to": [8.75, -1.5, 10.025],
			"rotation": {"angle": 0, "axis": "y", "origin": [6.75, -1.5, 9.525]},
			"faces": {
				"north": {"uv": [9, 12.5, 9.25, 12.25], "texture": "#0"},
				"east": {"uv": [9.5, 12.5, 9.75, 12.25], "texture": "#0"},
				"south": {"uv": [10, 12.5, 10.25, 12.25], "texture": "#0"},
				"west": {"uv": [0, 12.75, 0.25, 12.5], "texture": "#0"},
				"up": {"uv": [12.75, 0.75, 12.5, 0.5], "texture": "#0"},
				"down": {"uv": [0.75, 12.5, 0.5, 12.75], "texture": "#0"}
			}
		}
	],
	"gui_light": "front",
	"display": {
		"thirdperson_righthand": {
			"translation": [0, -3.75, 0]
		},
		"thirdperson_lefthand": {
			"rotation": [-7, 140, 79],
			"translation": [-6.5, -5.75, 6.5]
		},
		"firstperson_righthand": {
			"rotation": [0, 0, 180],
			"translation": [2, -6.25, 0.25]
		},
		"firstperson_lefthand": {
			"rotation": [0, 0, 180],
			"translation": [2, -6.25, 0.25]
		},
		"ground": {
			"rotation": [47.41, -28.17, 24.96],
			"translation": [-1, 11, 0.5]
		},
		"gui": {
			"rotation": [90, 52, 90],
			"translation": [-0.75, -1.75, 0],
			"scale": [0.6, 0.51, 0.59]
		},
		"head": {
			"rotation": [85, -44, 86],
			"translation": [0.5, -22, 2.75],
			"scale": [1.75, 1.75, 1.75]
		},
		"fixed": {
			"rotation": [0, 90, 0],
			"translation": [1.75, -8.5, 0],
			"scale": [4, 4, 4]
		},
		"on_shelf": {
			"rotation": [0, 90, 0],
			"translation": [0.75, -1.5, 8],
			"scale": [4, 4, 4]
		}
	},
	"groups": [
		{
			"name": "stick",
			"origin": [8, 8, 8],
			"color": 3,
			"children": [0, 1, 2, 3, 4, 5, 6]
		},
		{
			"name": "head 1",
			"origin": [0, 0, 0],
			"color": 0,
			"children": [
				7,
				8,
				9,
				10,
				11,
				12,
				13,
				14,
				15,
				16,
				17,
				18,
				19,
				20,
				21,
				{
					"name": "head 2",
					"origin": [0, 0, 0],
					"color": 0,
					"children": [22, 23, 24, 25, 26, 27, 28, 29, 30, 31, 32]
				}
			]
		},
		{
			"name": "head 2",
			"origin": [0, 0, 0],
			"color": 9,
			"children": [
				33,
				34,
				35,
				36,
				37,
				38,
				39,
				40,
				41,
				42,
				43,
				44,
				45,
				46,
				47,
				48,
				{
					"name": "dioagonal",
					"origin": [8, 8, 8],
					"color": 2,
					"children": [49, 50, 51, 52]
				}
			]
		},
		{
			"name": "head 3",
			"origin": [8, 8, 8],
			"color": 5,
			"children": [53, 54, 55, 56, 57, 58, 59, 60, 61, 62, 63]
		},
		{
			"name": "THE ORB",
			"origin": [8, 8, 8],
			"color": 4,
			"children": [64, 65, 66, 67]
		},
		{
			"name": "THE MINI ORB 1+2",
			"origin": [8, 8, 8],
			"color": 4,
			"children": [
				{
					"name": "1",
					"origin": [8, 8, 8],
					"color": 4,
					"children": [68, 69, 70, 71]
				},
				{
					"name": "2",
					"origin": [8, 8, 8],
					"color": 4,
					"children": [72, 73, 74, 75]
				}
			]
		}
	]
}