{
	"format_version": "1.21.6",
	"credit": "Made with Blockbench",
	"texture_size": [32, 32],
	"textures": {
		"0": "item/food/banana",
		"particle": "item/food/banana"
	},
	"elements": [
		{
			"from": [4, 0, 0],
			"to": [12, 8, 16],
			"rotation": {"angle": 0, "axis": "y", "origin": [0, 2, 0]},
			"faces": {
				"north": {"uv": [12, 16, 16, 12], "rotation": 180, "texture": "#0"},
				"east": {"uv": [0, 8, 4, 0], "rotation": 270, "texture": "#0"},
				"south": {"uv": [12, 12, 16, 16], "texture": "#0"},
				"west": {"uv": [0, 0, 4, 8], "rotation": 270, "texture": "#0"},
				"up": {"uv": [8, 8, 4, 0], "texture": "#0"},
				"down": {"uv": [12, 0, 8, 8], "texture": "#0"}
			}
		},
		{
			"from": [5, 1.5, -9],
			"to": [11, 7.5, 3],
			"rotation": {"angle": 22.5, "axis": "x", "origin": [0, 0, 0]},
			"faces": {
				"north": {"uv": [13, 6, 16, 9.5], "rotation": 90, "texture": "#0"},
				"east": {"uv": [0, 14, 3, 8], "rotation": 270, "texture": "#0"},
				"south": {"uv": [13, 9, 16, 12], "rotation": 90, "texture": "#0"},
				"west": {"uv": [0, 8, 3, 14], "rotation": 270, "texture": "#0"},
				"up": {"uv": [7.5, 14, 4.5, 8], "texture": "#0"},
				"down": {"uv": [11.5, 8, 8.5, 14], "texture": "#0"}
			}
		},
		{
			"from": [5, -4.25, 12],
			"to": [11, 1.75, 24],
			"rotation": {"angle": -22.5, "axis": "x", "origin": [0, 0, 0]},
			"faces": {
				"north": {"uv": [6, 15, 7, 16], "texture": "#0"},
				"east": {"uv": [0, 8, 3, 14], "rotation": 270, "texture": "#0"},
				"south": {"uv": [13, 8.5, 16, 12], "rotation": 90, "texture": "#0"},
				"west": {"uv": [0, 14, 3, 8], "rotation": 270, "texture": "#0"},
				"up": {"uv": [7.5, 13, 4.5, 7], "rotation": 180, "texture": "#0"},
				"down": {"uv": [11.5, 8, 8.5, 14], "texture": "#0"}
			}
		},
		{
			"from": [6, -11.5, 20],
			"to": [10, -7.5, 28],
			"rotation": {"angle": -45, "axis": "x", "origin": [0, 0, 0]},
			"faces": {
				"north": {"uv": [12, 30, 14, 32], "texture": "#0"},
				"east": {"uv": [12, 2, 16, 4], "texture": "#0"},
				"south": {"uv": [2, 15, 3, 16], "texture": "#0"},
				"west": {"uv": [12, 4, 16, 2], "rotation": 180, "texture": "#0"},
				"up": {"uv": [16, 2, 12, 0], "rotation": 90, "texture": "#0"},
				"down": {"uv": [12, 6, 16, 4], "rotation": 90, "texture": "#0"}
			}
		}
	],
	"display": {
		"thirdperson_righthand": {
			"rotation": [22.5, 45, 22.5],
			"translation": [0.25, 1.5, -0.25],
			"scale": [0.25, 0.25, 0.25]
		},
		"thirdperson_lefthand": {
			"rotation": [22.5, 45, 22.5],
			"translation": [0.25, 1.5, -0.25],
			"scale": [0.25, 0.25, 0.25]
		},
		"firstperson_righthand": {
			"rotation": [-120, 30, 110],
			"translation": [4, 4, -0.5],
			"scale": [0.25, 0.25, 0.25]
		},
		"firstperson_lefthand": {
			"rotation": [-120, 30, 110],
			"translation": [4, 4, -0.5],
			"scale": [0.25, 0.25, 0.25]
		},
		"ground": {
			"translation": [0, 1, 0],
			"scale": [0.25, 0.25, 0.25]
		},
		"gui": {
			"rotation": [-100, 50, 145],
			"translation": [-0.5, -0.75, 0],
			"scale": [0.5, 0.5, 0.5]
		},
		"head": {
			"rotation": [0, -180, 0],
			"translation": [0, 14.5, 0]
		},
		"fixed": {
			"rotation": [-90, 0, 0],
			"translation": [0, 0, -3],
			"scale": [0.5, 0.5, 0.5]
		},
		"on_shelf": {
			"rotation": [90, -180, 0],
			"translation": [0, 0, 2],
			"scale": [0.75, 0.75, 0.75]
		}
	}
}