{
	"format_version": "1.21.6",
	"credit": "Made with Blockbench",
	"textures": {
		"1": "item/food/drinks/hot_coco/marshmellows/beige",
		"2": "item/food/drinks/hot_coco/marshmellows/texturehotcoco",
		"3": "item/food/drinks/hot_coco/marshmellows/marshmellows",
		"particle": "item/food/drinks/hot_coco/marshmellows/beige"
	},
	"elements": [
		{
			"from": [9.8, 2.25, 7.2],
			"to": [10.8, 2.75, 8.2],
			"rotation": {"angle": 0, "axis": "y", "origin": [8.55, 1.375, 7.75]},
			"faces": {
				"north": {"uv": [11, 11, 12, 12], "texture": "#1"},
				"east": {"uv": [0, 12, 1, 13], "texture": "#1"},
				"south": {"uv": [1, 12, 2, 13], "texture": "#1"},
				"west": {"uv": [2, 12, 3, 13], "texture": "#1"},
				"up": {"uv": [4, 13, 3, 12], "texture": "#1"},
				"down": {"uv": [5, 12, 4, 13], "texture": "#1"}
			}
		},
		{
			"from": [10.3, 1.25, 7.2],
			"to": [10.8, 2.25, 8.2],
			"rotation": {"angle": 0, "axis": "y", "origin": [8.55, 1.375, 7.75]},
			"faces": {
				"north": {"uv": [12, 4, 13, 5], "texture": "#1"},
				"east": {"uv": [5, 12, 6, 13], "texture": "#1"},
				"south": {"uv": [12, 5, 13, 6], "texture": "#1"},
				"west": {"uv": [6, 12, 7, 13], "texture": "#1"},
				"up": {"uv": [13, 7, 12, 6], "texture": "#1"},
				"down": {"uv": [8, 12, 7, 13], "texture": "#1"}
			}
		},
		{
			"from": [9.8, 0.75, 7.2],
			"to": [10.8, 1.25, 8.2],
			"rotation": {"angle": 0, "axis": "y", "origin": [9.8, 2.75, 7.2]},
			"faces": {
				"north": {"uv": [12, 7, 13, 8], "texture": "#1"},
				"east": {"uv": [8, 12, 9, 13], "texture": "#1"},
				"south": {"uv": [12, 8, 13, 9], "texture": "#1"},
				"west": {"uv": [9, 12, 10, 13], "texture": "#1"},
				"up": {"uv": [13, 10, 12, 9], "texture": "#1"},
				"down": {"uv": [11, 12, 10, 13], "texture": "#1"}
			}
		},
		{
			"from": [6.3, 0.5, 6],
			"to": [6.8, 3, 9],
			"rotation": {"angle": 0, "axis": "y", "origin": [6.3, 3, 6]},
			"faces": {
				"north": {"uv": [9, 0, 10, 3], "texture": "#1"},
				"east": {"uv": [0, 0, 3, 3], "texture": "#1"},
				"south": {"uv": [3, 9, 4, 12], "texture": "#1"},
				"west": {"uv": [0, 3, 3, 6], "texture": "#1"},
				"up": {"uv": [10, 6, 9, 3], "texture": "#1"},
				"down": {"uv": [5, 9, 4, 12], "texture": "#1"}
			}
		},
		{
			"from": [9.3, 0.5, 6.5],
			"to": [9.8, 3, 9.5],
			"rotation": {"angle": 0, "axis": "y", "origin": [8.55, 1.375, 7.75]},
			"faces": {
				"north": {"uv": [5, 9, 6, 12], "texture": "#1"},
				"east": {"uv": [3, 0, 6, 3], "texture": "#1"},
				"south": {"uv": [6, 9, 7, 12], "texture": "#1"},
				"west": {"uv": [3, 3, 6, 6], "texture": "#1"},
				"up": {"uv": [10, 9, 9, 6], "texture": "#1"},
				"down": {"uv": [8, 9, 7, 12], "texture": "#1"}
			}
		},
		{
			"from": [6.55, 0, 6.25],
			"to": [9.55, 0.5, 9.25],
			"rotation": {"angle": 0, "axis": "y", "origin": [6.55, 0.475, 6.25]},
			"faces": {
				"north": {"uv": [8, 9, 11, 10], "texture": "#1"},
				"east": {"uv": [10, 0, 13, 1], "texture": "#1"},
				"south": {"uv": [10, 1, 13, 2], "texture": "#1"},
				"west": {"uv": [10, 2, 13, 3], "texture": "#1"},
				"up": {"uv": [3, 9, 0, 6], "texture": "#1"},
				"down": {"uv": [9, 0, 6, 3], "texture": "#1"}
			}
		},
		{
			"from": [6.8, 0.5, 6],
			"to": [9.8, 3, 6.5],
			"rotation": {"angle": 0, "axis": "y", "origin": [9.8, 0.475, 9.5]},
			"faces": {
				"north": {"uv": [3, 6, 6, 9], "texture": "#1"},
				"east": {"uv": [10, 3, 11, 6], "texture": "#1"},
				"south": {"uv": [6, 3, 9, 6], "texture": "#1"},
				"west": {"uv": [10, 6, 11, 9], "texture": "#1"},
				"up": {"uv": [11, 11, 8, 10], "texture": "#1"},
				"down": {"uv": [14, 3, 11, 4], "texture": "#1"}
			}
		},
		{
			"from": [6.3, 0.5, 9],
			"to": [9.3, 3, 9.5],
			"rotation": {"angle": 0, "axis": "y", "origin": [8.55, 1.375, 7.75]},
			"faces": {
				"north": {"uv": [6, 6, 9, 9], "texture": "#1"},
				"east": {"uv": [11, 4, 12, 7], "texture": "#1"},
				"south": {"uv": [0, 9, 3, 12], "texture": "#1"},
				"west": {"uv": [11, 7, 12, 10], "texture": "#1"},
				"up": {"uv": [11, 12, 8, 11], "texture": "#1"},
				"down": {"uv": [14, 10, 11, 11], "texture": "#1"}
			}
		},
		{
			"name": "liquid",
			"from": [6.8, 0.5, 6.5],
			"to": [9.3, 2.5, 9],
			"faces": {
				"north": {"uv": [3, 0, 6, 2], "texture": "#2"},
				"east": {"uv": [3, 2, 6, 4], "texture": "#2"},
				"south": {"uv": [3, 4, 6, 6], "texture": "#2"},
				"west": {"uv": [0, 6, 3, 8], "texture": "#2"},
				"up": {"uv": [3, 3, 0, 0], "texture": "#2"},
				"down": {"uv": [3, 3, 0, 6], "texture": "#2"}
			}
		},
		{
			"from": [8.2, 2, 6.8],
			"to": [9, 2.8, 7.6],
			"rotation": {"angle": -22.5, "axis": "z", "origin": [8.5, 2.5, 7.5]},
			"faces": {
				"north": {"uv": [0, 0, 0.8, 0.8], "texture": "#3"},
				"east": {"uv": [0, 0, 0.8, 0.8], "texture": "#3"},
				"south": {"uv": [0, 0, 0.8, 0.8], "texture": "#3"},
				"west": {"uv": [0, 0, 0.8, 0.8], "texture": "#3"},
				"up": {"uv": [0, 0, 0.8, 0.8], "texture": "#3"},
				"down": {"uv": [0, 0, 0.8, 0.8], "texture": "#3"}
			}
		},
		{
			"from": [7.4, 2, 7.7],
			"to": [8.2, 2.8, 8.5],
			"rotation": {"angle": 45, "axis": "x", "origin": [7.75, 2.35, 8.35]},
			"faces": {
				"north": {"uv": [3, 0, 4, 1], "texture": "#3"},
				"east": {"uv": [0, 1, 1, 2], "texture": "#3"},
				"south": {"uv": [1, 0, 2, 1], "texture": "#3"},
				"west": {"uv": [1, 1, 2, 2], "texture": "#3"},
				"up": {"uv": [1, 3, 0, 2], "texture": "#3"},
				"down": {"uv": [3, 0, 2, 1], "texture": "#3"}
			}
		},
		{
			"from": [7, 2.3, 6.7],
			"to": [7.8, 3.1, 7.5],
			"rotation": {"angle": 0, "axis": "x", "origin": [7.75, 2.35, 8.35]},
			"faces": {
				"north": {"uv": [6, 4, 6.8, 4.8], "texture": "#3"},
				"east": {"uv": [6, 4, 6.8, 4.8], "texture": "#3"},
				"south": {"uv": [6, 4, 6.8, 4.8], "texture": "#3"},
				"west": {"uv": [6, 4, 6.8, 4.8], "texture": "#3"},
				"up": {"uv": [6, 4, 6.8, 4.8], "texture": "#3"},
				"down": {"uv": [6, 4, 6.8, 4.8], "texture": "#3"}
			}
		}
	],
	"display": {
		"thirdperson_righthand": {
			"rotation": [71, -56, 0],
			"translation": [-2.75, 3.25, 5.5]
		},
		"thirdperson_lefthand": {
			"rotation": [71, 128, 0],
			"translation": [-2.75, 3.25, 5.5]
		},
		"firstperson_righthand": {
			"rotation": [0, -46, 0],
			"translation": [0, 8.5, 1.25]
		},
		"firstperson_lefthand": {
			"rotation": [0, 130, 0],
			"translation": [0, 8.5, 1.25]
		},
		"ground": {
			"translation": [0, 4.25, 0]
		},
		"gui": {
			"rotation": [30, -135, 0],
			"translation": [0, 11.25, 0],
			"scale": [2, 2, 2]
		},
		"fixed": {
			"translation": [-0.75, 13.5, -2],
			"scale": [2, 2, 2]
		}
	},
	"groups": [
		{
			"name": "mug",
			"origin": [8, 8, 8],
			"color": 0,
			"children": [
				{
					"name": "handle",
					"origin": [0, 0, 0],
					"color": 0,
					"children": [0, 1, 2]
				},
				3,
				4,
				5,
				6,
				7
			]
		},
		8,
		{
			"name": "marshmellows",
			"origin": [7.75, 2.35, 8.35],
			"color": 0,
			"children": [9, 10, 11]
		}
	]
}