{
	"format_version": "1.21.6",
	"credit": "Made by BearBruno",
	"texture_size": [64, 64],
	"textures": {
		"0": "item/hats/bag_for_head_texture",
		"particle": "item/hats/bag_for_head_texture"
	},
	"elements": [
		{
			"from": [7, 8, 3],
			"to": [13, 9, 13],
			"rotation": {"angle": 0, "axis": "y", "origin": [4, 7, 3]},
			"faces": {
				"north": {"uv": [7.25, 5.5, 8.75, 5.75], "texture": "#0"},
				"east": {"uv": [5, 6.5, 7.5, 6.75], "texture": "#0"},
				"south": {"uv": [7.25, 5.75, 8.75, 6], "texture": "#0"},
				"west": {"uv": [5, 6.75, 7.5, 7], "texture": "#0"},
				"up": {"uv": [3.5, 6.5, 2, 4], "texture": "#0"},
				"down": {"uv": [5.5, 2, 4, 4.5], "texture": "#0"}
			}
		},
		{
			"from": [10, 9, 7],
			"to": [10.75, 9.25, 9],
			"rotation": {"angle": 0, "axis": "y", "origin": [4, 8, 3]},
			"faces": {
				"north": {"uv": [10, 3, 10.25, 3.125], "texture": "#0"},
				"east": {"uv": [8.75, 9.75, 9.25, 9.875], "texture": "#0"},
				"south": {"uv": [3.25, 10, 3.5, 10.125], "texture": "#0"},
				"west": {"uv": [9.75, 9, 10.25, 9.125], "texture": "#0"},
				"up": {"uv": [3.75, 9.5, 3.5, 9], "texture": "#0"},
				"down": {"uv": [4, 9, 3.75, 9.5], "texture": "#0"}
			}
		},
		{
			"from": [7.5, 9, 8.25],
			"to": [10, 9.25, 9.5],
			"rotation": {"angle": 0, "axis": "y", "origin": [3.25, 8, 3]},
			"faces": {
				"north": {"uv": [9, 5, 9.625, 5.125], "texture": "#0"},
				"east": {"uv": [0.25, 10, 0.625, 10.125], "texture": "#0"},
				"south": {"uv": [9, 5.25, 9.625, 5.375], "texture": "#0"},
				"west": {"uv": [10, 0.5, 10.375, 0.625], "texture": "#0"},
				"up": {"uv": [8.625, 3.375, 8, 3], "texture": "#0"},
				"down": {"uv": [8.625, 6.5, 8, 6.875], "texture": "#0"}
			}
		},
		{
			"from": [6.25, 9, 4.25],
			"to": [7, 9.25, 6.5],
			"rotation": {"angle": 0, "axis": "y", "origin": [0.25, 8, -1]},
			"faces": {
				"north": {"uv": [10, 3.25, 10.25, 3.375], "texture": "#0"},
				"east": {"uv": [8.25, 9, 8.875, 9.125], "texture": "#0"},
				"south": {"uv": [3.5, 10, 3.75, 10.125], "texture": "#0"},
				"west": {"uv": [9, 8.25, 9.625, 8.375], "texture": "#0"},
				"up": {"uv": [2.25, 8.875, 2, 8.25], "texture": "#0"},
				"down": {"uv": [2.5, 8.25, 2.25, 8.875], "texture": "#0"}
			}
		},
		{
			"from": [5.25, 9, 5],
			"to": [5.75, 9.25, 7.5],
			"rotation": {"angle": 0, "axis": "y", "origin": [-0.75, 8, -1]},
			"faces": {
				"north": {"uv": [10, 5, 10.125, 5.125], "texture": "#0"},
				"east": {"uv": [9, 8.5, 9.625, 8.625], "texture": "#0"},
				"south": {"uv": [5.25, 10, 5.375, 10.125], "texture": "#0"},
				"west": {"uv": [9, 8.75, 9.625, 8.875], "texture": "#0"},
				"up": {"uv": [9.125, 9.625, 9, 9], "texture": "#0"},
				"down": {"uv": [9.375, 0, 9.25, 0.625], "texture": "#0"}
			}
		},
		{
			"from": [6, 8, 3],
			"to": [7, 9, 10],
			"rotation": {"angle": 0, "axis": "y", "origin": [3, 7, 3]},
			"faces": {
				"north": {"uv": [9.75, 7, 10, 7.25], "texture": "#0"},
				"east": {"uv": [7.25, 5, 9, 5.25], "texture": "#0"},
				"south": {"uv": [7.25, 9.75, 7.5, 10], "texture": "#0"},
				"west": {"uv": [7.25, 5.25, 9, 5.5], "texture": "#0"},
				"up": {"uv": [2.25, 8.25, 2, 6.5], "texture": "#0"},
				"down": {"uv": [2.5, 6.5, 2.25, 8.25], "texture": "#0"}
			}
		},
		{
			"from": [5, 8, 3],
			"to": [6, 9, 9],
			"rotation": {"angle": 0, "axis": "y", "origin": [2, 7, 3]},
			"faces": {
				"north": {"uv": [9.75, 7.25, 10, 7.5], "texture": "#0"},
				"east": {"uv": [7.25, 6, 8.75, 6.25], "texture": "#0"},
				"south": {"uv": [7.5, 9.75, 7.75, 10], "texture": "#0"},
				"west": {"uv": [7.25, 6.25, 8.75, 6.5], "texture": "#0"},
				"up": {"uv": [0.5, 9, 0.25, 7.5], "texture": "#0"},
				"down": {"uv": [0.75, 7.5, 0.5, 9], "texture": "#0"}
			}
		},
		{
			"from": [4, 8, 3],
			"to": [5, 9, 8],
			"rotation": {"angle": 0, "axis": "y", "origin": [1, 7, 3]},
			"faces": {
				"north": {"uv": [9.75, 7.5, 10, 7.75], "texture": "#0"},
				"east": {"uv": [7.5, 2.5, 8.75, 2.75], "texture": "#0"},
				"south": {"uv": [7.75, 9.75, 8, 10], "texture": "#0"},
				"west": {"uv": [7.5, 2.75, 8.75, 3], "texture": "#0"},
				"up": {"uv": [5.5, 8.75, 5.25, 7.5], "texture": "#0"},
				"down": {"uv": [5.75, 7.5, 5.5, 8.75], "texture": "#0"}
			}
		},
		{
			"from": [3, 8, 3],
			"to": [4, 9, 9],
			"rotation": {"angle": 0, "axis": "y", "origin": [0, 7, 3]},
			"faces": {
				"north": {"uv": [9.75, 7.75, 10, 8], "texture": "#0"},
				"east": {"uv": [7.5, 2, 9, 2.25], "texture": "#0"},
				"south": {"uv": [8, 9.75, 8.25, 10], "texture": "#0"},
				"west": {"uv": [7.5, 2.25, 9, 2.5], "texture": "#0"},
				"up": {"uv": [1, 9, 0.75, 7.5], "texture": "#0"},
				"down": {"uv": [1.25, 7.5, 1, 9], "texture": "#0"}
			}
		},
		{
			"from": [3, 2, 4],
			"to": [4, 8, 10],
			"rotation": {"angle": 0, "axis": "y", "origin": [4, 7, 3]},
			"faces": {
				"north": {"uv": [3, 6.5, 3.25, 8], "texture": "#0"},
				"east": {"uv": [0, 6, 1.5, 7.5], "texture": "#0"},
				"south": {"uv": [3.25, 6.5, 3.5, 8], "texture": "#0"},
				"west": {"uv": [3.5, 6, 5, 7.5], "texture": "#0"},
				"up": {"uv": [7, 8.75, 6.75, 7.25], "texture": "#0"},
				"down": {"uv": [7.25, 7.25, 7, 8.75], "texture": "#0"}
			}
		},
		{
			"from": [2.75, 3.75, 6.75],
			"to": [3, 6.25, 7.25],
			"rotation": {"angle": 0, "axis": "y", "origin": [3, 7, 3]},
			"faces": {
				"north": {"uv": [4.5, 9.25, 4.625, 9.875], "texture": "#0"},
				"east": {"uv": [4.75, 9.25, 4.875, 9.875], "texture": "#0"},
				"south": {"uv": [5.5, 9.25, 5.625, 9.875], "texture": "#0"},
				"west": {"uv": [9.25, 5.5, 9.375, 6.125], "texture": "#0"},
				"up": {"uv": [10.125, 5.625, 10, 5.5], "texture": "#0"},
				"down": {"uv": [5.875, 10, 5.75, 10.125], "texture": "#0"}
			}
		},
		{
			"from": [2.75, 6.75, 4.75],
			"to": [3, 7.25, 5.25],
			"rotation": {"angle": 0, "axis": "y", "origin": [3, 8, 1]},
			"faces": {
				"north": {"uv": [10, 6, 10.125, 6.125], "texture": "#0"},
				"east": {"uv": [6.25, 10, 6.375, 10.125], "texture": "#0"},
				"south": {"uv": [10, 6.25, 10.125, 6.375], "texture": "#0"},
				"west": {"uv": [6.5, 10, 6.625, 10.125], "texture": "#0"},
				"up": {"uv": [10.125, 6.625, 10, 6.5], "texture": "#0"},
				"down": {"uv": [6.875, 10, 6.75, 10.125], "texture": "#0"}
			}
		},
		{
			"from": [2.75, 6.5, 5.25],
			"to": [3, 7.5, 5.5],
			"rotation": {"angle": 0, "axis": "y", "origin": [3, 8, 1.5]},
			"faces": {
				"north": {"uv": [10, 4.25, 10.125, 4.5], "texture": "#0"},
				"east": {"uv": [4.5, 10, 4.625, 10.25], "texture": "#0"},
				"south": {"uv": [10, 4.5, 10.125, 4.75], "texture": "#0"},
				"west": {"uv": [4.75, 10, 4.875, 10.25], "texture": "#0"},
				"up": {"uv": [10.125, 6.875, 10, 6.75], "texture": "#0"},
				"down": {"uv": [7.125, 10, 7, 10.125], "texture": "#0"}
			}
		},
		{
			"from": [2.75, 2.75, 7.25],
			"to": [3, 5.5, 7.75],
			"rotation": {"angle": 0, "axis": "y", "origin": [3, 7, 3.5]},
			"faces": {
				"north": {"uv": [5, 9, 5.125, 9.75], "texture": "#0"},
				"east": {"uv": [5.25, 9, 5.375, 9.75], "texture": "#0"},
				"south": {"uv": [5.75, 9, 5.875, 9.75], "texture": "#0"},
				"west": {"uv": [6, 9, 6.125, 9.75], "texture": "#0"},
				"up": {"uv": [10.125, 5.875, 10, 5.75], "texture": "#0"},
				"down": {"uv": [6.125, 10, 6, 10.125], "texture": "#0"}
			}
		},
		{
			"from": [3, 2, 10],
			"to": [4, 7, 11],
			"rotation": {"angle": 0, "axis": "y", "origin": [4, 7, 9]},
			"faces": {
				"north": {"uv": [1.25, 7.5, 1.5, 8.75], "texture": "#0"},
				"east": {"uv": [3.5, 7.5, 3.75, 8.75], "texture": "#0"},
				"south": {"uv": [3.75, 7.5, 4, 8.75], "texture": "#0"},
				"west": {"uv": [4, 7.5, 4.25, 8.75], "texture": "#0"},
				"up": {"uv": [6, 10, 5.75, 9.75], "texture": "#0"},
				"down": {"uv": [10, 5.75, 9.75, 6], "texture": "#0"}
			}
		},
		{
			"from": [3, 2, 11],
			"to": [4, 6, 12],
			"rotation": {"angle": 0, "axis": "y", "origin": [4, 7, 10]},
			"faces": {
				"north": {"uv": [1.5, 8, 1.75, 9], "texture": "#0"},
				"east": {"uv": [1.75, 8, 2, 9], "texture": "#0"},
				"south": {"uv": [2.5, 8, 2.75, 9], "texture": "#0"},
				"west": {"uv": [2.75, 8, 3, 9], "texture": "#0"},
				"up": {"uv": [6.25, 10, 6, 9.75], "texture": "#0"},
				"down": {"uv": [10, 6, 9.75, 6.25], "texture": "#0"}
			}
		},
		{
			"from": [3, 2, 12],
			"to": [4, 7, 13],
			"rotation": {"angle": 0, "axis": "y", "origin": [4, 7, 11]},
			"faces": {
				"north": {"uv": [4.25, 7.5, 4.5, 8.75], "texture": "#0"},
				"east": {"uv": [4.5, 7.5, 4.75, 8.75], "texture": "#0"},
				"south": {"uv": [4.75, 7.5, 5, 8.75], "texture": "#0"},
				"west": {"uv": [5, 7.5, 5.25, 8.75], "texture": "#0"},
				"up": {"uv": [6.5, 10, 6.25, 9.75], "texture": "#0"},
				"down": {"uv": [6.75, 9.75, 6.5, 10], "texture": "#0"}
			}
		},
		{
			"from": [4, 2, 12],
			"to": [5, 6, 13],
			"rotation": {"angle": 0, "axis": "y", "origin": [5, 7, 11]},
			"faces": {
				"north": {"uv": [3, 8, 3.25, 9], "texture": "#0"},
				"east": {"uv": [3.25, 8, 3.5, 9], "texture": "#0"},
				"south": {"uv": [5.75, 8, 6, 9], "texture": "#0"},
				"west": {"uv": [6, 8, 6.25, 9], "texture": "#0"},
				"up": {"uv": [10, 6.75, 9.75, 6.5], "texture": "#0"},
				"down": {"uv": [7, 9.75, 6.75, 10], "texture": "#0"}
			}
		},
		{
			"from": [5, 2, 12],
			"to": [6, 5, 13],
			"rotation": {"angle": 0, "axis": "y", "origin": [6, 7, 11]},
			"faces": {
				"north": {"uv": [6.25, 8, 6.5, 8.75], "texture": "#0"},
				"east": {"uv": [6.5, 8, 6.75, 8.75], "texture": "#0"},
				"south": {"uv": [8, 7, 8.25, 7.75], "texture": "#0"},
				"west": {"uv": [7.5, 8, 7.75, 8.75], "texture": "#0"},
				"up": {"uv": [10, 7, 9.75, 6.75], "texture": "#0"},
				"down": {"uv": [7.25, 9.75, 7, 10], "texture": "#0"}
			}
		},
		{
			"from": [12, 2, 4],
			"to": [13, 8, 12],
			"rotation": {"angle": 0, "axis": "y", "origin": [13, 7, 3]},
			"faces": {
				"north": {"uv": [7.25, 7.25, 7.5, 8.75], "texture": "#0"},
				"east": {"uv": [3.5, 4.5, 5.5, 6], "texture": "#0"},
				"south": {"uv": [0, 7.5, 0.25, 9], "texture": "#0"},
				"west": {"uv": [5.5, 2, 7.5, 3.5], "texture": "#0"},
				"up": {"uv": [1.75, 8, 1.5, 6], "texture": "#0"},
				"down": {"uv": [2, 6, 1.75, 8], "texture": "#0"}
			}
		},
		{
			"from": [13, 4, 6],
			"to": [13.25, 7, 7],
			"rotation": {"angle": 0, "axis": "y", "origin": [14, 6, 5]},
			"faces": {
				"north": {"uv": [4, 9, 4.125, 9.75], "texture": "#0"},
				"east": {"uv": [7.75, 8, 8, 8.75], "texture": "#0"},
				"south": {"uv": [4.25, 9, 4.375, 9.75], "texture": "#0"},
				"west": {"uv": [8, 7.75, 8.25, 8.5], "texture": "#0"},
				"up": {"uv": [10.125, 2.5, 10, 2.25], "texture": "#0"},
				"down": {"uv": [2.625, 10, 2.5, 10.25], "texture": "#0"}
			}
		},
		{
			"from": [13, 3.5, 7],
			"to": [13.25, 6, 7.5],
			"rotation": {"angle": 0, "axis": "y", "origin": [14, 5, 6]},
			"faces": {
				"north": {"uv": [9, 6, 9.125, 6.625], "texture": "#0"},
				"east": {"uv": [9, 6.75, 9.125, 7.375], "texture": "#0"},
				"south": {"uv": [9, 7.5, 9.125, 8.125], "texture": "#0"},
				"west": {"uv": [8, 9, 8.125, 9.625], "texture": "#0"},
				"up": {"uv": [10.125, 4.875, 10, 4.75], "texture": "#0"},
				"down": {"uv": [5.125, 10, 5, 10.125], "texture": "#0"}
			}
		},
		{
			"from": [13, 5.5, 10],
			"to": [13.25, 7.5, 11],
			"rotation": {"angle": 0, "axis": "y", "origin": [14, 7, 9]},
			"faces": {
				"north": {"uv": [9.75, 8, 9.875, 8.5], "texture": "#0"},
				"east": {"uv": [9, 2.5, 9.25, 3], "texture": "#0"},
				"south": {"uv": [8.25, 9.75, 8.375, 10.25], "texture": "#0"},
				"west": {"uv": [2.75, 9, 3, 9.5], "texture": "#0"},
				"up": {"uv": [10.125, 2.75, 10, 2.5], "texture": "#0"},
				"down": {"uv": [2.875, 10, 2.75, 10.25], "texture": "#0"}
			}
		},
		{
			"from": [13, 5, 9.25],
			"to": [13.25, 7, 10],
			"rotation": {"angle": 0, "axis": "y", "origin": [14, 7, 8]},
			"faces": {
				"north": {"uv": [8.5, 9.75, 8.625, 10.25], "texture": "#0"},
				"east": {"uv": [3, 9, 3.25, 9.5], "texture": "#0"},
				"south": {"uv": [9.75, 8.5, 9.875, 9], "texture": "#0"},
				"west": {"uv": [3.25, 9, 3.5, 9.5], "texture": "#0"},
				"up": {"uv": [10.125, 3, 10, 2.75], "texture": "#0"},
				"down": {"uv": [3.125, 10, 3, 10.25], "texture": "#0"}
			}
		},
		{
			"from": [6, 2, 12],
			"to": [13, 8, 13],
			"rotation": {"angle": 0, "axis": "y", "origin": [4, 6, 12]},
			"faces": {
				"north": {"uv": [5.5, 3.5, 7.25, 5], "texture": "#0"},
				"east": {"uv": [2.5, 6.5, 2.75, 8], "texture": "#0"},
				"south": {"uv": [5.5, 5, 7.25, 6.5], "texture": "#0"},
				"west": {"uv": [2.75, 6.5, 3, 8], "texture": "#0"},
				"up": {"uv": [9, 5, 7.25, 4.75], "texture": "#0"},
				"down": {"uv": [6.75, 7.25, 5, 7.5], "texture": "#0"}
			}
		},
		{
			"from": [8, 5.5, 13],
			"to": [9, 6.5, 13.25],
			"rotation": {"angle": 0, "axis": "y", "origin": [3, 7, 13]},
			"faces": {
				"north": {"uv": [9.25, 9.75, 9.5, 10], "texture": "#0"},
				"east": {"uv": [10, 3.5, 10.125, 3.75], "texture": "#0"},
				"south": {"uv": [9.75, 9.25, 10, 9.5], "texture": "#0"},
				"west": {"uv": [3.75, 10, 3.875, 10.25], "texture": "#0"},
				"up": {"uv": [10.25, 3.875, 10, 3.75], "texture": "#0"},
				"down": {"uv": [4.25, 10, 4, 10.125], "texture": "#0"}
			}
		},
		{
			"from": [9, 4.25, 13],
			"to": [9.5, 6.5, 13.25],
			"rotation": {"angle": 0, "axis": "y", "origin": [4, 7, 13]},
			"faces": {
				"north": {"uv": [9.25, 0.75, 9.375, 1.375], "texture": "#0"},
				"east": {"uv": [1.25, 9.25, 1.375, 9.875], "texture": "#0"},
				"south": {"uv": [9.25, 1.5, 9.375, 2.125], "texture": "#0"},
				"west": {"uv": [9.25, 2.25, 9.375, 2.875], "texture": "#0"},
				"up": {"uv": [10.125, 5.375, 10, 5.25], "texture": "#0"},
				"down": {"uv": [5.625, 10, 5.5, 10.125], "texture": "#0"}
			}
		},
		{
			"from": [9.5, 5, 13],
			"to": [11, 5.75, 13.25],
			"rotation": {"angle": 0, "axis": "y", "origin": [4.5, 7, 13]},
			"faces": {
				"north": {"uv": [4.5, 9, 4.875, 9.25], "texture": "#0"},
				"east": {"uv": [10, 4, 10.125, 4.25], "texture": "#0"},
				"south": {"uv": [9, 4.75, 9.375, 5], "texture": "#0"},
				"west": {"uv": [4.25, 10, 4.375, 10.25], "texture": "#0"},
				"up": {"uv": [1.125, 10.125, 0.75, 10], "texture": "#0"},
				"down": {"uv": [10.375, 0.75, 10, 0.875], "texture": "#0"}
			}
		},
		{
			"from": [3, 4, 3],
			"to": [13, 8, 4],
			"rotation": {"angle": 0, "axis": "y", "origin": [4, 6, 3]},
			"faces": {
				"north": {"uv": [6, 0, 8.5, 1], "texture": "#0"},
				"east": {"uv": [7.5, 7, 7.75, 8], "texture": "#0"},
				"south": {"uv": [6, 1, 8.5, 2], "texture": "#0"},
				"west": {"uv": [7.75, 7, 8, 8], "texture": "#0"},
				"up": {"uv": [9.75, 4.5, 7.25, 4.25], "texture": "#0"},
				"down": {"uv": [9.75, 4.5, 7.25, 4.75], "texture": "#0"}
			}
		},
		{
			"from": [10.25, 6.75, 2.75],
			"to": [11.75, 7.25, 3],
			"rotation": {"angle": 0, "axis": "y", "origin": [7, 7, 2]},
			"faces": {
				"north": {"uv": [10, 1, 10.375, 1.125], "texture": "#0"},
				"east": {"uv": [10, 7, 10.125, 7.125], "texture": "#0"},
				"south": {"uv": [1.25, 10, 1.625, 10.125], "texture": "#0"},
				"west": {"uv": [7.25, 10, 7.375, 10.125], "texture": "#0"},
				"up": {"uv": [10.375, 1.375, 10, 1.25], "texture": "#0"},
				"down": {"uv": [10.375, 1.5, 10, 1.625], "texture": "#0"}
			}
		},
		{
			"from": [9.25, 6.5, 2.75],
			"to": [11.5, 6.75, 3],
			"rotation": {"angle": 0, "axis": "y", "origin": [7, 6.5, 2]},
			"faces": {
				"north": {"uv": [9.25, 3, 9.875, 3.125], "texture": "#0"},
				"east": {"uv": [10, 7.25, 10.125, 7.375], "texture": "#0"},
				"south": {"uv": [9.25, 3.25, 9.875, 3.375], "texture": "#0"},
				"west": {"uv": [7.5, 10, 7.625, 10.125], "texture": "#0"},
				"up": {"uv": [6.875, 9.375, 6.25, 9.25], "texture": "#0"},
				"down": {"uv": [9.875, 6.25, 9.25, 6.375], "texture": "#0"}
			}
		},
		{
			"from": [4.5, 6, 2.75],
			"to": [5, 7.25, 3],
			"rotation": {"angle": 0, "axis": "y", "origin": [2, 6.5, 2]},
			"faces": {
				"north": {"uv": [1.75, 10, 1.875, 10.375], "texture": "#0"},
				"east": {"uv": [10, 1.75, 10.125, 2.125], "texture": "#0"},
				"south": {"uv": [2, 10, 2.125, 10.375], "texture": "#0"},
				"west": {"uv": [2.25, 10, 2.375, 10.375], "texture": "#0"},
				"up": {"uv": [10.125, 7.625, 10, 7.5], "texture": "#0"},
				"down": {"uv": [7.875, 10, 7.75, 10.125], "texture": "#0"}
			}
		},
		{
			"from": [5.25, 5, 2.75],
			"to": [5.5, 6.75, 3],
			"rotation": {"angle": 0, "axis": "y", "origin": [2.75, 6.5, 2]},
			"faces": {
				"north": {"uv": [9.5, 9.75, 9.625, 10.25], "texture": "#0"},
				"east": {"uv": [9.75, 9.5, 9.875, 10], "texture": "#0"},
				"south": {"uv": [0, 10, 0.125, 10.5], "texture": "#0"},
				"west": {"uv": [10, 0, 10.125, 0.5], "texture": "#0"},
				"up": {"uv": [10.125, 7.875, 10, 7.75], "texture": "#0"},
				"down": {"uv": [8.125, 10, 8, 10.125], "texture": "#0"}
			}
		},
		{
			"from": [3, 1, 3],
			"to": [13, 2, 4],
			"rotation": {"angle": 0, "axis": "y", "origin": [4, 2, 3]},
			"faces": {
				"north": {"uv": [5, 7, 7.5, 7.25], "texture": "#0"},
				"east": {"uv": [9.25, 6.5, 9.5, 6.75], "texture": "#0"},
				"south": {"uv": [7.25, 3.5, 9.75, 3.75], "texture": "#0"},
				"west": {"uv": [9.25, 6.75, 9.5, 7], "texture": "#0"},
				"up": {"uv": [9.75, 4, 7.25, 3.75], "texture": "#0"},
				"down": {"uv": [9.75, 4, 7.25, 4.25], "texture": "#0"}
			}
		},
		{
			"from": [7, 2, 3],
			"to": [9, 4, 4],
			"rotation": {"angle": 0, "axis": "y", "origin": [4, 3, 3]},
			"faces": {
				"north": {"uv": [3.5, 4, 4, 4.5], "texture": "#0"},
				"east": {"uv": [8.25, 7, 8.5, 7.5], "texture": "#0"},
				"south": {"uv": [5, 6, 5.5, 6.5], "texture": "#0"},
				"west": {"uv": [8.25, 7.5, 8.5, 8], "texture": "#0"},
				"up": {"uv": [8.75, 8.25, 8.25, 8], "texture": "#0"},
				"down": {"uv": [8.75, 8.25, 8.25, 8.5], "texture": "#0"}
			}
		},
		{
			"from": [11, 2, 3],
			"to": [13, 4, 4],
			"rotation": {"angle": 0, "axis": "y", "origin": [8, 3, 3]},
			"faces": {
				"north": {"uv": [7.5, 3, 8, 3.5], "texture": "#0"},
				"east": {"uv": [8.5, 0, 8.75, 0.5], "texture": "#0"},
				"south": {"uv": [5.75, 7.5, 6.25, 8], "texture": "#0"},
				"west": {"uv": [8.5, 0.5, 8.75, 1], "texture": "#0"},
				"up": {"uv": [9, 1.25, 8.5, 1], "texture": "#0"},
				"down": {"uv": [9, 1.25, 8.5, 1.5], "texture": "#0"}
			}
		},
		{
			"from": [3, 2, 3],
			"to": [5, 4, 4],
			"rotation": {"angle": 0, "axis": "y", "origin": [0, 3, 3]},
			"faces": {
				"north": {"uv": [6.25, 7.5, 6.75, 8], "texture": "#0"},
				"east": {"uv": [8.5, 1.5, 8.75, 2], "texture": "#0"},
				"south": {"uv": [7.5, 6.5, 8, 7], "texture": "#0"},
				"west": {"uv": [8.5, 7, 8.75, 7.5], "texture": "#0"},
				"up": {"uv": [9, 7.75, 8.5, 7.5], "texture": "#0"},
				"down": {"uv": [9, 7.75, 8.5, 8], "texture": "#0"}
			}
		},
		{
			"from": [12, 0, 3],
			"to": [13, 1, 4],
			"rotation": {"angle": 0, "axis": "y", "origin": [4, 1, 3]},
			"faces": {
				"north": {"uv": [7, 9.25, 7.25, 9.5], "texture": "#0"},
				"east": {"uv": [9.25, 7, 9.5, 7.25], "texture": "#0"},
				"south": {"uv": [7.25, 9.25, 7.5, 9.5], "texture": "#0"},
				"west": {"uv": [9.25, 7.25, 9.5, 7.5], "texture": "#0"},
				"up": {"uv": [7.75, 9.5, 7.5, 9.25], "texture": "#0"},
				"down": {"uv": [9.5, 7.5, 9.25, 7.75], "texture": "#0"}
			}
		},
		{
			"from": [12, 0, 12],
			"to": [13, 2, 13],
			"rotation": {"angle": 0, "axis": "y", "origin": [4, 1, 12]},
			"faces": {
				"north": {"uv": [8, 8.5, 8.25, 9], "texture": "#0"},
				"east": {"uv": [8.25, 8.5, 8.5, 9], "texture": "#0"},
				"south": {"uv": [8.5, 8.5, 8.75, 9], "texture": "#0"},
				"west": {"uv": [8.75, 0, 9, 0.5], "texture": "#0"},
				"up": {"uv": [9.75, 3, 9.5, 2.75], "texture": "#0"},
				"down": {"uv": [3.25, 9.5, 3, 9.75], "texture": "#0"}
			}
		},
		{
			"from": [11, 1, 12],
			"to": [12, 2, 13],
			"rotation": {"angle": 0, "axis": "y", "origin": [3, 1, 12]},
			"faces": {
				"north": {"uv": [3.25, 9.5, 3.5, 9.75], "texture": "#0"},
				"east": {"uv": [3.5, 9.5, 3.75, 9.75], "texture": "#0"},
				"south": {"uv": [3.75, 9.5, 4, 9.75], "texture": "#0"},
				"west": {"uv": [9.5, 4.75, 9.75, 5], "texture": "#0"},
				"up": {"uv": [9.75, 5.75, 9.5, 5.5], "texture": "#0"},
				"down": {"uv": [9.75, 5.75, 9.5, 6], "texture": "#0"}
			}
		},
		{
			"from": [9, 0, 12],
			"to": [10, 2, 13],
			"rotation": {"angle": 0, "axis": "y", "origin": [1, 1, 12]},
			"faces": {
				"north": {"uv": [8.75, 0.5, 9, 1], "texture": "#0"},
				"east": {"uv": [1.25, 8.75, 1.5, 9.25], "texture": "#0"},
				"south": {"uv": [8.75, 1.5, 9, 2], "texture": "#0"},
				"west": {"uv": [8.75, 2.5, 9, 3], "texture": "#0"},
				"up": {"uv": [9.75, 6.25, 9.5, 6], "texture": "#0"},
				"down": {"uv": [6.5, 9.5, 6.25, 9.75], "texture": "#0"}
			}
		},
		{
			"from": [6, 0, 12],
			"to": [7, 2, 13],
			"rotation": {"angle": 0, "axis": "y", "origin": [-2, 1, 12]},
			"faces": {
				"north": {"uv": [5.5, 8.75, 5.75, 9.25], "texture": "#0"},
				"east": {"uv": [8.75, 6, 9, 6.5], "texture": "#0"},
				"south": {"uv": [6.25, 8.75, 6.5, 9.25], "texture": "#0"},
				"west": {"uv": [6.5, 8.75, 6.75, 9.25], "texture": "#0"},
				"up": {"uv": [7.25, 9.75, 7, 9.5], "texture": "#0"},
				"down": {"uv": [9.75, 7, 9.5, 7.25], "texture": "#0"}
			}
		},
		{
			"from": [7, 1, 12],
			"to": [9, 2, 13],
			"rotation": {"angle": 0, "axis": "y", "origin": [0, 1, 12]},
			"faces": {
				"north": {"uv": [8.75, 3, 9.25, 3.25], "texture": "#0"},
				"east": {"uv": [6.5, 9.5, 6.75, 9.75], "texture": "#0"},
				"south": {"uv": [8.75, 3.25, 9.25, 3.5], "texture": "#0"},
				"west": {"uv": [9.5, 6.5, 9.75, 6.75], "texture": "#0"},
				"up": {"uv": [4, 9, 3.5, 8.75], "texture": "#0"},
				"down": {"uv": [4.5, 8.75, 4, 9], "texture": "#0"}
			}
		},
		{
			"from": [3, 1, 12],
			"to": [5, 2, 13],
			"rotation": {"angle": 0, "axis": "y", "origin": [-4, 1, 12]},
			"faces": {
				"north": {"uv": [4.5, 8.75, 5, 9], "texture": "#0"},
				"east": {"uv": [6.75, 9.5, 7, 9.75], "texture": "#0"},
				"south": {"uv": [5, 8.75, 5.5, 9], "texture": "#0"},
				"west": {"uv": [9.5, 6.75, 9.75, 7], "texture": "#0"},
				"up": {"uv": [9.25, 5.75, 8.75, 5.5], "texture": "#0"},
				"down": {"uv": [9.25, 5.75, 8.75, 6], "texture": "#0"}
			}
		},
		{
			"from": [3, 0, 12],
			"to": [4, 1, 13],
			"rotation": {"angle": 0, "axis": "y", "origin": [-4, 0, 12]},
			"faces": {
				"north": {"uv": [7.25, 9.5, 7.5, 9.75], "texture": "#0"},
				"east": {"uv": [9.5, 7.25, 9.75, 7.5], "texture": "#0"},
				"south": {"uv": [7.5, 9.5, 7.75, 9.75], "texture": "#0"},
				"west": {"uv": [9.5, 7.5, 9.75, 7.75], "texture": "#0"},
				"up": {"uv": [8, 9.75, 7.75, 9.5], "texture": "#0"},
				"down": {"uv": [9.75, 7.75, 9.5, 8], "texture": "#0"}
			}
		},
		{
			"from": [3, 1, 11],
			"to": [4, 2, 12],
			"rotation": {"angle": 0, "axis": "y", "origin": [-4, 1, 11]},
			"faces": {
				"north": {"uv": [9.5, 8, 9.75, 8.25], "texture": "#0"},
				"east": {"uv": [8.25, 9.5, 8.5, 9.75], "texture": "#0"},
				"south": {"uv": [8.5, 9.5, 8.75, 9.75], "texture": "#0"},
				"west": {"uv": [8.75, 9.5, 9, 9.75], "texture": "#0"},
				"up": {"uv": [9.75, 9.25, 9.5, 9], "texture": "#0"},
				"down": {"uv": [9.5, 9.5, 9.25, 9.75], "texture": "#0"}
			}
		},
		{
			"from": [3, 0, 10],
			"to": [4, 2, 11],
			"rotation": {"angle": 0, "axis": "y", "origin": [-4, 1, 10]},
			"faces": {
				"north": {"uv": [8.75, 6.5, 9, 7], "texture": "#0"},
				"east": {"uv": [6.75, 8.75, 7, 9.25], "texture": "#0"},
				"south": {"uv": [7, 8.75, 7.25, 9.25], "texture": "#0"},
				"west": {"uv": [8.75, 7, 9, 7.5], "texture": "#0"},
				"up": {"uv": [9.75, 9.5, 9.5, 9.25], "texture": "#0"},
				"down": {"uv": [9.75, 9.5, 9.5, 9.75], "texture": "#0"}
			}
		},
		{
			"from": [3, 1, 4],
			"to": [4, 2, 5],
			"rotation": {"angle": 0, "axis": "y", "origin": [-4, 1, 4]},
			"faces": {
				"north": {"uv": [0, 9.75, 0.25, 10], "texture": "#0"},
				"east": {"uv": [9.75, 0, 10, 0.25], "texture": "#0"},
				"south": {"uv": [0.25, 9.75, 0.5, 10], "texture": "#0"},
				"west": {"uv": [9.75, 0.25, 10, 0.5], "texture": "#0"},
				"up": {"uv": [0.75, 10, 0.5, 9.75], "texture": "#0"},
				"down": {"uv": [10, 0.5, 9.75, 0.75], "texture": "#0"}
			}
		},
		{
			"from": [3, 0, 6],
			"to": [4, 2, 7],
			"rotation": {"angle": 0, "axis": "y", "origin": [-4, 1, 6]},
			"faces": {
				"north": {"uv": [7.25, 8.75, 7.5, 9.25], "texture": "#0"},
				"east": {"uv": [7.5, 8.75, 7.75, 9.25], "texture": "#0"},
				"south": {"uv": [7.75, 8.75, 8, 9.25], "texture": "#0"},
				"west": {"uv": [8.75, 8, 9, 8.5], "texture": "#0"},
				"up": {"uv": [1, 10, 0.75, 9.75], "texture": "#0"},
				"down": {"uv": [10, 0.75, 9.75, 1], "texture": "#0"}
			}
		},
		{
			"from": [3, 0, 8],
			"to": [4, 2, 9],
			"rotation": {"angle": 0, "axis": "y", "origin": [-4, 1, 8]},
			"faces": {
				"north": {"uv": [8.75, 8.5, 9, 9], "texture": "#0"},
				"east": {"uv": [0, 9, 0.25, 9.5], "texture": "#0"},
				"south": {"uv": [9, 0, 9.25, 0.5], "texture": "#0"},
				"west": {"uv": [0.25, 9, 0.5, 9.5], "texture": "#0"},
				"up": {"uv": [10, 2, 9.75, 1.75], "texture": "#0"},
				"down": {"uv": [2.25, 9.75, 2, 10], "texture": "#0"}
			}
		},
		{
			"from": [3, 1, 7],
			"to": [4, 2, 8],
			"rotation": {"angle": 0, "axis": "y", "origin": [-4, 1, 7]},
			"faces": {
				"north": {"uv": [1, 9.75, 1.25, 10], "texture": "#0"},
				"east": {"uv": [9.75, 1, 10, 1.25], "texture": "#0"},
				"south": {"uv": [9.75, 1.25, 10, 1.5], "texture": "#0"},
				"west": {"uv": [1.5, 9.75, 1.75, 10], "texture": "#0"},
				"up": {"uv": [10, 1.75, 9.75, 1.5], "texture": "#0"},
				"down": {"uv": [2, 9.75, 1.75, 10], "texture": "#0"}
			}
		},
		{
			"from": [12, 1, 4],
			"to": [13, 2, 5],
			"rotation": {"angle": 0, "axis": "y", "origin": [5, 1, 4]},
			"faces": {
				"north": {"uv": [9.75, 4.75, 10, 5], "texture": "#0"},
				"east": {"uv": [5, 9.75, 5.25, 10], "texture": "#0"},
				"south": {"uv": [9.75, 5, 10, 5.25], "texture": "#0"},
				"west": {"uv": [5.25, 9.75, 5.5, 10], "texture": "#0"},
				"up": {"uv": [10, 5.5, 9.75, 5.25], "texture": "#0"},
				"down": {"uv": [10, 5.5, 9.75, 5.75], "texture": "#0"}
			}
		},
		{
			"from": [12, 1, 7],
			"to": [13, 2, 8],
			"rotation": {"angle": 0, "axis": "y", "origin": [5, 1, 7]},
			"faces": {
				"north": {"uv": [9.75, 3.75, 10, 4], "texture": "#0"},
				"east": {"uv": [4, 9.75, 4.25, 10], "texture": "#0"},
				"south": {"uv": [9.75, 4, 10, 4.25], "texture": "#0"},
				"west": {"uv": [4.25, 9.75, 4.5, 10], "texture": "#0"},
				"up": {"uv": [10, 4.5, 9.75, 4.25], "texture": "#0"},
				"down": {"uv": [10, 4.5, 9.75, 4.75], "texture": "#0"}
			}
		},
		{
			"from": [12, 0, 8],
			"to": [13, 2, 9],
			"rotation": {"angle": 0, "axis": "y", "origin": [5, 1, 8]},
			"faces": {
				"north": {"uv": [2, 9, 2.25, 9.5], "texture": "#0"},
				"east": {"uv": [9, 2, 9.25, 2.5], "texture": "#0"},
				"south": {"uv": [2.25, 9, 2.5, 9.5], "texture": "#0"},
				"west": {"uv": [2.5, 9, 2.75, 9.5], "texture": "#0"},
				"up": {"uv": [10, 3.75, 9.75, 3.5], "texture": "#0"},
				"down": {"uv": [4, 9.75, 3.75, 10], "texture": "#0"}
			}
		},
		{
			"from": [12, 0, 6],
			"to": [13, 2, 7],
			"rotation": {"angle": 0, "axis": "y", "origin": [5, 1, 6]},
			"faces": {
				"north": {"uv": [9, 1, 9.25, 1.5], "texture": "#0"},
				"east": {"uv": [1.5, 9, 1.75, 9.5], "texture": "#0"},
				"south": {"uv": [9, 1.5, 9.25, 2], "texture": "#0"},
				"west": {"uv": [1.75, 9, 2, 9.5], "texture": "#0"},
				"up": {"uv": [3.5, 10, 3.25, 9.75], "texture": "#0"},
				"down": {"uv": [3.75, 9.75, 3.5, 10], "texture": "#0"}
			}
		},
		{
			"from": [12, 0, 10],
			"to": [13, 2, 11],
			"rotation": {"angle": 0, "axis": "y", "origin": [5, 1, 10]},
			"faces": {
				"north": {"uv": [0.5, 9, 0.75, 9.5], "texture": "#0"},
				"east": {"uv": [9, 0.5, 9.25, 1], "texture": "#0"},
				"south": {"uv": [0.75, 9, 1, 9.5], "texture": "#0"},
				"west": {"uv": [1, 9, 1.25, 9.5], "texture": "#0"},
				"up": {"uv": [10, 3, 9.75, 2.75], "texture": "#0"},
				"down": {"uv": [3.25, 9.75, 3, 10], "texture": "#0"}
			}
		},
		{
			"from": [12, 1, 11],
			"to": [13, 2, 12],
			"rotation": {"angle": 0, "axis": "y", "origin": [5, 1, 11]},
			"faces": {
				"north": {"uv": [9.75, 2, 10, 2.25], "texture": "#0"},
				"east": {"uv": [2.25, 9.75, 2.5, 10], "texture": "#0"},
				"south": {"uv": [9.75, 2.25, 10, 2.5], "texture": "#0"},
				"west": {"uv": [2.5, 9.75, 2.75, 10], "texture": "#0"},
				"up": {"uv": [10, 2.75, 9.75, 2.5], "texture": "#0"},
				"down": {"uv": [3, 9.75, 2.75, 10], "texture": "#0"}
			}
		},
		{
			"from": [10, 0, 3],
			"to": [11, 1, 4],
			"rotation": {"angle": 0, "axis": "y", "origin": [2, 1, 3]},
			"faces": {
				"north": {"uv": [7.75, 9.25, 8, 9.5], "texture": "#0"},
				"east": {"uv": [9.25, 7.75, 9.5, 8], "texture": "#0"},
				"south": {"uv": [9.25, 8, 9.5, 8.25], "texture": "#0"},
				"west": {"uv": [8.25, 9.25, 8.5, 9.5], "texture": "#0"},
				"up": {"uv": [8.75, 9.5, 8.5, 9.25], "texture": "#0"},
				"down": {"uv": [9, 9.25, 8.75, 9.5], "texture": "#0"}
			}
		},
		{
			"from": [9, 0, 3],
			"to": [10, 1, 4],
			"rotation": {"angle": 0, "axis": "y", "origin": [1, 1, 3]},
			"faces": {
				"north": {"uv": [0.5, 9.5, 0.75, 9.75], "texture": "#0"},
				"east": {"uv": [9.5, 0.5, 9.75, 0.75], "texture": "#0"},
				"south": {"uv": [0.75, 9.5, 1, 9.75], "texture": "#0"},
				"west": {"uv": [9.5, 0.75, 9.75, 1], "texture": "#0"},
				"up": {"uv": [1.25, 9.75, 1, 9.5], "texture": "#0"},
				"down": {"uv": [9.75, 1, 9.5, 1.25], "texture": "#0"}
			}
		},
		{
			"from": [7, 0, 3],
			"to": [8, 1, 4],
			"rotation": {"angle": 0, "axis": "y", "origin": [-1, 1, 3]},
			"faces": {
				"north": {"uv": [9.25, 9, 9.5, 9.25], "texture": "#0"},
				"east": {"uv": [9.25, 9.25, 9.5, 9.5], "texture": "#0"},
				"south": {"uv": [0, 9.5, 0.25, 9.75], "texture": "#0"},
				"west": {"uv": [9.5, 0, 9.75, 0.25], "texture": "#0"},
				"up": {"uv": [0.5, 9.75, 0.25, 9.5], "texture": "#0"},
				"down": {"uv": [9.75, 0.25, 9.5, 0.5], "texture": "#0"}
			}
		},
		{
			"from": [5, 0, 3],
			"to": [6, 1, 4],
			"rotation": {"angle": 0, "axis": "y", "origin": [-3, 1, 3]},
			"faces": {
				"north": {"uv": [9.5, 2, 9.75, 2.25], "texture": "#0"},
				"east": {"uv": [2.25, 9.5, 2.5, 9.75], "texture": "#0"},
				"south": {"uv": [9.5, 2.25, 9.75, 2.5], "texture": "#0"},
				"west": {"uv": [2.5, 9.5, 2.75, 9.75], "texture": "#0"},
				"up": {"uv": [9.75, 2.75, 9.5, 2.5], "texture": "#0"},
				"down": {"uv": [3, 9.5, 2.75, 9.75], "texture": "#0"}
			}
		},
		{
			"from": [3, 0, 3],
			"to": [4, 1, 4],
			"rotation": {"angle": 0, "axis": "y", "origin": [-5, 1, 3]},
			"faces": {
				"north": {"uv": [9.5, 1.25, 9.75, 1.5], "texture": "#0"},
				"east": {"uv": [1.5, 9.5, 1.75, 9.75], "texture": "#0"},
				"south": {"uv": [9.5, 1.5, 9.75, 1.75], "texture": "#0"},
				"west": {"uv": [1.75, 9.5, 2, 9.75], "texture": "#0"},
				"up": {"uv": [9.75, 2, 9.5, 1.75], "texture": "#0"},
				"down": {"uv": [2.25, 9.5, 2, 9.75], "texture": "#0"}
			}
		}
	],
	"display": {
		"thirdperson_righthand": {
			"rotation": [60, 9, 0],
			"translation": [0, -1.75, 0],
			"scale": [0.81, 0.81, 0.81]
		},
		"thirdperson_lefthand": {
			"rotation": [60, 9, 0],
			"translation": [0, -1.75, 0],
			"scale": [0.81, 0.81, 0.81]
		},
		"ground": {
			"translation": [0, 4, 0]
		},
		"gui": {
			"rotation": [17, 145, -1],
			"translation": [0, 3.25, 0]
		},
		"head": {
			"translation": [0, 5.25, 0],
			"scale": [1.47, 1.47, 1.47]
		},
		"fixed": {
			"rotation": [-90, 0, 0],
			"translation": [0, 0.5, 2.75],
			"scale": [3.57, 3.57, 3.57]
		}
	}
}