{
	"format_version": "1.21.6",
	"credit": "Made by BearBruno",
	"texture_size": [32, 32],
	"textures": {
		"0": "item/hats/miin_glasses_texture",
		"particle": "item/hats/miin_glasses_texture"
	},
	"elements": [
		{
			"from": [13, 1, 3.75],
			"to": [15, 3, 4],
			"rotation": {"angle": 0, "axis": "y", "origin": [13, 1, 3.75]},
			"faces": {
				"north": {"uv": [4, 5, 5, 6], "texture": "#0"},
				"east": {"uv": [0, 8.5, 0.5, 9.5], "texture": "#0"},
				"south": {"uv": [5, 4.5, 6, 5.5], "texture": "#0"},
				"west": {"uv": [8.5, 0, 9, 1], "texture": "#0"},
				"up": {"uv": [1.5, 9, 0.5, 8.5], "texture": "#0"},
				"down": {"uv": [9.5, 1, 8.5, 1.5], "texture": "#0"}
			}
		},
		{
			"from": [13, 5, 3.75],
			"to": [15, 7, 4],
			"rotation": {"angle": 0, "axis": "y", "origin": [13, 5, 3.75]},
			"faces": {
				"north": {"uv": [4, 5, 5, 6], "texture": "#0"},
				"east": {"uv": [0, 8.5, 0.5, 9.5], "texture": "#0"},
				"south": {"uv": [5, 4.5, 6, 5.5], "texture": "#0"},
				"west": {"uv": [8.5, 0, 9, 1], "texture": "#0"},
				"up": {"uv": [1.5, 9, 0.5, 8.5], "texture": "#0"},
				"down": {"uv": [9.5, 1, 8.5, 1.5], "texture": "#0"}
			}
		},
		{
			"from": [1, 5, 3.75],
			"to": [3, 7, 4],
			"rotation": {"angle": 0, "axis": "y", "origin": [3, 5, 3.75]},
			"faces": {
				"north": {"uv": [5, 5, 4, 6], "texture": "#0"},
				"east": {"uv": [9, 0, 8.5, 1], "texture": "#0"},
				"south": {"uv": [6, 4.5, 5, 5.5], "texture": "#0"},
				"west": {"uv": [0.5, 8.5, 0, 9.5], "texture": "#0"},
				"up": {"uv": [0.5, 9, 1.5, 8.5], "texture": "#0"},
				"down": {"uv": [8.5, 1, 9.5, 1.5], "texture": "#0"}
			}
		},
		{
			"from": [1, 1, 3.75],
			"to": [3, 3, 4],
			"rotation": {"angle": 0, "axis": "y", "origin": [3, 1, 3.75]},
			"faces": {
				"north": {"uv": [5, 5, 4, 6], "texture": "#0"},
				"east": {"uv": [9, 0, 8.5, 1], "texture": "#0"},
				"south": {"uv": [6, 4.5, 5, 5.5], "texture": "#0"},
				"west": {"uv": [0.5, 8.5, 0, 9.5], "texture": "#0"},
				"up": {"uv": [0.5, 9, 1.5, 8.5], "texture": "#0"},
				"down": {"uv": [8.5, 1, 9.5, 1.5], "texture": "#0"}
			}
		},
		{
			"from": [3, 0.75, 3.25],
			"to": [7, 1, 4],
			"rotation": {"angle": 0, "axis": "y", "origin": [5, 0.75, 3.75]},
			"faces": {
				"north": {"uv": [5.5, 1, 7.5, 1.5], "texture": "#0"},
				"east": {"uv": [7, 8.5, 7.5, 9], "texture": "#0"},
				"south": {"uv": [5, 5.5, 7, 6], "texture": "#0"},
				"west": {"uv": [8.5, 7, 9, 7.5], "texture": "#0"},
				"up": {"uv": [8, 2, 6, 1.5], "texture": "#0"},
				"down": {"uv": [8, 2, 6, 2.5], "texture": "#0"}
			}
		},
		{
			"from": [7, 1, 3.25],
			"to": [7.25, 7, 4],
			"rotation": {"angle": 0, "axis": "y", "origin": [7.25, 3, 3.75]},
			"faces": {
				"north": {"uv": [3, 5.5, 3.5, 7.5], "texture": "#0"},
				"east": {"uv": [3.5, 5.5, 4, 7.5], "texture": "#0"},
				"south": {"uv": [6, 2.5, 6.5, 4.5], "texture": "#0"},
				"west": {"uv": [4, 6, 4.5, 8], "texture": "#0"},
				"up": {"uv": [8, 9, 7.5, 8.5], "texture": "#0"},
				"down": {"uv": [9, 7.5, 8.5, 8], "texture": "#0"}
			}
		},
		{
			"from": [15, 1, 3.25],
			"to": [15.25, 7, 4],
			"rotation": {"angle": 0, "axis": "y", "origin": [15, 3, 3.75]},
			"faces": {
				"north": {"uv": [5, 7, 5.5, 9], "texture": "#0"},
				"east": {"uv": [5.5, 7, 6, 9], "texture": "#0"},
				"south": {"uv": [6, 7, 6.5, 9], "texture": "#0"},
				"west": {"uv": [6.5, 7, 7, 9], "texture": "#0"},
				"up": {"uv": [1.5, 9.5, 1, 9], "texture": "#0"},
				"down": {"uv": [9.5, 1.5, 9, 2], "texture": "#0"}
			}
		},
		{
			"from": [9, 0.75, 3.25],
			"to": [15, 1, 4],
			"rotation": {"angle": 0, "axis": "y", "origin": [11, 0.75, 3.75]},
			"faces": {
				"north": {"uv": [6.5, 0.5, 8.5, 1], "texture": "#0"},
				"east": {"uv": [0.5, 9, 1, 9.5], "texture": "#0"},
				"south": {"uv": [5, 6.5, 7, 7], "texture": "#0"},
				"west": {"uv": [9, 0.5, 9.5, 1], "texture": "#0"},
				"up": {"uv": [8.5, 6.5, 6.5, 6], "texture": "#0"},
				"down": {"uv": [9, 2.5, 7, 3], "texture": "#0"}
			}
		},
		{
			"from": [8.75, 1, 3.25],
			"to": [9, 7, 4],
			"rotation": {"angle": 0, "axis": "y", "origin": [8.75, 3, 3.75]},
			"faces": {
				"north": {"uv": [0, 6.5, 0.5, 8.5], "texture": "#0"},
				"east": {"uv": [0.5, 6.5, 1, 8.5], "texture": "#0"},
				"south": {"uv": [6.5, 2.5, 7, 4.5], "texture": "#0"},
				"west": {"uv": [4.5, 6.5, 5, 8.5], "texture": "#0"},
				"up": {"uv": [9, 9, 8.5, 8.5], "texture": "#0"},
				"down": {"uv": [9.5, 0, 9, 0.5], "texture": "#0"}
			}
		},
		{
			"from": [9, 7, 3.25],
			"to": [15, 7.25, 4],
			"rotation": {"angle": 0, "axis": "y", "origin": [11, 7, 3.75]},
			"faces": {
				"north": {"uv": [4.5, 6, 6.5, 6.5], "texture": "#0"},
				"east": {"uv": [8, 8.5, 8.5, 9], "texture": "#0"},
				"south": {"uv": [6, 4.5, 8, 5], "texture": "#0"},
				"west": {"uv": [8.5, 8, 9, 8.5], "texture": "#0"},
				"up": {"uv": [8, 5.5, 6, 5], "texture": "#0"},
				"down": {"uv": [8.5, 0, 6.5, 0.5], "texture": "#0"}
			}
		},
		{
			"from": [7.25, 4.25, 3.25],
			"to": [8.75, 4.5, 4],
			"rotation": {"angle": 0, "axis": "y", "origin": [8, 4.25, 3.75]},
			"faces": {
				"north": {"uv": [3.5, 8.5, 4.5, 9], "texture": "#0"},
				"east": {"uv": [2, 9, 2.5, 9.5], "texture": "#0"},
				"south": {"uv": [8.5, 3.5, 9.5, 4], "texture": "#0"},
				"west": {"uv": [9, 2, 9.5, 2.5], "texture": "#0"},
				"up": {"uv": [9.5, 5, 8.5, 4.5], "texture": "#0"},
				"down": {"uv": [9.5, 5, 8.5, 5.5], "texture": "#0"}
			}
		},
		{
			"from": [12, 3.25, 10],
			"to": [13, 4.25, 10.5],
			"rotation": {"angle": 0, "axis": "y", "origin": [12.75, 4.25, 4.5]},
			"faces": {
				"north": {"uv": [6, 9, 6.5, 9.5], "texture": "#0"},
				"east": {"uv": [9, 6, 9.5, 6.5], "texture": "#0"},
				"south": {"uv": [6.5, 9, 7, 9.5], "texture": "#0"},
				"west": {"uv": [9, 6.5, 9.5, 7], "texture": "#0"},
				"up": {"uv": [7.5, 9.5, 7, 9], "texture": "#0"},
				"down": {"uv": [9.5, 7, 9, 7.5], "texture": "#0"}
			}
		},
		{
			"from": [12, 4.25, 4],
			"to": [13, 4.5, 10.5],
			"rotation": {"angle": 0, "axis": "y", "origin": [12.75, 4.25, 4.5]},
			"faces": {
				"north": {"uv": [5.5, 9, 6, 9.5], "texture": "#0"},
				"east": {"uv": [1, 1, 4.5, 1.5], "texture": "#0"},
				"south": {"uv": [9, 5.5, 9.5, 6], "texture": "#0"},
				"west": {"uv": [1, 1.5, 4.5, 2], "texture": "#0"},
				"up": {"uv": [1.5, 5.5, 1, 2], "texture": "#0"},
				"down": {"uv": [2, 2, 1.5, 5.5], "texture": "#0"}
			}
		},
		{
			"from": [1, 7, 3.25],
			"to": [7, 7.25, 4],
			"rotation": {"angle": 0, "axis": "y", "origin": [5, 7, 3.75]},
			"faces": {
				"north": {"uv": [6.5, 6, 4.5, 6.5], "texture": "#0"},
				"east": {"uv": [9, 8, 8.5, 8.5], "texture": "#0"},
				"south": {"uv": [8, 4.5, 6, 5], "texture": "#0"},
				"west": {"uv": [8.5, 8.5, 8, 9], "texture": "#0"},
				"up": {"uv": [6, 5.5, 8, 5], "texture": "#0"},
				"down": {"uv": [6.5, 0, 8.5, 0.5], "texture": "#0"}
			}
		},
		{
			"from": [1, 0.75, 3.25],
			"to": [7, 1, 4],
			"rotation": {"angle": 0, "axis": "y", "origin": [5, 0.75, 3.75]},
			"faces": {
				"north": {"uv": [8.5, 0.5, 6.5, 1], "texture": "#0"},
				"east": {"uv": [9.5, 0.5, 9, 1], "texture": "#0"},
				"south": {"uv": [7, 6.5, 5, 7], "texture": "#0"},
				"west": {"uv": [1, 9, 0.5, 9.5], "texture": "#0"},
				"up": {"uv": [6.5, 6.5, 8.5, 6], "texture": "#0"},
				"down": {"uv": [7, 2.5, 9, 3], "texture": "#0"}
			}
		},
		{
			"from": [0.75, 1, 3.25],
			"to": [1, 7, 4],
			"rotation": {"angle": 0, "axis": "y", "origin": [1, 3, 3.75]},
			"faces": {
				"north": {"uv": [5.5, 7, 5, 9], "texture": "#0"},
				"east": {"uv": [7, 7, 6.5, 9], "texture": "#0"},
				"south": {"uv": [6.5, 7, 6, 9], "texture": "#0"},
				"west": {"uv": [6, 7, 5.5, 9], "texture": "#0"},
				"up": {"uv": [1, 9.5, 1.5, 9], "texture": "#0"},
				"down": {"uv": [9, 1.5, 9.5, 2], "texture": "#0"}
			}
		},
		{
			"from": [3, 4.25, 4],
			"to": [4, 4.5, 10.5],
			"rotation": {"angle": 0, "axis": "y", "origin": [3.25, 4.25, 4.5]},
			"faces": {
				"north": {"uv": [6, 9, 5.5, 9.5], "texture": "#0"},
				"east": {"uv": [4.5, 1.5, 1, 2], "texture": "#0"},
				"south": {"uv": [9.5, 5.5, 9, 6], "texture": "#0"},
				"west": {"uv": [4.5, 1, 1, 1.5], "texture": "#0"},
				"up": {"uv": [1, 5.5, 1.5, 2], "texture": "#0"},
				"down": {"uv": [1.5, 2, 2, 5.5], "texture": "#0"}
			}
		},
		{
			"from": [3, 3.25, 10],
			"to": [4, 4.25, 10.5],
			"rotation": {"angle": 0, "axis": "y", "origin": [3.25, 4.25, 4.5]},
			"faces": {
				"north": {"uv": [6.5, 9, 6, 9.5], "texture": "#0"},
				"east": {"uv": [9.5, 6.5, 9, 7], "texture": "#0"},
				"south": {"uv": [7, 9, 6.5, 9.5], "texture": "#0"},
				"west": {"uv": [9.5, 6, 9, 6.5], "texture": "#0"},
				"up": {"uv": [7, 9.5, 7.5, 9], "texture": "#0"},
				"down": {"uv": [9, 7, 9.5, 7.5], "texture": "#0"}
			}
		},
		{
			"from": [5, 1, 3.75],
			"to": [7, 3, 4],
			"rotation": {"angle": 0, "axis": "y", "origin": [5, 1, 3.75]},
			"faces": {
				"north": {"uv": [0, 5.5, 1, 6.5], "texture": "#0"},
				"east": {"uv": [1.5, 8.5, 2, 9.5], "texture": "#0"},
				"south": {"uv": [5.5, 0, 6.5, 1], "texture": "#0"},
				"west": {"uv": [8.5, 1.5, 9, 2.5], "texture": "#0"},
				"up": {"uv": [3, 9, 2, 8.5], "texture": "#0"},
				"down": {"uv": [9.5, 3, 8.5, 3.5], "texture": "#0"}
			}
		},
		{
			"from": [5, 3, 3.75],
			"to": [7, 5, 4],
			"rotation": {"angle": 0, "axis": "y", "origin": [5, 3, 3.75]},
			"faces": {
				"north": {"uv": [2, 3.5, 3, 4.5], "texture": "#0"},
				"east": {"uv": [7, 3, 7.5, 4], "texture": "#0"},
				"south": {"uv": [3, 3.5, 4, 4.5], "texture": "#0"},
				"west": {"uv": [7, 6.5, 7.5, 7.5], "texture": "#0"},
				"up": {"uv": [4.5, 1, 3.5, 0.5], "texture": "#0"},
				"down": {"uv": [8, 4, 7, 4.5], "texture": "#0"}
			}
		},
		{
			"from": [3, 1, 3.75],
			"to": [5, 3, 4],
			"rotation": {"angle": 0, "axis": "y", "origin": [3, 1, 3.75]},
			"faces": {
				"north": {"uv": [4, 4, 5, 5], "texture": "#0"},
				"east": {"uv": [2, 7.5, 2.5, 8.5], "texture": "#0"},
				"south": {"uv": [0, 4.5, 1, 5.5], "texture": "#0"},
				"west": {"uv": [2.5, 7.5, 3, 8.5], "texture": "#0"},
				"up": {"uv": [4, 8, 3, 7.5], "texture": "#0"},
				"down": {"uv": [8.5, 3, 7.5, 3.5], "texture": "#0"}
			}
		},
		{
			"from": [3, 3, 3.75],
			"to": [5, 5, 4],
			"rotation": {"angle": 0, "axis": "y", "origin": [3, 3, 3.75]},
			"faces": {
				"north": {"uv": [4, 2, 5, 3], "texture": "#0"},
				"east": {"uv": [1, 7.5, 1.5, 8.5], "texture": "#0"},
				"south": {"uv": [4, 3, 5, 4], "texture": "#0"},
				"west": {"uv": [1.5, 7.5, 2, 8.5], "texture": "#0"},
				"up": {"uv": [8, 6, 7, 5.5], "texture": "#0"},
				"down": {"uv": [8.5, 1, 7.5, 1.5], "texture": "#0"}
			}
		},
		{
			"from": [11, 1, 3.75],
			"to": [13, 3, 4],
			"rotation": {"angle": 0, "axis": "y", "origin": [11, 1, 3.75]},
			"faces": {
				"north": {"uv": [4, 4, 5, 5], "texture": "#0"},
				"east": {"uv": [4, 4, 5, 5], "texture": "#0"},
				"south": {"uv": [4, 4, 5, 5], "texture": "#0"},
				"west": {"uv": [4, 4, 5, 5], "texture": "#0"},
				"up": {"uv": [4, 4, 5, 5], "texture": "#0"},
				"down": {"uv": [4, 4, 5, 5], "texture": "#0"}
			}
		},
		{
			"from": [11, 3, 3.75],
			"to": [13, 5, 4],
			"rotation": {"angle": 0, "axis": "y", "origin": [11, 3, 3.75]},
			"faces": {
				"north": {"uv": [5, 2.5, 6, 3.5], "texture": "#0"},
				"east": {"uv": [8, 4.5, 8.5, 5.5], "texture": "#0"},
				"south": {"uv": [5, 3.5, 6, 4.5], "texture": "#0"},
				"west": {"uv": [8, 6.5, 8.5, 7.5], "texture": "#0"},
				"up": {"uv": [9, 6, 8, 5.5], "texture": "#0"},
				"down": {"uv": [8.5, 8, 7.5, 8.5], "texture": "#0"}
			}
		},
		{
			"from": [9, 1, 3.75],
			"to": [11, 3, 4],
			"rotation": {"angle": 0, "axis": "y", "origin": [9, 1, 3.75]},
			"faces": {
				"north": {"uv": [3, 4.5, 4, 5.5], "texture": "#0"},
				"east": {"uv": [8, 1.5, 8.5, 2.5], "texture": "#0"},
				"south": {"uv": [5, 1.5, 6, 2.5], "texture": "#0"},
				"west": {"uv": [3, 8, 3.5, 9], "texture": "#0"},
				"up": {"uv": [4.5, 8.5, 3.5, 8], "texture": "#0"},
				"down": {"uv": [9, 4, 8, 4.5], "texture": "#0"}
			}
		},
		{
			"from": [9, 3, 3.75],
			"to": [11, 5, 4],
			"rotation": {"angle": 0, "axis": "y", "origin": [9, 3, 3.75]},
			"faces": {
				"north": {"uv": [4.5, 0.5, 5.5, 1.5], "texture": "#0"},
				"east": {"uv": [7.5, 6.5, 8, 7.5], "texture": "#0"},
				"south": {"uv": [2, 4.5, 3, 5.5], "texture": "#0"},
				"west": {"uv": [7, 7.5, 7.5, 8.5], "texture": "#0"},
				"up": {"uv": [8.5, 4, 7.5, 3.5], "texture": "#0"},
				"down": {"uv": [8.5, 7.5, 7.5, 8], "texture": "#0"}
			}
		},
		{
			"from": [5, 5, 3.75],
			"to": [7, 7, 4],
			"rotation": {"angle": 0, "axis": "y", "origin": [7, 5, 3.75]},
			"faces": {
				"north": {"uv": [5.5, 0.5, 4.5, 1.5], "texture": "#0"},
				"east": {"uv": [7.5, 7.5, 7, 8.5], "texture": "#0"},
				"south": {"uv": [3, 4.5, 2, 5.5], "texture": "#0"},
				"west": {"uv": [8, 6.5, 7.5, 7.5], "texture": "#0"},
				"up": {"uv": [7.5, 4, 8.5, 3.5], "texture": "#0"},
				"down": {"uv": [7.5, 7.5, 8.5, 8], "texture": "#0"}
			}
		},
		{
			"from": [3, 5, 3.75],
			"to": [5, 7, 4],
			"rotation": {"angle": 0, "axis": "y", "origin": [5, 5, 3.75]},
			"faces": {
				"north": {"uv": [5.5, 0.5, 4.5, 1.5], "texture": "#0"},
				"east": {"uv": [7.5, 7.5, 7, 8.5], "texture": "#0"},
				"south": {"uv": [3, 4.5, 2, 5.5], "texture": "#0"},
				"west": {"uv": [8, 6.5, 7.5, 7.5], "texture": "#0"},
				"up": {"uv": [7.5, 4, 8.5, 3.5], "texture": "#0"},
				"down": {"uv": [7.5, 7.5, 8.5, 8], "texture": "#0"}
			}
		},
		{
			"from": [1, 3, 3.75],
			"to": [3, 5, 4],
			"rotation": {"angle": 0, "axis": "y", "origin": [3, 3, 3.75]},
			"faces": {
				"north": {"uv": [5.5, 0.5, 4.5, 1.5], "texture": "#0"},
				"east": {"uv": [7.5, 7.5, 7, 8.5], "texture": "#0"},
				"south": {"uv": [3, 4.5, 2, 5.5], "texture": "#0"},
				"west": {"uv": [8, 6.5, 7.5, 7.5], "texture": "#0"},
				"up": {"uv": [7.5, 4, 8.5, 3.5], "texture": "#0"},
				"down": {"uv": [7.5, 7.5, 8.5, 8], "texture": "#0"}
			}
		},
		{
			"from": [13, 3, 3.75],
			"to": [15, 5, 4],
			"rotation": {"angle": 0, "axis": "y", "origin": [13, 3, 3.75]},
			"faces": {
				"north": {"uv": [4.5, 0.5, 5.5, 1.5], "texture": "#0"},
				"east": {"uv": [7.5, 6.5, 8, 7.5], "texture": "#0"},
				"south": {"uv": [2, 4.5, 3, 5.5], "texture": "#0"},
				"west": {"uv": [7, 7.5, 7.5, 8.5], "texture": "#0"},
				"up": {"uv": [8.5, 4, 7.5, 3.5], "texture": "#0"},
				"down": {"uv": [8.5, 7.5, 7.5, 8], "texture": "#0"}
			}
		},
		{
			"from": [11, 5, 3.75],
			"to": [13, 7, 4],
			"rotation": {"angle": 0, "axis": "y", "origin": [11, 5, 3.75]},
			"faces": {
				"north": {"uv": [4.5, 0.5, 5.5, 1.5], "texture": "#0"},
				"east": {"uv": [7.5, 6.5, 8, 7.5], "texture": "#0"},
				"south": {"uv": [2, 4.5, 3, 5.5], "texture": "#0"},
				"west": {"uv": [7, 7.5, 7.5, 8.5], "texture": "#0"},
				"up": {"uv": [8.5, 4, 7.5, 3.5], "texture": "#0"},
				"down": {"uv": [8.5, 7.5, 7.5, 8], "texture": "#0"}
			}
		},
		{
			"from": [9, 5, 3.75],
			"to": [11, 7, 4],
			"rotation": {"angle": 0, "axis": "y", "origin": [9, 5, 3.75]},
			"faces": {
				"north": {"uv": [4.5, 0.5, 5.5, 1.5], "texture": "#0"},
				"east": {"uv": [7.5, 6.5, 8, 7.5], "texture": "#0"},
				"south": {"uv": [2, 4.5, 3, 5.5], "texture": "#0"},
				"west": {"uv": [7, 7.5, 7.5, 8.5], "texture": "#0"},
				"up": {"uv": [8.5, 4, 7.5, 3.5], "texture": "#0"},
				"down": {"uv": [8.5, 7.5, 7.5, 8], "texture": "#0"}
			}
		}
	],
	"display": {
		"thirdperson_righthand": {
			"rotation": [36, -9, 0],
			"translation": [0, 1.25, 2.25],
			"scale": [0.54, 0.54, 0.54]
		},
		"thirdperson_lefthand": {
			"rotation": [36, -9, 0],
			"translation": [0, 1.25, 2.25],
			"scale": [0.54, 0.54, 0.54]
		},
		"firstperson_righthand": {
			"translation": [1.75, 4, 0]
		},
		"firstperson_lefthand": {
			"translation": [1.75, 4, 0]
		},
		"ground": {
			"translation": [0, 3, 0],
			"scale": [0.75, 0.75, 0.75]
		},
		"gui": {
			"rotation": [31, 149, 0],
			"translation": [1.5, 4.5, 0]
		},
		"head": {
			"translation": [0, 6.5, -1],
			"scale": [1.6, 1.6, 1.6]
		},
		"fixed": {
			"translation": [-0.5, 4, 5],
			"scale": [1.67, 1.67, 1.67]
		},
		"on_shelf": {
			"rotation": [0, -180, 0]
		}
	}
}