{
	"credit": "Made with Blockbench",
	"textures": {
		"0": "item/weapons/netherite_sword/customswords/infinity_blade_3d",
		"particle": "item/weapons/netherite_sword/customswords/infinity_blade_3d"
	},
	"elements": [
		{
			"name": "pommel",
			"from": [0, 0.79573, 0],
			"to": [0.75, 1.17073, 0.375],
			"rotation": {"angle": 0, "axis": "y", "origin": [0.375, 0.59299, 0.1875]},
			"faces": {
				"north": {"uv": [10.68479, 7.94217, 13.44178, 8.82051], "texture": "#0"},
				"east": {"uv": [11.88424, 6.39192, 12.27143, 6.60696], "texture": "#0"},
				"south": {"uv": [10.68479, 7.88243, 13.44178, 8.82051], "texture": "#0"},
				"west": {"uv": [11.88424, 6.39192, 12.27143, 6.60696], "texture": "#0"},
				"up": {"uv": [10.68479, 7.88243, 13.44178, 8.82051], "texture": "#0"},
				"down": {"uv": [10.68479, 7.88243, 13.44178, 8.82051], "texture": "#0"}
			}
		},
		{
			"name": "pommel",
			"from": [0.125, 0.54573, 0],
			"to": [0.625, 0.79573, 0.375],
			"rotation": {"angle": 0, "axis": "y", "origin": [0.25, 0.54573, -0.125]},
			"faces": {
				"north": {"uv": [11.0601, 8.66751, 13.06953, 9.85796], "texture": "#0"},
				"east": {"uv": [11.25273, 9.34191, 10.92564, 9.68259], "texture": "#0"},
				"south": {"uv": [11.0601, 8.66751, 13.06953, 9.85796], "texture": "#0"},
				"west": {"uv": [11.25273, 9.34191, 10.92564, 9.68259], "texture": "#0"},
				"up": {"uv": [11.0601, 8.66751, 13.06953, 9.85796], "texture": "#0"},
				"down": {"uv": [11.0601, 8.66751, 13.06953, 9.85796], "texture": "#0"}
			}
		},
		{
			"name": "pommel",
			"from": [0, 0.54573, 0.125],
			"to": [0.75, 0.79573, 0.25],
			"rotation": {"angle": 0, "axis": "y", "origin": [0, 0.54573, 0]},
			"faces": {
				"north": {"uv": [13.21506, 8.94669, 10.92564, 9.68259], "texture": "#0"},
				"east": {"uv": [11.25273, 9.34191, 10.92564, 9.68259], "texture": "#0"},
				"south": {"uv": [13.21506, 8.94669, 10.92564, 9.68259], "texture": "#0"},
				"west": {"uv": [11.25273, 9.34191, 10.92564, 9.68259], "texture": "#0"},
				"up": {"uv": [13.21506, 8.94669, 10.92564, 9.68259], "texture": "#0"},
				"down": {"uv": [13.21506, 8.94669, 10.92564, 9.68259], "texture": "#0"}
			}
		},
		{
			"name": "pommel",
			"from": [-0.1247, 0.92073, 0.125],
			"to": [0.0003, 1.17073, 0.25],
			"rotation": {"angle": 0, "axis": "y", "origin": [0.5, 0.35823, 0.17378]},
			"faces": {
				"north": {"uv": [13.16604, 7.42401, 12.87077, 7.7126], "texture": "#0"},
				"east": {"uv": [13.16604, 7.42401, 12.87077, 7.7126], "texture": "#0"},
				"south": {"uv": [13.16604, 7.42401, 12.87077, 7.7126], "texture": "#0"},
				"west": {"uv": [13.16604, 7.42401, 12.87077, 7.7126], "texture": "#0"},
				"up": {"uv": [13.16604, 7.42401, 12.87077, 7.7126], "texture": "#0"},
				"down": {"uv": [13.16604, 7.42401, 12.87077, 7.7126], "texture": "#0"}
			}
		},
		{
			"name": "pommel",
			"from": [0.125, 0.42073, 0.125],
			"to": [0.625, 0.54573, 0.25],
			"rotation": {"angle": 0, "axis": "y", "origin": [0.17378, 0.46951, 0.04878]},
			"faces": {
				"north": {"uv": [12.85048, 9.66361, 11.06167, 10.034], "texture": "#0"},
				"east": {"uv": [11.25273, 9.34191, 10.92564, 9.68259], "texture": "#0"},
				"south": {"uv": [12.85048, 9.66361, 11.06167, 10.034], "texture": "#0"},
				"west": {"uv": [11.25273, 9.34191, 10.92564, 9.68259], "texture": "#0"},
				"up": {"uv": [12.85048, 9.66361, 11.06167, 10.034], "texture": "#0"},
				"down": {"uv": [12.85048, 9.66361, 11.06167, 10.034], "texture": "#0"}
			}
		},
		{
			"name": "pommel",
			"from": [0.25, 0.42073, 0],
			"to": [0.5, 0.54573, 0.375],
			"rotation": {"angle": 0, "axis": "y", "origin": [0.17378, 0.46951, 0.04878]},
			"faces": {
				"north": {"uv": [12.6161, 9.65901, 11.44893, 10.32659], "texture": "#0"},
				"east": {"uv": [11.25273, 9.34191, 10.92564, 9.68259], "texture": "#0"},
				"south": {"uv": [12.6161, 9.65901, 11.44893, 10.32659], "texture": "#0"},
				"west": {"uv": [11.25273, 9.34191, 10.92564, 9.68259], "texture": "#0"},
				"up": {"uv": [12.6161, 9.65901, 11.44893, 10.32659], "texture": "#0"},
				"down": {"uv": [12.6161, 9.65901, 11.44893, 10.32659], "texture": "#0"}
			}
		},
		{
			"name": "pommel",
			"from": [0.2625, 0.29573, 0.125],
			"to": [0.5125, 0.42073, 0.22256],
			"rotation": {"angle": 0, "axis": "y", "origin": [0.5, 0.35823, 0.17378]},
			"faces": {
				"north": {"uv": [12.35262, 10.32538, 11.83343, 10.90717], "texture": "#0"},
				"east": {"uv": [11.25273, 9.34191, 10.92564, 9.68259], "texture": "#0"},
				"south": {"uv": [12.35262, 10.32538, 11.83343, 10.90717], "texture": "#0"},
				"west": {"uv": [11.25273, 9.34191, 10.92564, 9.68259], "texture": "#0"},
				"up": {"uv": [12.35262, 10.32538, 11.83343, 10.90717], "texture": "#0"},
				"down": {"uv": [12.35262, 10.32538, 11.83343, 10.90717], "texture": "#0"}
			}
		},
		{
			"name": "pommel",
			"from": [0.7503, 0.92073, 0.125],
			"to": [0.8753, 1.17073, 0.25],
			"rotation": {"angle": 0, "axis": "y", "origin": [0.5, 0.35823, 0.17378]},
			"faces": {
				"north": {"uv": [11.60966, 7.48222, 11.26537, 7.72945], "texture": "#0"},
				"east": {"uv": [11.60966, 7.48222, 11.26537, 7.72945], "texture": "#0"},
				"south": {"uv": [11.60966, 7.48222, 11.26537, 7.72945], "texture": "#0"},
				"west": {"uv": [11.60966, 7.48222, 11.26537, 7.72945], "texture": "#0"},
				"up": {"uv": [11.60966, 7.48222, 11.26537, 7.72945], "texture": "#0"},
				"down": {"uv": [11.60966, 7.48222, 11.26537, 7.72945], "texture": "#0"}
			}
		},
		{
			"from": [0, 1.17073, 0],
			"to": [0.125, 1.29573, 0.375],
			"faces": {
				"north": {"uv": [12.97149, 7.27236, 12.67469, 7.65194], "texture": "#0"},
				"east": {"uv": [12.97149, 7.27236, 12.67469, 7.65194], "texture": "#0"},
				"south": {"uv": [12.97149, 7.27236, 12.67469, 7.65194], "texture": "#0"},
				"west": {"uv": [12.97149, 7.27236, 12.67469, 7.65194], "texture": "#0"},
				"up": {"uv": [12.97149, 7.27236, 12.67469, 7.65194], "texture": "#0"},
				"down": {"uv": [12.97149, 7.27236, 12.67469, 7.65194], "texture": "#0"}
			}
		},
		{
			"from": [0.625, 1.17073, 0],
			"to": [0.75, 1.29573, 0.375],
			"rotation": {"angle": 0, "axis": "y", "origin": [0.05, 0, 0]},
			"faces": {
				"north": {"uv": [11.43656, 7.23253, 11.15967, 7.57382], "texture": "#0"},
				"east": {"uv": [11.43656, 7.23253, 11.15967, 7.57382], "texture": "#0"},
				"south": {"uv": [11.43656, 7.23253, 11.15967, 7.57382], "texture": "#0"},
				"west": {"uv": [11.43656, 7.23253, 11.15967, 7.57382], "texture": "#0"},
				"up": {"uv": [11.43656, 7.23253, 11.15967, 7.57382], "texture": "#0"},
				"down": {"uv": [11.43656, 7.23253, 11.15967, 7.57382], "texture": "#0"}
			}
		},
		{
			"from": [0.0003, 1.29573, 0.125],
			"to": [0.1253, 1.42073, 0.25],
			"rotation": {"angle": 0, "axis": "y", "origin": [-0.0622, -0.13262, 0.1875]},
			"faces": {
				"north": {"uv": [12.96843, 7.015, 12.69308, 7.33638], "texture": "#0"},
				"east": {"uv": [12.96843, 7.015, 12.69308, 7.33638], "texture": "#0"},
				"south": {"uv": [12.96843, 7.015, 12.69308, 7.33638], "texture": "#0"},
				"west": {"uv": [12.96843, 7.015, 12.69308, 7.33638], "texture": "#0"},
				"up": {"uv": [12.96843, 7.015, 12.69308, 7.33638], "texture": "#0"},
				"down": {"uv": [12.96843, 7.015, 12.69308, 7.33638], "texture": "#0"}
			}
		},
		{
			"from": [0.6253, 1.29573, 0.125],
			"to": [0.7503, 1.42073, 0.25],
			"rotation": {"angle": 0, "axis": "y", "origin": [-0.0622, -0.13262, 0.1875]},
			"faces": {
				"north": {"uv": [11.51468, 6.95833, 11.15967, 7.43595], "texture": "#0"},
				"east": {"uv": [11.51468, 6.95833, 11.15967, 7.43595], "texture": "#0"},
				"south": {"uv": [11.51468, 6.95833, 11.15967, 7.43595], "texture": "#0"},
				"west": {"uv": [11.51468, 6.95833, 11.15967, 7.43595], "texture": "#0"},
				"up": {"uv": [11.51468, 6.95833, 11.15967, 7.43595], "texture": "#0"},
				"down": {"uv": [11.51468, 6.95833, 11.15967, 7.43595], "texture": "#0"}
			}
		},
		{
			"name": "handle",
			"from": [0.125, 1.17073, 0],
			"to": [0.625, 2.92073, 0.375],
			"rotation": {"angle": 0, "axis": "y", "origin": [0.25, 1.65549, 0.1875]},
			"faces": {
				"north": {"uv": [3.88453, 15.81161, 5.44876, 9.39888], "rotation": 180, "texture": "#0"},
				"east": {"uv": [3.88453, 15.81161, 4.40862, 10.36089], "rotation": 180, "texture": "#0"},
				"south": {"uv": [3.88453, 15.81161, 5.44876, 9.39888], "rotation": 180, "texture": "#0"},
				"west": {"uv": [4.40862, 15.81161, 3.88453, 10.36089], "rotation": 180, "texture": "#0"},
				"up": {"uv": [3.88453, 15.81161, 5.44876, 9.39888], "rotation": 180, "texture": "#0"},
				"down": {"uv": [3.88453, 15.81161, 5.44876, 9.39888], "rotation": 180, "texture": "#0"}
			}
		},
		{
			"from": [0, 2.91433, 0],
			"to": [0.75, 3.16433, 0.375],
			"rotation": {"angle": 0, "axis": "y", "origin": [0.375, 3.03933, 0.1875]},
			"faces": {
				"north": {"uv": [11.79195, 14.82714, 10.11496, 15.31832], "texture": "#0"},
				"east": {"uv": [11.79195, 14.82714, 10.11496, 15.31832], "texture": "#0"},
				"south": {"uv": [11.79195, 14.82714, 10.11496, 15.31832], "texture": "#0"},
				"west": {"uv": [11.79195, 14.82714, 10.11496, 15.31832], "texture": "#0"},
				"up": {"uv": [13.16949, 13.56777, 13.32689, 13.82474], "texture": "#0"},
				"down": {"uv": [11.79195, 14.82714, 10.11496, 15.31832], "texture": "#0"}
			}
		},
		{
			"from": [-0.25, 3.16433, 0],
			"to": [0.25, 3.28933, 0.375],
			"rotation": {"angle": 0, "axis": "y", "origin": [0, -0.00518, 0]},
			"faces": {
				"north": {"uv": [11.28835, 14.54367, 12.55214, 14.8501], "texture": "#0"},
				"east": {"uv": [13.16949, 13.56777, 13.32689, 13.82474], "texture": "#0"},
				"south": {"uv": [12.55214, 14.54367, 11.28835, 14.8501], "texture": "#0"},
				"west": {"uv": [11.28835, 14.54367, 12.55214, 14.8501], "texture": "#0"},
				"up": {"uv": [13.16949, 13.56777, 13.32689, 13.82474], "texture": "#0"},
				"down": {"uv": [11.28835, 14.54367, 12.55214, 14.8501], "texture": "#0"}
			}
		},
		{
			"from": [0.5, 3.16433, 0],
			"to": [1, 3.28933, 0.375],
			"rotation": {"angle": 0, "axis": "y", "origin": [0, -0.00518, 0]},
			"faces": {
				"north": {"uv": [12.55214, 14.54367, 11.28835, 14.8501], "texture": "#0"},
				"east": {"uv": [12.55214, 14.54367, 11.28835, 14.8501], "texture": "#0"},
				"south": {"uv": [11.28835, 14.54367, 12.55214, 14.8501], "texture": "#0"},
				"west": {"uv": [13.16949, 13.56777, 13.32689, 13.82474], "texture": "#0"},
				"up": {"uv": [13.16949, 13.56777, 13.32689, 13.82474], "texture": "#0"},
				"down": {"uv": [12.55214, 14.54367, 11.28835, 14.8501], "texture": "#0"}
			}
		},
		{
			"from": [0.5, 3.28933, 0.125],
			"to": [0.75, 3.41433, 0.25],
			"rotation": {"angle": 0, "axis": "y", "origin": [0.0122, -0.00823, 0]},
			"faces": {
				"north": {"uv": [11.79775, 14.25874, 11.28835, 14.65402], "texture": "#0"},
				"east": {"uv": [11.79775, 14.25874, 11.28835, 14.65402], "texture": "#0"},
				"south": {"uv": [11.28835, 14.25874, 11.79775, 14.65402], "texture": "#0"},
				"west": {"uv": [11.79775, 14.25874, 11.28835, 14.65402], "texture": "#0"},
				"up": {"uv": [11.79775, 14.25874, 11.28835, 14.65402], "texture": "#0"},
				"down": {"uv": [11.79775, 14.25874, 11.28835, 14.65402], "texture": "#0"}
			}
		},
		{
			"from": [0, 3.28933, 0.125],
			"to": [0.25, 3.41433, 0.25],
			"rotation": {"angle": 0, "axis": "y", "origin": [0.0122, -0.00823, 0]},
			"faces": {
				"north": {"uv": [11.28835, 14.25874, 11.79775, 14.65402], "texture": "#0"},
				"east": {"uv": [11.28835, 14.25874, 11.79775, 14.65402], "texture": "#0"},
				"south": {"uv": [11.28835, 14.25874, 11.79775, 14.65402], "texture": "#0"},
				"west": {"uv": [11.28835, 14.25874, 11.79775, 14.65402], "texture": "#0"},
				"up": {"uv": [11.28835, 14.25874, 11.79775, 14.65402], "texture": "#0"},
				"down": {"uv": [11.28835, 14.25874, 11.79775, 14.65402], "texture": "#0"}
			}
		},
		{
			"from": [0.25, 3.78933, 0],
			"to": [0.5, 3.91433, 0.375],
			"rotation": {"angle": 0, "axis": "y", "origin": [0.0372, -0.38598, 0]},
			"faces": {
				"north": {"uv": [10.57756, 12.32571, 11.27722, 12.9659], "texture": "#0"},
				"east": {"uv": [10.57756, 12.32571, 11.27722, 12.9659], "texture": "#0"},
				"south": {"uv": [10.57756, 12.32571, 11.27722, 12.9659], "texture": "#0"},
				"west": {"uv": [10.57756, 12.32571, 11.27722, 12.9659], "texture": "#0"},
				"up": {"uv": [10.57756, 12.32571, 11.27722, 12.9659], "texture": "#0"},
				"down": {"uv": [10.57756, 12.32571, 11.27722, 12.9659], "texture": "#0"}
			}
		},
		{
			"from": [0.25, 3.66433, 0.125],
			"to": [0.5, 3.78933, 0.25],
			"rotation": {"angle": 0, "axis": "y", "origin": [0.0372, -0.56585, 0.125]},
			"faces": {
				"north": {"uv": [10.72615, 13.0746, 11.14517, 13.41167], "texture": "#0"},
				"east": {"uv": [10.72615, 13.0746, 11.14517, 13.41167], "texture": "#0"},
				"south": {"uv": [10.73994, 13.0746, 11.14517, 13.41167], "texture": "#0"},
				"west": {"uv": [13.16949, 13.56777, 13.32689, 13.82474], "texture": "#0"},
				"up": {"uv": [10.72615, 13.0746, 11.14517, 13.41167], "texture": "#0"},
				"down": {"uv": [13.16949, 13.56777, 13.32689, 13.82474], "texture": "#0"}
			}
		},
		{
			"from": [0.125, 3.78933, 0.125],
			"to": [0.25, 3.91433, 0.25],
			"rotation": {"angle": 0, "axis": "y", "origin": [-0.0878, -0.44085, 0.125]},
			"faces": {
				"north": {"uv": [11.14129, 12.71768, 11.44236, 13.11449], "texture": "#0"},
				"east": {"uv": [11.14129, 12.71768, 11.44236, 13.11449], "texture": "#0"},
				"south": {"uv": [11.44236, 12.71768, 11.14129, 13.11449], "texture": "#0"},
				"west": {"uv": [13.16949, 13.56777, 13.32689, 13.82474], "texture": "#0"},
				"up": {"uv": [11.14129, 12.71768, 11.44236, 13.11449], "texture": "#0"},
				"down": {"uv": [13.16949, 13.56777, 13.32689, 13.82474], "texture": "#0"}
			}
		},
		{
			"from": [0.5, 3.78933, 0.125],
			"to": [0.625, 3.91433, 0.25],
			"rotation": {"angle": 0, "axis": "y", "origin": [0.2872, -0.44085, 0.125]},
			"faces": {
				"north": {"uv": [11.44236, 12.71768, 11.14129, 13.11449], "texture": "#0"},
				"east": {"uv": [11.44236, 12.71768, 11.14129, 13.11449], "texture": "#0"},
				"south": {"uv": [11.14129, 12.71768, 11.44236, 13.11449], "texture": "#0"},
				"west": {"uv": [11.44236, 12.71768, 11.14129, 13.11449], "texture": "#0"},
				"up": {"uv": [11.44236, 12.71768, 11.14129, 13.11449], "texture": "#0"},
				"down": {"uv": [13.16949, 13.56777, 13.32689, 13.82474], "texture": "#0"}
			}
		},
		{
			"from": [0.74268, 4.28963, 0.125],
			"to": [0.86768, 4.41463, 0.25],
			"rotation": {"angle": 0, "axis": "y", "origin": [0.2872, -0.44085, 0.125]},
			"faces": {
				"north": {"uv": [12.70033, 12.0192, 12.3867, 12.30532], "texture": "#0"},
				"east": {"uv": [12.70033, 12.0192, 12.3867, 12.30532], "texture": "#0"},
				"south": {"uv": [12.3867, 12.0192, 12.70033, 12.30532], "texture": "#0"},
				"west": {"uv": [12.70033, 12.0192, 12.3867, 12.30532], "texture": "#0"},
				"up": {"uv": [12.70033, 12.0192, 12.3867, 12.30532], "texture": "#0"},
				"down": {"uv": [12.70033, 12.0192, 12.3867, 12.30532], "texture": "#0"}
			}
		},
		{
			"from": [-0.11982, 4.28963, 0.125],
			"to": [0.00518, 4.41463, 0.25],
			"rotation": {"angle": 0, "axis": "y", "origin": [0.2872, -0.44085, 0.125]},
			"faces": {
				"north": {"uv": [12.3867, 12.0192, 12.70033, 12.30532], "texture": "#0"},
				"east": {"uv": [12.3867, 12.0192, 12.70033, 12.30532], "texture": "#0"},
				"south": {"uv": [12.70033, 12.0192, 12.3867, 12.30532], "texture": "#0"},
				"west": {"uv": [12.3867, 12.0192, 12.70033, 12.30532], "texture": "#0"},
				"up": {"uv": [12.3867, 12.0192, 12.70033, 12.30532], "texture": "#0"},
				"down": {"uv": [12.3867, 12.0192, 12.70033, 12.30532], "texture": "#0"}
			}
		},
		{
			"from": [-0.11982, 4.53963, 0.125],
			"to": [0.00518, 4.78963, 0.25],
			"rotation": {"angle": 0, "axis": "y", "origin": [0.2872, -0.19085, 0.125]},
			"faces": {
				"north": {"uv": [14.84382, 14.46707, 15.23374, 14.98735], "texture": "#0"},
				"east": {"uv": [14.84382, 14.46707, 15.23374, 14.98735], "texture": "#0"},
				"south": {"uv": [14.84382, 14.46707, 15.23374, 14.98735], "texture": "#0"},
				"west": {"uv": [15.01211, 10.95263, 15.24311, 10.68637], "texture": "#0"},
				"up": {"uv": [14.84382, 14.46707, 15.23374, 14.98735], "texture": "#0"},
				"down": {"uv": [14.84382, 14.46707, 15.23374, 14.98735], "texture": "#0"}
			}
		},
		{
			"from": [0.74268, 4.53963, 0.125],
			"to": [0.86768, 4.78963, 0.25],
			"rotation": {"angle": 0, "axis": "y", "origin": [0.2872, -0.19085, 0.125]},
			"faces": {
				"north": {"uv": [15.23374, 14.46707, 14.84382, 14.98735], "texture": "#0"},
				"east": {"uv": [14.98301, 9.85581, 15.36107, 10.68637], "texture": "#0"},
				"south": {"uv": [15.01211, 10.95263, 15.24311, 10.68637], "texture": "#0"},
				"west": {"uv": [15.23374, 14.46707, 14.84382, 14.98735], "texture": "#0"},
				"up": {"uv": [15.23374, 14.46707, 14.84382, 14.98735], "texture": "#0"},
				"down": {"uv": [15.23374, 14.46707, 14.84382, 14.98735], "texture": "#0"}
			}
		},
		{
			"from": [0.75, 3.03933, 0],
			"to": [0.875, 3.16433, 0.375],
			"rotation": {"angle": 0, "axis": "y", "origin": [0.8125, -0.89817, 0.1875]},
			"faces": {
				"north": {"uv": [11.88118, 14.73362, 11.34809, 15.21775], "texture": "#0"},
				"east": {"uv": [11.88118, 14.73362, 11.34809, 15.21775], "texture": "#0"},
				"south": {"uv": [11.88118, 14.73362, 11.34809, 15.21775], "texture": "#0"},
				"west": {"uv": [11.88118, 14.73362, 11.34809, 15.21775], "texture": "#0"},
				"up": {"uv": [11.88118, 14.73362, 11.34809, 15.21775], "texture": "#0"},
				"down": {"uv": [11.88118, 14.73362, 11.34809, 15.21775], "texture": "#0"}
			}
		},
		{
			"from": [-0.125, 3.03933, 0],
			"to": [0, 3.16433, 0.375],
			"rotation": {"angle": 0, "axis": "y", "origin": [-0.0625, -0.89817, 0.1875]},
			"faces": {
				"north": {"uv": [11.34809, 14.73362, 11.88118, 15.21775], "texture": "#0"},
				"east": {"uv": [11.34809, 14.73362, 11.88118, 15.21775], "texture": "#0"},
				"south": {"uv": [11.34809, 14.73362, 11.88118, 15.21775], "texture": "#0"},
				"west": {"uv": [11.34809, 14.73362, 11.88118, 15.21775], "texture": "#0"},
				"up": {"uv": [11.34809, 14.73362, 11.88118, 15.21775], "texture": "#0"},
				"down": {"uv": [11.34809, 14.73362, 11.88118, 15.21775], "texture": "#0"}
			}
		},
		{
			"from": [-0.375, 3.28933, 0],
			"to": [0, 3.53933, 0.375],
			"rotation": {"angle": 0, "axis": "y", "origin": [-0.25, -0.01067, 0]},
			"faces": {
				"north": {"uv": [12.02978, 13.93092, 12.6988, 14.62889], "texture": "#0"},
				"east": {"uv": [13.16949, 13.56777, 13.32689, 13.82474], "texture": "#0"},
				"south": {"uv": [12.6988, 13.93092, 12.02978, 14.62889], "texture": "#0"},
				"west": {"uv": [12.56134, 12.56162, 12.85852, 12.98551], "texture": "#0"},
				"up": {"uv": [13.16949, 13.56777, 13.32689, 13.82474], "texture": "#0"},
				"down": {"uv": [12.56134, 12.56162, 12.85852, 12.98551], "texture": "#0"}
			}
		},
		{
			"from": [-0.375, 3.66433, 0],
			"to": [0, 4.16433, 0.375],
			"rotation": {"angle": 0, "axis": "y", "origin": [-0.25, -0.12348, 0]},
			"faces": {
				"north": {"uv": [12.30858, 12.17712, 12.71146, 13.57834], "texture": "#0"},
				"east": {"uv": [13.16949, 13.56777, 13.32689, 13.82474], "texture": "#0"},
				"south": {"uv": [12.71146, 12.17712, 12.30858, 13.57834], "texture": "#0"},
				"west": {"uv": [12.56134, 12.56162, 12.85852, 12.98551], "texture": "#0"},
				"up": {"uv": [12.17684, 12.17712, 12.71146, 13.57834], "texture": "#0"},
				"down": {"uv": [13.16949, 13.56777, 13.32689, 13.82474], "texture": "#0"}
			}
		},
		{
			"name": "pommel",
			"from": [0, 0.79573, 0],
			"to": [0.75, 1.17073, 0.375],
			"rotation": {"angle": 0, "axis": "y", "origin": [0.375, 0.59299, 0.1875]},
			"faces": {
				"north": {"uv": [10.68479, 7.94217, 13.44178, 8.82051], "texture": "#0"},
				"east": {"uv": [11.88424, 6.39192, 12.27143, 6.60696], "texture": "#0"},
				"south": {"uv": [10.68479, 7.88243, 13.44178, 8.82051], "texture": "#0"},
				"west": {"uv": [10.68479, 7.88243, 13.44178, 8.82051], "texture": "#0"},
				"up": {"uv": [10.68479, 7.88243, 13.44178, 8.82051], "texture": "#0"},
				"down": {"uv": [10.68479, 7.88243, 13.44178, 8.82051], "texture": "#0"}
			}
		},
		{
			"from": [0.75, 3.66433, 0],
			"to": [1.125, 4.16433, 0.375],
			"rotation": {"angle": 0, "axis": "y", "origin": [0.9375, 3.91433, 0.1875]},
			"faces": {
				"north": {"uv": [12.71146, 12.17712, 12.30858, 13.57834], "texture": "#0"},
				"east": {"uv": [12.56134, 12.56162, 12.85852, 12.98551], "texture": "#0"},
				"south": {"uv": [12.30858, 12.17712, 12.71146, 13.57834], "texture": "#0"},
				"west": {"uv": [13.16949, 13.56777, 13.32689, 13.82474], "texture": "#0"},
				"up": {"uv": [12.71146, 12.17712, 12.17684, 13.57834], "texture": "#0"},
				"down": {"uv": [12.71146, 12.17712, 12.17684, 13.57834], "texture": "#0"}
			}
		},
		{
			"from": [0.75, 4.16433, 0],
			"to": [1, 4.28933, 0.375],
			"rotation": {"angle": 0, "axis": "y", "origin": [0.9375, 3.82896, 0.1875]},
			"faces": {
				"north": {"uv": [12.70033, 12.0192, 12.14926, 12.27621], "texture": "#0"},
				"east": {"uv": [12.70033, 12.0192, 12.14926, 12.27621], "texture": "#0"},
				"south": {"uv": [12.14926, 12.0192, 12.70033, 12.27621], "texture": "#0"},
				"west": {"uv": [12.70033, 12.0192, 12.14926, 12.27621], "texture": "#0"},
				"up": {"uv": [12.70033, 12.0192, 12.14926, 12.27621], "texture": "#0"},
				"down": {"uv": [12.70033, 12.0192, 12.14926, 12.27621], "texture": "#0"}
			}
		},
		{
			"from": [-0.25, 4.16433, 0],
			"to": [0, 4.28933, 0.375],
			"rotation": {"angle": 0, "axis": "y", "origin": [0.9375, 3.82896, 0.1875]},
			"faces": {
				"north": {"uv": [12.14926, 12.0192, 12.70033, 12.27621], "texture": "#0"},
				"east": {"uv": [12.14926, 12.0192, 12.70033, 12.27621], "texture": "#0"},
				"south": {"uv": [12.70033, 12.0192, 12.14926, 12.27621], "texture": "#0"},
				"west": {"uv": [12.70033, 12.0192, 12.14926, 12.27621], "texture": "#0"},
				"up": {"uv": [12.14926, 12.0192, 12.70033, 12.27621], "texture": "#0"},
				"down": {"uv": [12.14926, 12.0192, 12.70033, 12.27621], "texture": "#0"}
			}
		},
		{
			"from": [-0.375, 3.53933, 0],
			"to": [-0.125, 3.66433, 0.375],
			"rotation": {"angle": 0, "axis": "y", "origin": [-0.25, -0.05335, 0]},
			"faces": {
				"north": {"uv": [12.20747, 13.48821, 12.87802, 13.94323], "texture": "#0"},
				"east": {"uv": [13.16949, 13.56777, 13.32689, 13.82474], "texture": "#0"},
				"south": {"uv": [12.87802, 13.48821, 12.20747, 13.94323], "texture": "#0"},
				"west": {"uv": [12.20747, 13.48821, 12.87802, 13.94323], "texture": "#0"},
				"up": {"uv": [12.20747, 13.48821, 12.87802, 13.94323], "texture": "#0"},
				"down": {"uv": [12.20747, 13.48821, 12.87802, 13.94323], "texture": "#0"}
			}
		},
		{
			"from": [0.875, 3.53933, 0],
			"to": [1.125, 3.66433, 0.375],
			"rotation": {"angle": 0, "axis": "y", "origin": [-0.07317, -0.05335, 0]},
			"faces": {
				"north": {"uv": [12.87802, 13.48821, 12.20747, 13.94323], "texture": "#0"},
				"east": {"uv": [12.87802, 13.48821, 12.20747, 13.94323], "texture": "#0"},
				"south": {"uv": [12.20747, 13.48821, 12.87802, 13.94323], "texture": "#0"},
				"west": {"uv": [13.16949, 13.56777, 13.32689, 13.82474], "texture": "#0"},
				"up": {"uv": [12.87802, 13.48821, 12.20747, 13.94323], "texture": "#0"},
				"down": {"uv": [12.87802, 13.48821, 12.20747, 13.94323], "texture": "#0"}
			}
		},
		{
			"from": [0.75, 3.28933, 0],
			"to": [1.125, 3.53933, 0.375],
			"rotation": {"angle": 0, "axis": "y", "origin": [-0.25, -0.01067, 0]},
			"faces": {
				"north": {"uv": [12.6988, 13.93092, 12.02978, 14.62889], "texture": "#0"},
				"east": {"uv": [12.6988, 13.93092, 12.02978, 14.62889], "texture": "#0"},
				"south": {"uv": [12.02978, 13.93092, 12.6988, 14.62889], "texture": "#0"},
				"west": {"uv": [13.16949, 13.56777, 13.32689, 13.82474], "texture": "#0"},
				"up": {"uv": [13.16949, 13.56777, 13.32689, 13.82474], "texture": "#0"},
				"down": {"uv": [12.6988, 13.93092, 12.02978, 14.62889], "texture": "#0"}
			}
		},
		{
			"from": [-0.25, 3.03933, 0.125],
			"to": [-0.125, 3.16433, 0.25],
			"rotation": {"angle": 0, "axis": "y", "origin": [-0.11982, 0.12957, -0.125]},
			"faces": {
				"north": {"uv": [9.95524, 15.02152, 9.74116, 15.11305], "texture": "#0"},
				"east": {"uv": [9.95524, 15.02152, 9.74116, 15.11305], "texture": "#0"},
				"south": {"uv": [9.95524, 15.02152, 9.74116, 15.11305], "texture": "#0"},
				"west": {"uv": [9.95524, 15.02152, 9.74116, 15.11305], "texture": "#0"},
				"up": {"uv": [9.95524, 15.02152, 9.74116, 15.11305], "texture": "#0"},
				"down": {"uv": [9.95524, 15.02152, 9.74116, 15.11305], "texture": "#0"}
			}
		},
		{
			"from": [-0.375, 3.16433, 0.125],
			"to": [-0.25, 3.28933, 0.25],
			"rotation": {"angle": 0, "axis": "y", "origin": [-0.24482, 0.25457, -0.125]},
			"faces": {
				"north": {"uv": [9.95524, 15.02152, 9.74116, 15.11305], "texture": "#0"},
				"east": {"uv": [9.95524, 15.02152, 9.74116, 15.11305], "texture": "#0"},
				"south": {"uv": [9.95524, 15.02152, 9.74116, 15.11305], "texture": "#0"},
				"west": {"uv": [9.95524, 15.02152, 9.74116, 15.11305], "texture": "#0"},
				"up": {"uv": [9.95524, 15.02152, 9.74116, 15.11305], "texture": "#0"},
				"down": {"uv": [9.95524, 15.02152, 9.74116, 15.11305], "texture": "#0"}
			}
		},
		{
			"from": [-0.5, 3.28933, 0.125],
			"to": [-0.375, 3.41433, 0.25],
			"rotation": {"angle": 0, "axis": "y", "origin": [-0.36982, 0.37957, -0.125]},
			"faces": {
				"north": {"uv": [9.95524, 15.02152, 9.74116, 15.11305], "texture": "#0"},
				"east": {"uv": [9.95524, 15.02152, 9.74116, 15.11305], "texture": "#0"},
				"south": {"uv": [9.95524, 15.02152, 9.74116, 15.11305], "texture": "#0"},
				"west": {"uv": [9.95524, 15.02152, 9.74116, 15.11305], "texture": "#0"},
				"up": {"uv": [9.95524, 15.02152, 9.74116, 15.11305], "texture": "#0"},
				"down": {"uv": [9.95524, 15.02152, 9.74116, 15.11305], "texture": "#0"}
			}
		},
		{
			"from": [-0.625, 3.41433, 0.125],
			"to": [-0.5, 3.66433, 0.25],
			"rotation": {"angle": 0, "axis": "y", "origin": [-0.49482, 0.50457, -0.125]},
			"faces": {
				"north": {"uv": [13.34259, 13.56777, 13.49999, 13.82474], "texture": "#0"},
				"east": {"uv": [13.34259, 13.56777, 13.49999, 13.82474], "texture": "#0"},
				"south": {"uv": [13.34259, 13.56777, 13.49999, 13.82474], "texture": "#0"},
				"west": {"uv": [13.34259, 13.56777, 13.49999, 13.82474], "texture": "#0"},
				"up": {"uv": [13.34259, 13.56777, 13.49999, 13.82474], "texture": "#0"},
				"down": {"uv": [13.34259, 13.56777, 13.49999, 13.82474], "texture": "#0"}
			}
		},
		{
			"from": [1.25061, 3.41433, 0.125],
			"to": [1.37561, 3.66433, 0.25],
			"rotation": {"angle": 0, "axis": "y", "origin": [-0.57043, 0.50457, -0.125]},
			"faces": {
				"north": {"uv": [13.49999, 13.56777, 13.34259, 13.82474], "texture": "#0"},
				"east": {"uv": [13.49999, 13.56777, 13.34259, 13.82474], "texture": "#0"},
				"south": {"uv": [13.49999, 13.56777, 13.34259, 13.82474], "texture": "#0"},
				"west": {"uv": [13.49999, 13.56777, 13.34259, 13.82474], "texture": "#0"},
				"up": {"uv": [13.49999, 13.56777, 13.34259, 13.82474], "texture": "#0"},
				"down": {"uv": [13.49999, 13.56777, 13.34259, 13.82474], "texture": "#0"}
			}
		},
		{
			"from": [-0.5, 3.41433, 0],
			"to": [-0.375, 3.66433, 0.375],
			"rotation": {"angle": 0, "axis": "y", "origin": [-0.36982, 0.37957, -0.125]},
			"faces": {
				"north": {"uv": [13.16949, 13.56777, 13.32689, 13.82474], "texture": "#0"},
				"east": {"uv": [13.16949, 13.56777, 13.32689, 13.82474], "texture": "#0"},
				"south": {"uv": [13.16949, 13.56777, 13.32689, 13.82474], "texture": "#0"},
				"west": {"uv": [13.16949, 13.56777, 13.32689, 13.82474], "texture": "#0"},
				"up": {"uv": [13.16949, 13.56777, 13.32689, 13.82474], "texture": "#0"},
				"down": {"uv": [13.16949, 13.56777, 13.32689, 13.82474], "texture": "#0"}
			}
		},
		{
			"from": [1.12348, 3.41433, 0],
			"to": [1.24848, 3.66433, 0.375],
			"rotation": {"angle": 0, "axis": "y", "origin": [-0.36982, 0.37957, -0.125]},
			"faces": {
				"north": {"uv": [13.32689, 13.56777, 13.16949, 13.82474], "texture": "#0"},
				"east": {"uv": [13.32689, 13.56777, 13.16949, 13.82474], "texture": "#0"},
				"south": {"uv": [13.32689, 13.56777, 13.16949, 13.82474], "texture": "#0"},
				"west": {"uv": [13.32689, 13.56777, 13.16949, 13.82474], "texture": "#0"},
				"up": {"uv": [13.32689, 13.56777, 13.16949, 13.82474], "texture": "#0"},
				"down": {"uv": [13.32689, 13.56777, 13.16949, 13.82474], "texture": "#0"}
			}
		},
		{
			"from": [-0.125, 2.91433, 0.125],
			"to": [0, 3.03933, 0.25],
			"rotation": {"angle": 0, "axis": "y", "origin": [0.00518, 0.00457, -0.125]},
			"faces": {
				"north": {"uv": [9.95524, 15.02152, 9.74116, 15.11305], "texture": "#0"},
				"east": {"uv": [9.95524, 15.02152, 9.74116, 15.11305], "texture": "#0"},
				"south": {"uv": [9.95524, 15.02152, 9.74116, 15.11305], "texture": "#0"},
				"west": {"uv": [9.95524, 15.02152, 9.74116, 15.11305], "texture": "#0"},
				"up": {"uv": [9.95524, 15.02152, 9.74116, 15.11305], "texture": "#0"},
				"down": {"uv": [9.95524, 15.02152, 9.74116, 15.11305], "texture": "#0"}
			}
		},
		{
			"from": [0.75061, 2.91433, 0.125],
			"to": [0.87561, 3.03933, 0.25],
			"rotation": {"angle": 0, "axis": "y", "origin": [0.00518, 0.00457, -0.125]},
			"faces": {
				"north": {"uv": [9.74116, 15.02152, 9.95524, 15.11305], "texture": "#0"},
				"east": {"uv": [9.74116, 15.02152, 9.95524, 15.11305], "texture": "#0"},
				"south": {"uv": [9.74116, 15.02152, 9.95524, 15.11305], "texture": "#0"},
				"west": {"uv": [9.74116, 15.02152, 9.95524, 15.11305], "texture": "#0"},
				"up": {"uv": [9.74116, 15.02152, 9.95524, 15.11305], "texture": "#0"},
				"down": {"uv": [9.74116, 15.02152, 9.95524, 15.11305], "texture": "#0"}
			}
		},
		{
			"from": [0.87561, 3.03933, 0.125],
			"to": [1.00061, 3.16433, 0.25],
			"rotation": {"angle": 0, "axis": "y", "origin": [0.13018, 0.12957, -0.25]},
			"faces": {
				"north": {"uv": [9.74116, 15.02152, 9.95524, 15.11305], "texture": "#0"},
				"east": {"uv": [9.74116, 15.02152, 9.95524, 15.11305], "texture": "#0"},
				"south": {"uv": [9.74116, 15.02152, 9.95524, 15.11305], "texture": "#0"},
				"west": {"uv": [9.74116, 15.02152, 9.95524, 15.11305], "texture": "#0"},
				"up": {"uv": [9.74116, 15.02152, 9.95524, 15.11305], "texture": "#0"},
				"down": {"uv": [9.74116, 15.02152, 9.95524, 15.11305], "texture": "#0"}
			}
		},
		{
			"from": [1.00061, 3.16433, 0.125],
			"to": [1.12561, 3.28933, 0.25],
			"rotation": {"angle": 0, "axis": "y", "origin": [0.25518, 0.25457, -0.25]},
			"faces": {
				"north": {"uv": [9.74116, 15.02152, 9.95524, 15.11305], "texture": "#0"},
				"east": {"uv": [9.74116, 15.02152, 9.95524, 15.11305], "texture": "#0"},
				"south": {"uv": [9.74116, 15.02152, 9.95524, 15.11305], "texture": "#0"},
				"west": {"uv": [9.74116, 15.02152, 9.95524, 15.11305], "texture": "#0"},
				"up": {"uv": [9.74116, 15.02152, 9.95524, 15.11305], "texture": "#0"},
				"down": {"uv": [9.74116, 15.02152, 9.95524, 15.11305], "texture": "#0"}
			}
		},
		{
			"from": [1.12561, 3.28933, 0.125],
			"to": [1.25061, 3.41433, 0.25],
			"rotation": {"angle": 0, "axis": "y", "origin": [0.38018, 0.37957, -0.25]},
			"faces": {
				"north": {"uv": [9.95524, 15.02152, 9.74116, 15.11305], "texture": "#0"},
				"east": {"uv": [9.95524, 15.02152, 9.74116, 15.11305], "texture": "#0"},
				"south": {"uv": [9.95524, 15.02152, 9.74116, 15.11305], "texture": "#0"},
				"west": {"uv": [9.95524, 15.02152, 9.74116, 15.11305], "texture": "#0"},
				"up": {"uv": [9.95524, 15.02152, 9.74116, 15.11305], "texture": "#0"},
				"down": {"uv": [9.95524, 15.02152, 9.74116, 15.11305], "texture": "#0"}
			}
		},
		{
			"from": [1.12561, 3.66433, 0.125],
			"to": [1.25061, 3.78933, 0.25],
			"rotation": {"angle": 0, "axis": "y", "origin": [0.38018, 0.75457, -0.25]},
			"faces": {
				"north": {"uv": [13.32689, 13.56777, 13.16949, 13.82474], "texture": "#0"},
				"east": {"uv": [13.32689, 13.56777, 13.16949, 13.82474], "texture": "#0"},
				"south": {"uv": [13.32689, 13.56777, 13.16949, 13.82474], "texture": "#0"},
				"west": {"uv": [13.32689, 13.56777, 13.16949, 13.82474], "texture": "#0"},
				"up": {"uv": [13.32689, 13.56777, 13.16949, 13.82474], "texture": "#0"},
				"down": {"uv": [13.32689, 13.56777, 13.16949, 13.82474], "texture": "#0"}
			}
		},
		{
			"from": [-0.5, 3.66433, 0.125],
			"to": [-0.375, 3.78933, 0.25],
			"rotation": {"angle": 0, "axis": "y", "origin": [-1.24543, 0.75457, -0.25]},
			"faces": {
				"north": {"uv": [13.16949, 13.56777, 13.32689, 13.82474], "texture": "#0"},
				"east": {"uv": [13.16949, 13.56777, 13.32689, 13.82474], "texture": "#0"},
				"south": {"uv": [13.16949, 13.56777, 13.32689, 13.82474], "texture": "#0"},
				"west": {"uv": [13.16949, 13.56777, 13.32689, 13.82474], "texture": "#0"},
				"up": {"uv": [13.16949, 13.56777, 13.32689, 13.82474], "texture": "#0"},
				"down": {"uv": [13.16949, 13.56777, 13.32689, 13.82474], "texture": "#0"}
			}
		},
		{
			"from": [0, 3.91433, 0],
			"to": [0.75, 4.78933, 0.375],
			"rotation": {"angle": 0, "axis": "y", "origin": [-0.5, -0.08567, 0.125]},
			"faces": {
				"north": {"uv": [5.31049, 4.48359, 3.97328, 6.91832], "texture": "#0"},
				"east": {"uv": [3.87235, 5.08404, 3.92566, 6.26999], "texture": "#0"},
				"south": {"uv": [5.25841, 4.48359, 4.01311, 7.12972], "texture": "#0"},
				"west": {"uv": [3.87235, 5.08404, 3.92566, 6.26999], "texture": "#0"},
				"up": {"uv": [14.98301, 9.85581, 15.36107, 10.68637], "texture": "#0"},
				"down": {"uv": [13.16949, 13.56777, 13.32689, 13.82474], "texture": "#0"}
			}
		},
		{
			"from": [-0.00732, 4.78963, 0.125],
			"to": [0.74268, 10.53963, 0.25],
			"rotation": {"angle": 0, "axis": "y", "origin": [-0.00732, -0.77134, 0.125]},
			"faces": {
				"north": {"uv": [13.86649, 3.25829, 15.16214, 15.0365], "texture": "#0"},
				"east": {"uv": [14.98301, 3.63336, 15.21401, 10.68637], "texture": "#0"},
				"south": {"uv": [13.86649, 3.25829, 15.16214, 15.0365], "texture": "#0"},
				"west": {"uv": [14.98301, 3.6931, 15.24311, 10.68637], "texture": "#0"},
				"up": {"uv": [15.01211, 10.95263, 15.24311, 10.68637], "texture": "#0"},
				"down": {"uv": [13.86649, 3.25829, 15.16214, 15.0365], "texture": "#0"}
			}
		},
		{
			"from": [0.125, 4.78018, 0],
			"to": [0.625, 5.15518, 0.375],
			"rotation": {"angle": 0, "axis": "y", "origin": [0.125, 0.29238, 0.125]},
			"faces": {
				"north": {"uv": [13.87503, 13.90414, 15.23043, 14.90414], "texture": "#0"},
				"east": {"uv": [14.98301, 9.85581, 15.36107, 10.68637], "texture": "#0"},
				"south": {"uv": [13.87503, 13.90414, 15.23043, 14.90414], "texture": "#0"},
				"west": {"uv": [13.87503, 13.90414, 15.23043, 14.90414], "texture": "#0"},
				"up": {"uv": [13.87503, 13.90414, 15.23043, 14.90414], "texture": "#0"},
				"down": {"uv": [13.87503, 13.90414, 15.23043, 14.90414], "texture": "#0"}
			}
		},
		{
			"from": [0.125, 5.28018, 0],
			"to": [0.625, 5.78018, 0.375],
			"rotation": {"angle": 0, "axis": "y", "origin": [0.125, 0.29238, 0.125]},
			"faces": {
				"north": {"uv": [13.69138, 13.06886, 15.33897, 13.58527], "texture": "#0"},
				"east": {"uv": [13.69138, 13.06886, 15.33897, 13.58527], "texture": "#0"},
				"south": {"uv": [13.69138, 13.06886, 15.33897, 13.58527], "texture": "#0"},
				"west": {"uv": [13.69138, 13.06886, 15.33897, 13.58527], "texture": "#0"},
				"up": {"uv": [13.69138, 13.06886, 15.33897, 13.58527], "texture": "#0"},
				"down": {"uv": [13.69138, 13.06886, 15.33897, 13.58527], "texture": "#0"}
			}
		},
		{
			"from": [0.25, 5.15518, 0],
			"to": [0.5, 5.28018, 0.375],
			"rotation": {"angle": 0, "axis": "y", "origin": [0.0372, -0.38598, 0]},
			"faces": {
				"north": {"uv": [14.13361, 13.72644, 14.92527, 14.22246], "texture": "#0"},
				"east": {"uv": [14.13361, 13.72644, 14.92527, 14.22246], "texture": "#0"},
				"south": {"uv": [14.13361, 13.72644, 14.92527, 14.22246], "texture": "#0"},
				"west": {"uv": [14.98301, 3.36681, 15.24311, 10.68637], "texture": "#0"},
				"up": {"uv": [14.13361, 13.72644, 14.92527, 14.22246], "texture": "#0"},
				"down": {"uv": [14.13361, 13.72644, 14.92527, 14.22246], "texture": "#0"}
			}
		},
		{
			"from": [0.4875, 6.27744, 0],
			"to": [0.7375, 6.40244, 0.375],
			"rotation": {"angle": 0, "axis": "y", "origin": [0.2747, 0.73628, 0]},
			"faces": {
				"north": {"uv": [15.42282, 11.54949, 14.83796, 12.27423], "texture": "#0"},
				"east": {"uv": [14.98301, 10.39043, 15.30132, 10.68637], "texture": "#0"},
				"south": {"uv": [14.83796, 11.54949, 15.42282, 12.27423], "texture": "#0"},
				"west": {"uv": [14.50461, 11.76783, 14.45896, 11.8579], "texture": "#0"},
				"up": {"uv": [14.83796, 11.54949, 15.42282, 12.27423], "texture": "#0"},
				"down": {"uv": [14.83796, 11.54949, 15.42282, 12.27423], "texture": "#0"}
			}
		},
		{
			"from": [-0.0125, 6.27744, 0],
			"to": [0.2375, 6.40244, 0.375],
			"rotation": {"angle": 0, "axis": "y", "origin": [-0.2253, 0.73628, 0]},
			"faces": {
				"north": {"uv": [14.83796, 11.54949, 15.42282, 12.27423], "texture": "#0"},
				"east": {"uv": [14.50461, 11.76783, 14.45896, 11.8579], "texture": "#0"},
				"south": {"uv": [15.42282, 11.54949, 14.83796, 12.27423], "texture": "#0"},
				"west": {"uv": [14.98301, 9.85581, 15.36107, 10.68637], "texture": "#0"},
				"up": {"uv": [14.83796, 11.54949, 15.42282, 12.27423], "texture": "#0"},
				"down": {"uv": [14.83796, 11.54949, 15.42282, 12.27423], "texture": "#0"}
			}
		},
		{
			"from": [-0.0125, 5.77744, 0],
			"to": [0.7375, 5.90244, 0.375],
			"rotation": {"angle": 0, "axis": "y", "origin": [0.05488, -0.75183, 0]},
			"faces": {
				"north": {"uv": [13.73046, 12.88891, 15.46691, 13.18981], "texture": "#0"},
				"east": {"uv": [13.73046, 12.88891, 15.46691, 13.18981], "texture": "#0"},
				"south": {"uv": [13.73046, 12.88891, 15.46691, 13.18981], "texture": "#0"},
				"west": {"uv": [13.73046, 12.88891, 15.46691, 13.18981], "texture": "#0"},
				"up": {"uv": [13.73046, 12.88891, 15.46691, 13.18981], "texture": "#0"},
				"down": {"uv": [13.73046, 12.88891, 15.46691, 13.18981], "texture": "#0"}
			}
		},
		{
			"from": [-0.1375, 5.90244, 0],
			"to": [0.8625, 6.15244, 0.375],
			"rotation": {"angle": 0, "axis": "y", "origin": [0.05488, -0.75183, 0]},
			"faces": {
				"north": {"uv": [13.41633, 12.30429, 15.66127, 12.95019], "texture": "#0"},
				"east": {"uv": [15.01211, 10.95263, 15.24311, 10.68637], "texture": "#0"},
				"south": {"uv": [13.41633, 12.30429, 15.66127, 12.95019], "texture": "#0"},
				"west": {"uv": [14.98301, 9.85581, 15.36107, 10.68637], "texture": "#0"},
				"up": {"uv": [13.41633, 12.30429, 15.66127, 12.95019], "texture": "#0"},
				"down": {"uv": [13.41633, 12.30429, 15.66127, 12.95019], "texture": "#0"}
			}
		},
		{
			"from": [0.74268, 5.37744, 0.125],
			"to": [0.86768, 8.87744, 0.25],
			"rotation": {"angle": 0, "axis": "y", "origin": [-0.0378, -0.08841, 0.125]},
			"faces": {
				"north": {"uv": [15.24311, 3.36681, 14.98301, 10.68637], "texture": "#0"},
				"east": {"uv": [14.98301, 3.6931, 15.24311, 10.68637], "texture": "#0"},
				"south": {"uv": [14.98301, 3.36681, 15.24311, 10.68637], "texture": "#0"},
				"west": {"uv": [14.98301, 3.36681, 15.24311, 10.68637], "texture": "#0"},
				"up": {"uv": [14.98301, 3.36681, 15.24311, 10.68637], "texture": "#0"},
				"down": {"uv": [14.98301, 3.36681, 15.24311, 10.68637], "texture": "#0"}
			}
		},
		{
			"from": [-0.13537, 5.37744, 0.125],
			"to": [-0.01037, 8.87744, 0.25],
			"rotation": {"angle": 0, "axis": "y", "origin": [-0.0378, -0.08841, 0.125]},
			"faces": {
				"north": {"uv": [14.98301, 3.36681, 15.24311, 10.68637], "texture": "#0"},
				"east": {"uv": [14.98301, 3.36681, 15.24311, 10.68637], "texture": "#0"},
				"south": {"uv": [14.98301, 3.36681, 15.24311, 10.68637], "texture": "#0"},
				"west": {"uv": [14.98301, 3.54451, 15.24311, 10.68637], "texture": "#0"},
				"up": {"uv": [14.98301, 3.36681, 15.24311, 10.68637], "texture": "#0"},
				"down": {"uv": [14.98301, 3.36681, 15.24311, 10.68637], "texture": "#0"}
			}
		},
		{
			"from": [0.4875, 6.15244, 0],
			"to": [0.8625, 6.27744, 0.375],
			"rotation": {"angle": 0, "axis": "y", "origin": [0.4875, -0.01829, 0]},
			"faces": {
				"north": {"uv": [15.64432, 12.17684, 14.85112, 12.43694], "texture": "#0"},
				"east": {"uv": [14.98301, 8.93669, 15.3917, 10.68637], "texture": "#0"},
				"south": {"uv": [14.85112, 12.17684, 15.64432, 12.43694], "texture": "#0"},
				"west": {"uv": [14.50461, 11.76783, 14.45896, 11.8579], "texture": "#0"},
				"up": {"uv": [14.98301, 9.85581, 15.36107, 10.68637], "texture": "#0"},
				"down": {"uv": [15.64432, 12.17684, 14.85112, 12.43694], "texture": "#0"}
			}
		},
		{
			"from": [-0.1375, 6.15244, 0],
			"to": [0.2375, 6.27744, 0.375],
			"rotation": {"angle": 0, "axis": "y", "origin": [-0.1375, -0.01829, 0]},
			"faces": {
				"north": {"uv": [14.85112, 12.17684, 15.64432, 12.43694], "texture": "#0"},
				"east": {"uv": [14.50461, 11.76783, 14.45896, 11.8579], "texture": "#0"},
				"south": {"uv": [15.64432, 12.17684, 14.85112, 12.43694], "texture": "#0"},
				"west": {"uv": [14.98301, 9.85581, 15.36107, 10.68637], "texture": "#0"},
				"up": {"uv": [14.98301, 9.85581, 15.36107, 10.68637], "texture": "#0"},
				"down": {"uv": [14.85112, 12.17684, 15.64432, 12.43694], "texture": "#0"}
			}
		},
		{
			"from": [-0.0125, 6.40244, 0],
			"to": [0.7375, 7.40244, 0.375],
			"rotation": {"angle": 0, "axis": "y", "origin": [-0.0125, 0.01219, 0]},
			"faces": {
				"north": {"uv": [13.7252, 9.34912, 15.34369, 11.67314], "texture": "#0"},
				"east": {"uv": [14.98301, 6.98202, 15.09452, 10.68637], "texture": "#0"},
				"south": {"uv": [13.7252, 9.34912, 15.34369, 11.67314], "texture": "#0"},
				"west": {"uv": [14.98301, 9.85581, 15.36107, 10.68637], "texture": "#0"},
				"up": {"uv": [13.7252, 9.34912, 15.34369, 11.67314], "texture": "#0"},
				"down": {"uv": [14.50461, 11.76783, 14.45896, 11.8579], "texture": "#0"}
			}
		},
		{
			"from": [0.125, 7.4, 0],
			"to": [0.625, 10.65, 0.375],
			"rotation": {"angle": 0, "axis": "y", "origin": [0.125, -1.21982, 0]},
			"faces": {
				"north": {"uv": [14.02678, 2.32811, 15.11219, 9.41667], "texture": "#0"},
				"east": {"uv": [14.98301, 3.54451, 15.24311, 10.68637], "texture": "#0"},
				"south": {"uv": [14.02678, 2.32811, 15.11219, 9.41667], "texture": "#0"},
				"west": {"uv": [14.98301, 3.57361, 15.18337, 10.68637], "texture": "#0"},
				"up": {"uv": [15.01211, 10.95263, 15.24311, 10.68637], "texture": "#0"},
				"down": {"uv": [13.96704, 2.32811, 15.05244, 9.41667], "texture": "#0"}
			}
		},
		{
			"from": [0.24238, 10.65, 0],
			"to": [0.49238, 10.9, 0.375],
			"rotation": {"angle": 0, "axis": "y", "origin": [0.375, -0.00854, 0]},
			"faces": {
				"north": {"uv": [14.14732, 1.94253, 14.9522, 2.74741], "texture": "#0"},
				"east": {"uv": [14.98301, 3.36681, 15.24311, 10.68637], "texture": "#0"},
				"south": {"uv": [14.14732, 1.94253, 14.9522, 2.74741], "texture": "#0"},
				"west": {"uv": [14.14732, 1.94253, 14.9522, 2.74741], "texture": "#0"},
				"up": {"uv": [14.14732, 1.94253, 14.9522, 2.74741], "texture": "#0"},
				"down": {"uv": [14.14732, 1.94253, 14.9522, 2.74741], "texture": "#0"}
			}
		},
		{
			"from": [0.125, 10.65, 0.125],
			"to": [0.625, 11.65, 0.25],
			"rotation": {"angle": 0, "axis": "y", "origin": [0.125, -0.03293, 0]},
			"faces": {
				"north": {"uv": [14.14033, 1.02171, 14.96264, 2.85198], "texture": "#0"},
				"east": {"uv": [14.98301, 3.36681, 15.24311, 10.68637], "texture": "#0"},
				"south": {"uv": [14.14033, 1.02171, 14.96264, 2.85198], "texture": "#0"},
				"west": {"uv": [14.98301, 3.36681, 15.24311, 10.68637], "texture": "#0"},
				"up": {"uv": [14.11123, 1.02171, 14.96264, 2.85198], "texture": "#0"},
				"down": {"uv": [14.11123, 1.02171, 14.96264, 2.85198], "texture": "#0"}
			}
		},
		{
			"from": [0.24238, 11.65, 0.125],
			"to": [0.49238, 12.15, 0.25],
			"rotation": {"angle": 0, "axis": "y", "origin": [-0.0503, -0.80732, 0]},
			"faces": {
				"north": {"uv": [14.41428, 0.29651, 14.67438, 1.14792], "texture": "#0"},
				"east": {"uv": [14.98301, 3.36681, 15.24311, 10.68637], "texture": "#0"},
				"south": {"uv": [14.41428, 0.29651, 14.67438, 1.14792], "texture": "#0"},
				"west": {"uv": [14.41428, 0.29651, 14.67438, 1.14792], "texture": "#0"},
				"up": {"uv": [14.41428, 0.29651, 14.67438, 1.14792], "texture": "#0"},
				"down": {"uv": [14.41428, 0.29651, 14.67438, 1.14792], "texture": "#0"}
			}
		},
		{
			"from": [-0.38537, 5.90244, 0.125],
			"to": [-0.26037, 6.02744, 0.25],
			"rotation": {"angle": 0, "axis": "y", "origin": [0.10244, 0.02439, 0.125]},
			"faces": {
				"north": {"uv": [13.52455, 12.32629, 13.29508, 12.64461], "texture": "#0"},
				"east": {"uv": [13.52455, 12.32629, 13.29508, 12.64461], "texture": "#0"},
				"south": {"uv": [13.52455, 12.32629, 13.29508, 12.64461], "texture": "#0"},
				"west": {"uv": [13.52455, 12.32629, 13.29508, 12.64461], "texture": "#0"},
				"up": {"uv": [13.52455, 12.32629, 13.29508, 12.64461], "texture": "#0"},
				"down": {"uv": [13.52455, 12.32629, 13.29508, 12.64461], "texture": "#0"}
			}
		},
		{
			"from": [0.99268, 5.90244, 0.125],
			"to": [1.11768, 6.02744, 0.25],
			"rotation": {"angle": 0, "axis": "y", "origin": [1.48049, 0.02439, 0.125]},
			"faces": {
				"north": {"uv": [13.29508, 12.32629, 13.52455, 12.64461], "texture": "#0"},
				"east": {"uv": [13.29508, 12.32629, 13.52455, 12.64461], "texture": "#0"},
				"south": {"uv": [13.29508, 12.32629, 13.52455, 12.64461], "texture": "#0"},
				"west": {"uv": [13.29508, 12.32629, 13.52455, 12.64461], "texture": "#0"},
				"up": {"uv": [13.29508, 12.32629, 13.52455, 12.64461], "texture": "#0"},
				"down": {"uv": [13.29508, 12.32629, 13.52455, 12.64461], "texture": "#0"}
			}
		},
		{
			"from": [-0.26037, 5.77744, 0.125],
			"to": [-0.13537, 6.52744, 0.25],
			"rotation": {"angle": 0, "axis": "y", "origin": [0.53689, -0.7189, 0.02744]},
			"faces": {
				"north": {"uv": [15.35511, 10.69638, 15.49573, 11.69638], "texture": "#0"},
				"east": {"uv": [15.35511, 10.69638, 15.49573, 11.69638], "texture": "#0"},
				"south": {"uv": [15.35511, 10.69638, 15.49573, 11.69638], "texture": "#0"},
				"west": {"uv": [15.35511, 10.69638, 15.49573, 11.69638], "texture": "#0"},
				"up": {"uv": [15.35511, 10.69638, 15.49573, 11.69638], "texture": "#0"},
				"down": {"uv": [15.35511, 10.69638, 15.49573, 11.69638], "texture": "#0"}
			}
		},
		{
			"from": [0.86768, 5.77744, 0.125],
			"to": [0.99268, 6.52744, 0.25],
			"rotation": {"angle": 0, "axis": "y", "origin": [0.52744, -1.1189, 0.02744]},
			"faces": {
				"north": {"uv": [15.49573, 10.69638, 15.35511, 11.69638], "texture": "#0"},
				"east": {"uv": [15.49573, 10.69638, 15.35511, 11.69638], "texture": "#0"},
				"south": {"uv": [15.49573, 10.69638, 15.35511, 11.69638], "texture": "#0"},
				"west": {"uv": [15.49573, 10.69638, 15.35511, 11.69638], "texture": "#0"},
				"up": {"uv": [15.49573, 10.69638, 15.35511, 11.69638], "texture": "#0"},
				"down": {"uv": [15.49573, 10.69638, 15.35511, 11.69638], "texture": "#0"}
			}
		}
	],
	"display": {
		"thirdperson_righthand": {
			"rotation": [0, 90, 0],
			"translation": [28.25, 18.75, -27.25],
			"scale": [3.6, 3.6, 3.6]
		},
		"thirdperson_lefthand": {
			"rotation": [0, 90, 0],
			"translation": [27.75, 19, 27.45],
			"scale": [3.6, 3.6, 3.6]
		},
		"firstperson_righthand": {
			"rotation": [14, -89, 2],
			"translation": [-13, 3, 17],
			"scale": [10, 10, 10]
		},
		"firstperson_lefthand": {
			"rotation": [7, -81, -6],
			"translation": [-16.25, 15.25, -31.5],
			"scale": [3.53, 3.51, 3.45]
		},
		"ground": {
			"rotation": [180, 0, 0],
			"translation": [27.5, -2, -28.5],
			"scale": [3.6, 3.6, 3.6]
		},
		"gui": {
			"rotation": [0, 0, -45],
			"translation": [12, -7.25, 80],
			"scale": [1.8, 1.8, 1.8]
		},
		"fixed": {
			"rotation": [180, 0, 0],
			"translation": [30.5, -6.75, -33.25],
			"scale": [4, 4, 4]
		}
	},
	"groups": [
		{
			"name": "pommel",
			"origin": [0.5, 0.35823, 0.17378],
			"color": 0,
			"children": [0, 1, 2, 3, 4, 5, 6, 7, 8, 9, 10, 11]
		},
		12,
		{
			"name": "guard",
			"origin": [-0.5, -0.08567, 0.125],
			"color": 0,
			"children": [13, 14, 15, 16, 17, 18, 19, 20, 21, 22, 23, 24, 25, 26, 27, 28, 29, 30, 31, 32, 33, 34, 35, 36, 37, 38, 39, 40, 41, 42, 43, 44, 45, 46, 47, 48, 49, 50, 51]
		},
		{
			"name": "blade",
			"origin": [-0.0503, -0.80732, 0],
			"color": 0,
			"children": [52, 53, 54, 55, 56, 57, 58, 59, 60, 61, 62, 63, 64, 65, 66, 67, 68, 69, 70, 71, 72]
		}
	]
}