{
	"format_version": "1.21.6",
	"credit": "Created by pezpizza",
	"textures": {
		"1": "item/rings/aero_engagment_ring"
	},
	"elements": [
		{
			"from": [7, 2, 7],
			"to": [9, 3, 9],
			"light_emission": 8,
			"rotation": {"angle": 0, "axis": "y", "origin": [8, 2.5, 8]},
			"faces": {
				"north": {"uv": [0, 0, 1, 2], "rotation": 90, "texture": "#1"},
				"east": {"uv": [2, 1, 0, 2], "texture": "#1"},
				"south": {"uv": [1, 2, 2, 0], "rotation": 90, "texture": "#1"},
				"west": {"uv": [0, 0, 2, 1], "texture": "#1"},
				"up": {"uv": [0, 2, 2, 0], "rotation": 90, "texture": "#1"},
				"down": {"uv": [0, 0, 2, 2], "rotation": 270, "texture": "#1"}
			}
		},
		{
			"from": [7, 0, 8],
			"to": [7.5, 0.5, 8.5],
			"rotation": {"angle": 0, "axis": "y", "origin": [7, 0, 8]},
			"faces": {
				"north": {"uv": [0, 0, 0.5, 0.5], "texture": "#missing"},
				"east": {"uv": [0, 0, 0.5, 0.5], "texture": "#missing"},
				"south": {"uv": [12, 3, 13, 4], "texture": "#1"},
				"west": {"uv": [12, 3, 13, 4], "texture": "#1"},
				"up": {"uv": [0, 0, 0.5, 0.5], "texture": "#1"},
				"down": {"uv": [12, 3, 13, 4], "texture": "#1"}
			}
		},
		{
			"from": [8.5, 0.5, 8],
			"to": [9, 1, 8.5],
			"rotation": {"angle": 0, "axis": "y", "origin": [8.5, 0.5, 8]},
			"faces": {
				"north": {"uv": [0, 0, 0.5, 0.5], "texture": "#missing"},
				"east": {"uv": [15, 2, 16, 3], "texture": "#1"},
				"south": {"uv": [15, 2, 16, 3], "texture": "#1"},
				"west": {"uv": [15, 2, 16, 3], "texture": "#1"},
				"up": {"uv": [0, 0, 0.5, 0.5], "texture": "#1"},
				"down": {"uv": [0, 0, 0.5, 0.5], "texture": "#missing"}
			}
		},
		{
			"from": [8, 0, 7.5],
			"to": [8.5, 0.5, 8],
			"rotation": {"angle": 0, "axis": "y", "origin": [8, 0, 7.5]},
			"faces": {
				"north": {"uv": [14, 3, 15, 4], "texture": "#1"},
				"east": {"uv": [0, 0, 0.5, 0.5], "texture": "#missing"},
				"south": {"uv": [0, 0, 0.5, 0.5], "texture": "#1"},
				"west": {"uv": [0, 0, 0.5, 0.5], "texture": "#missing"},
				"up": {"uv": [14, 3, 15, 4], "texture": "#1"},
				"down": {"uv": [14, 3, 15, 4], "texture": "#1"}
			}
		},
		{
			"from": [8, 0, 8],
			"to": [8.5, 0.5, 8.5],
			"rotation": {"angle": 0, "axis": "y", "origin": [8, 0, 8]},
			"faces": {
				"north": {"uv": [0, 0, 0.5, 0.5], "texture": "#missing"},
				"east": {"uv": [0, 0, 0.5, 0.5], "texture": "#missing"},
				"south": {"uv": [14, 3, 15, 4], "texture": "#1"},
				"west": {"uv": [0, 0, 0.5, 0.5], "texture": "#missing"},
				"up": {"uv": [14, 3, 15, 4], "texture": "#1"},
				"down": {"uv": [0, 0, 0.5, 0.5], "texture": "#missing"}
			}
		},
		{
			"from": [8.5, 1, 8],
			"to": [9, 1.5, 8.5],
			"rotation": {"angle": 0, "axis": "y", "origin": [8.5, 1, 8]},
			"faces": {
				"north": {"uv": [0, 0, 0.5, 0.5], "texture": "#missing"},
				"east": {"uv": [15, 1, 16, 2], "texture": "#1"},
				"south": {"uv": [15, 1, 16, 2], "texture": "#1"},
				"west": {"uv": [15, 1, 16, 2], "texture": "#1"},
				"up": {"uv": [0, 0, 0.5, 0.5], "texture": "#1"},
				"down": {"uv": [0, 0, 0.5, 0.5], "texture": "#missing"}
			}
		},
		{
			"from": [8.5, 0.5, 7.5],
			"to": [9, 1, 8],
			"rotation": {"angle": 0, "axis": "y", "origin": [8.5, 0.5, 7.5]},
			"faces": {
				"north": {"uv": [15, 2, 16, 3], "texture": "#1"},
				"east": {"uv": [15, 2, 16, 3], "texture": "#1"},
				"south": {"uv": [0, 0, 0.5, 0.5], "texture": "#1"},
				"west": {"uv": [15, 2, 16, 3], "texture": "#1"},
				"up": {"uv": [0, 0, 0.5, 0.5], "texture": "#1"},
				"down": {"uv": [0, 0, 0.5, 0.5], "texture": "#missing"}
			}
		},
		{
			"from": [8.5, 1, 7.5],
			"to": [9, 1.5, 8],
			"rotation": {"angle": 0, "axis": "y", "origin": [8.5, 1, 7.5]},
			"faces": {
				"north": {"uv": [15, 1, 16, 2], "texture": "#1"},
				"east": {"uv": [15, 1, 16, 2], "texture": "#1"},
				"south": {"uv": [0, 0, 0.5, 0.5], "texture": "#1"},
				"west": {"uv": [15, 1, 16, 2], "texture": "#1"},
				"up": {"uv": [0, 0, 0.5, 0.5], "texture": "#1"},
				"down": {"uv": [0, 0, 0.5, 0.5], "texture": "#missing"}
			}
		},
		{
			"from": [8.5, 1.5, 8],
			"to": [9, 2, 8.5],
			"rotation": {"angle": 0, "axis": "y", "origin": [8.5, 1.5, 8]},
			"faces": {
				"north": {"uv": [0, 0, 0.5, 0.5], "texture": "#missing"},
				"east": {"uv": [15, 0, 16, 1], "texture": "#1"},
				"south": {"uv": [15, 0, 16, 1], "texture": "#1"},
				"west": {"uv": [0, 0, 0.5, 0.5], "texture": "#missing"},
				"up": {"uv": [15, 0, 16, 1], "texture": "#1"},
				"down": {"uv": [0, 0, 0.5, 0.5], "texture": "#missing"}
			}
		},
		{
			"from": [8.5, 1.5, 7.5],
			"to": [9, 2, 8],
			"rotation": {"angle": 0, "axis": "y", "origin": [8.5, 1.5, 7.5]},
			"faces": {
				"north": {"uv": [15, 0, 16, 1], "texture": "#1"},
				"east": {"uv": [15, 0, 16, 1], "texture": "#1"},
				"south": {"uv": [0, 0, 0.5, 0.5], "texture": "#1"},
				"west": {"uv": [0, 0, 0.5, 0.5], "texture": "#missing"},
				"up": {"uv": [15, 0, 16, 1], "texture": "#1"},
				"down": {"uv": [0, 0, 0.5, 0.5], "texture": "#missing"}
			}
		},
		{
			"from": [7, 0.5, 7.5],
			"to": [7.5, 1, 8],
			"rotation": {"angle": 0, "axis": "y", "origin": [7, 0.5, 7.5]},
			"faces": {
				"north": {"uv": [12, 2, 13, 3], "texture": "#1"},
				"east": {"uv": [12, 2, 13, 3], "texture": "#1"},
				"south": {"uv": [0, 0, 0.5, 0.5], "texture": "#1"},
				"west": {"uv": [12, 2, 13, 3], "texture": "#1"},
				"up": {"uv": [0, 0, 0.5, 0.5], "texture": "#1"},
				"down": {"uv": [0, 0, 0.5, 0.5], "texture": "#missing"}
			}
		},
		{
			"from": [7, 1, 7.5],
			"to": [7.5, 1.5, 8],
			"rotation": {"angle": 0, "axis": "y", "origin": [7, 1, 7.5]},
			"faces": {
				"north": {"uv": [12, 1, 13, 2], "texture": "#1"},
				"east": {"uv": [12, 1, 13, 2], "texture": "#1"},
				"south": {"uv": [0, 0, 0.5, 0.5], "texture": "#1"},
				"west": {"uv": [12, 1, 13, 2], "texture": "#1"},
				"up": {"uv": [0, 0, 0.5, 0.5], "texture": "#1"},
				"down": {"uv": [0, 0, 0.5, 0.5], "texture": "#missing"}
			}
		},
		{
			"from": [7, 1, 8],
			"to": [7.5, 1.5, 8.5],
			"rotation": {"angle": 0, "axis": "y", "origin": [7, 1, 8]},
			"faces": {
				"north": {"uv": [0, 0, 0.5, 0.5], "texture": "#missing"},
				"east": {"uv": [12, 1, 13, 2], "texture": "#1"},
				"south": {"uv": [12, 1, 13, 2], "texture": "#1"},
				"west": {"uv": [12, 1, 13, 2], "texture": "#1"},
				"up": {"uv": [0, 0, 0.5, 0.5], "texture": "#1"},
				"down": {"uv": [0, 0, 0.5, 0.5], "texture": "#missing"}
			}
		},
		{
			"from": [7, 0.5, 8],
			"to": [7.5, 1, 8.5],
			"rotation": {"angle": 0, "axis": "y", "origin": [7, 0.5, 8]},
			"faces": {
				"north": {"uv": [0, 0, 0.5, 0.5], "texture": "#missing"},
				"east": {"uv": [12, 2, 13, 3], "texture": "#1"},
				"south": {"uv": [12, 2, 13, 3], "texture": "#1"},
				"west": {"uv": [12, 2, 13, 3], "texture": "#1"},
				"up": {"uv": [0, 0, 0.5, 0.5], "texture": "#1"},
				"down": {"uv": [0, 0, 0.5, 0.5], "texture": "#missing"}
			}
		},
		{
			"from": [7, 1.5, 8],
			"to": [7.5, 2, 8.5],
			"rotation": {"angle": 0, "axis": "y", "origin": [7, 1.5, 8]},
			"faces": {
				"north": {"uv": [0, 0, 0.5, 0.5], "texture": "#missing"},
				"east": {"uv": [0, 0, 0.5, 0.5], "texture": "#missing"},
				"south": {"uv": [12, 0, 13, 1], "texture": "#1"},
				"west": {"uv": [12, 0, 13, 1], "texture": "#1"},
				"up": {"uv": [12, 0, 13, 1], "texture": "#1"},
				"down": {"uv": [0, 0, 0.5, 0.5], "texture": "#missing"}
			}
		},
		{
			"from": [7, 1.5, 7.5],
			"to": [7.5, 2, 8],
			"rotation": {"angle": 0, "axis": "y", "origin": [7, 1.5, 7.5]},
			"faces": {
				"north": {"uv": [12, 0, 13, 1], "texture": "#1"},
				"east": {"uv": [0, 0, 0.5, 0.5], "texture": "#missing"},
				"south": {"uv": [0, 0, 0.5, 0.5], "texture": "#1"},
				"west": {"uv": [12, 0, 13, 1], "texture": "#1"},
				"up": {"uv": [12, 0, 13, 1], "texture": "#1"},
				"down": {"uv": [0, 0, 0.5, 0.5], "texture": "#missing"}
			}
		},
		{
			"from": [8.5, 0, 8],
			"to": [9, 0.5, 8.5],
			"rotation": {"angle": 0, "axis": "y", "origin": [8.5, 0, 8]},
			"faces": {
				"north": {"uv": [0, 0, 0.5, 0.5], "texture": "#missing"},
				"east": {"uv": [15, 3, 16, 4], "texture": "#1"},
				"south": {"uv": [15, 3, 16, 4], "texture": "#1"},
				"west": {"uv": [0, 0, 0.5, 0.5], "texture": "#missing"},
				"up": {"uv": [0, 0, 0.5, 0.5], "texture": "#1"},
				"down": {"uv": [15, 3, 16, 4], "texture": "#1"}
			}
		},
		{
			"from": [8.5, 0, 7.5],
			"to": [9, 0.5, 8],
			"rotation": {"angle": 0, "axis": "y", "origin": [8.5, 0, 7.5]},
			"faces": {
				"north": {"uv": [15, 3, 16, 4], "texture": "#1"},
				"east": {"uv": [15, 3, 16, 4], "texture": "#1"},
				"south": {"uv": [0, 0, 0.5, 0.5], "texture": "#1"},
				"west": {"uv": [0, 0, 0.5, 0.5], "texture": "#missing"},
				"up": {"uv": [0, 0, 0.5, 0.5], "texture": "#1"},
				"down": {"uv": [15, 3, 16, 4], "texture": "#1"}
			}
		},
		{
			"from": [8, 0, 8],
			"to": [8.5, 0.5, 8.5],
			"rotation": {"angle": 0, "axis": "y", "origin": [8, 0, 8]},
			"faces": {
				"north": {"uv": [0, 0, 0.5, 0.5], "texture": "#missing"},
				"east": {"uv": [0, 0, 0.5, 0.5], "texture": "#missing"},
				"south": {"uv": [14, 3, 15, 4], "texture": "#1"},
				"west": {"uv": [0, 0, 0.5, 0.5], "texture": "#missing"},
				"up": {"uv": [14, 3, 15, 4], "texture": "#1"},
				"down": {"uv": [14, 3, 15, 4], "texture": "#1"}
			}
		},
		{
			"from": [8, 0, 8],
			"to": [8.5, 0.5, 8.5],
			"rotation": {"angle": 0, "axis": "y", "origin": [8, 0, 8]},
			"faces": {
				"north": {"uv": [0, 0, 0.5, 0.5], "texture": "#missing"},
				"east": {"uv": [0, 0, 0.5, 0.5], "texture": "#missing"},
				"south": {"uv": [14, 3, 15, 4], "texture": "#1"},
				"west": {"uv": [0, 0, 0.5, 0.5], "texture": "#missing"},
				"up": {"uv": [14, 3, 15, 4], "texture": "#1"},
				"down": {"uv": [0, 0, 0.5, 0.5], "texture": "#missing"}
			}
		},
		{
			"from": [8, 1.5, 7.5],
			"to": [8.5, 2, 8],
			"rotation": {"angle": 0, "axis": "y", "origin": [8, 1.5, 7.5]},
			"faces": {
				"north": {"uv": [14, 0, 15, 1], "texture": "#1"},
				"east": {"uv": [0, 0, 0.5, 0.5], "texture": "#missing"},
				"south": {"uv": [0, 0, 0.5, 0.5], "texture": "#1"},
				"west": {"uv": [0, 0, 0.5, 0.5], "texture": "#missing"},
				"up": {"uv": [14, 0, 15, 1], "texture": "#1"},
				"down": {"uv": [14, 0, 15, 1], "texture": "#1"}
			}
		},
		{
			"from": [7.5, 1.5, 7.5],
			"to": [8, 2, 8],
			"rotation": {"angle": 0, "axis": "y", "origin": [7.5, 1.5, 7.5]},
			"faces": {
				"north": {"uv": [13, 0, 14, 1], "texture": "#1"},
				"east": {"uv": [0, 0, 0.5, 0.5], "texture": "#missing"},
				"south": {"uv": [0, 0, 0.5, 0.5], "texture": "#1"},
				"west": {"uv": [0, 0, 0.5, 0.5], "texture": "#missing"},
				"up": {"uv": [13, 0, 14, 1], "texture": "#1"},
				"down": {"uv": [13, 0, 14, 1], "texture": "#1"}
			}
		},
		{
			"from": [7.5, 1.5, 8],
			"to": [8, 2, 8.5],
			"rotation": {"angle": 0, "axis": "y", "origin": [7.5, 1.5, 8]},
			"faces": {
				"north": {"uv": [0, 0, 0.5, 0.5], "texture": "#missing"},
				"east": {"uv": [0, 0, 0.5, 0.5], "texture": "#missing"},
				"south": {"uv": [13, 0, 14, 1], "texture": "#1"},
				"west": {"uv": [0, 0, 0.5, 0.5], "texture": "#missing"},
				"up": {"uv": [13, 0, 14, 1], "texture": "#1"},
				"down": {"uv": [13, 0, 14, 1], "texture": "#1"}
			}
		},
		{
			"from": [8, 1.5, 8],
			"to": [8.5, 2, 8.5],
			"rotation": {"angle": 0, "axis": "y", "origin": [8, 1.5, 8]},
			"faces": {
				"north": {"uv": [0, 0, 0.5, 0.5], "texture": "#missing"},
				"east": {"uv": [0, 0, 0.5, 0.5], "texture": "#missing"},
				"south": {"uv": [14, 0, 15, 1], "texture": "#1"},
				"west": {"uv": [0, 0, 0.5, 0.5], "texture": "#missing"},
				"up": {"uv": [14, 0, 15, 1], "texture": "#1"},
				"down": {"uv": [14, 0, 15, 1], "texture": "#1"}
			}
		},
		{
			"from": [7.5, 0, 7.5],
			"to": [8, 0.5, 8],
			"rotation": {"angle": 0, "axis": "y", "origin": [7.5, 0, 7.5]},
			"faces": {
				"north": {"uv": [13, 3, 14, 4], "texture": "#1"},
				"east": {"uv": [0, 0, 0.5, 0.5], "texture": "#missing"},
				"south": {"uv": [0, 0, 0.5, 0.5], "texture": "#1"},
				"west": {"uv": [0, 0, 0.5, 0.5], "texture": "#missing"},
				"up": {"uv": [13, 3, 14, 4], "texture": "#1"},
				"down": {"uv": [13, 3, 14, 4], "texture": "#1"}
			}
		},
		{
			"from": [7.5, 0, 8],
			"to": [8, 0.5, 8.5],
			"rotation": {"angle": 0, "axis": "y", "origin": [7.5, 0, 8]},
			"faces": {
				"north": {"uv": [0, 0, 0.5, 0.5], "texture": "#missing"},
				"east": {"uv": [0, 0, 0.5, 0.5], "texture": "#missing"},
				"south": {"uv": [13, 3, 14, 4], "texture": "#1"},
				"west": {"uv": [0, 0, 0.5, 0.5], "texture": "#missing"},
				"up": {"uv": [13, 3, 14, 4], "texture": "#1"},
				"down": {"uv": [13, 3, 14, 4], "texture": "#1"}
			}
		},
		{
			"from": [7, 0, 7.5],
			"to": [7.5, 0.5, 8],
			"rotation": {"angle": 0, "axis": "y", "origin": [7, 0, 7.5]},
			"faces": {
				"north": {"uv": [12, 3, 13, 4], "texture": "#1"},
				"east": {"uv": [0, 0, 0.5, 0.5], "texture": "#missing"},
				"south": {"uv": [0, 0, 0.5, 0.5], "texture": "#1"},
				"west": {"uv": [12, 3, 13, 4], "texture": "#1"},
				"up": {"uv": [0, 0, 0.5, 0.5], "texture": "#1"},
				"down": {"uv": [12, 3, 13, 4], "texture": "#1"}
			}
		}
	],
	"gui_light": "front",
	"display": {
		"thirdperson_righthand": {
			"rotation": [-180, 0, -90],
			"translation": [7.5, -1.55, 1.5],
			"scale": [0.85, 0.85, 0.85]
		},
		"thirdperson_lefthand": {
			"rotation": [-180, 0, -90],
			"translation": [7.5, -1.55, 1.5],
			"scale": [0.85, 0.85, 0.85]
		},
		"firstperson_righthand": {
			"rotation": [163, 13, 176],
			"translation": [0.63, 7.2, -0.37]
		},
		"firstperson_lefthand": {
			"rotation": [163, 13, 176],
			"translation": [0.63, 7.2, -0.37]
		},
		"ground": {
			"translation": [0, 5.25, 0]
		},
		"gui": {
			"rotation": [38, 24, -24],
			"translation": [7.5, 15.25, 2],
			"scale": [3, 3, 3]
		},
		"head": {
			"rotation": [-180, 0, -90],
			"translation": [20.75, -21, 1.5],
			"scale": [1.16, 1.16, 1.16]
		},
		"fixed": {
			"rotation": [-90, -90, 0],
			"translation": [0, 0, -16],
			"scale": [2, 2, 2]
		}
	}
}