{
	"format_version": "1.21.6",
	"credit": "Made By Leo and Ncat",
	"textures": {
		"0": "item/rings/leoncat",
		"particle": "item/rings/leoncat"
	},
	"elements": [
		{
			"name": "Base",
			"from": [7, 1, 7.25],
			"to": [7.2, 2, 8.25],
			"rotation": {"angle": 0, "axis": "y", "origin": [7.75, 1.5, 7.75]},
			"faces": {
				"north": {"uv": [3.5, 0, 2, 1], "texture": "#0"},
				"east": {"uv": [3.5, 3, 2, 4], "texture": "#0"},
				"south": {"uv": [3.5, 2, 2, 3], "texture": "#0"},
				"west": {"uv": [3.5, 1, 2, 2], "texture": "#0"},
				"up": {"uv": [0, 1.5, 1.5, 0], "texture": "#0"},
				"down": {"uv": [0, 2, 1.5, 3.5], "texture": "#0"}
			}
		},
		{
			"name": "Base",
			"from": [7.005, 0.9, 7.35],
			"to": [7.205, 2.1, 8.15],
			"rotation": {"angle": 0, "axis": "y", "origin": [7.75, 1.5, 7.75]},
			"faces": {
				"north": {"uv": [11.75, 15, 10.25, 16], "texture": "#0"},
				"east": {"uv": [1.5, 15, 0, 16], "texture": "#0"},
				"south": {"uv": [8.25, 15, 6.75, 16], "texture": "#0"},
				"west": {"uv": [6.25, 15, 4.75, 16], "texture": "#0"},
				"up": {"uv": [2.25, 16, 2.5875, 14.5], "texture": "#0"},
				"down": {"uv": [8.5, 14.5, 10, 16], "texture": "#0"}
			}
		},
		{
			"name": "Base",
			"from": [8.295, 0.9, 7.35],
			"to": [8.495, 2.1, 8.15],
			"rotation": {"angle": 0, "axis": "y", "origin": [7.75, 1.5, 7.75]},
			"faces": {
				"north": {"uv": [6.75, 15, 8.25, 16], "texture": "#0"},
				"east": {"uv": [4.75, 15, 6.25, 16], "texture": "#0"},
				"south": {"uv": [10.25, 15, 11.75, 16], "texture": "#0"},
				"west": {"uv": [0, 15, 1.5, 16], "texture": "#0"},
				"up": {"uv": [2.625, 16, 2.25, 14.5], "texture": "#0"},
				"down": {"uv": [10, 14.5, 8.5, 16], "texture": "#0"}
			}
		},
		{
			"name": "Base",
			"from": [8.3, 1, 7.25],
			"to": [8.5, 2, 8.25],
			"rotation": {"angle": 0, "axis": "y", "origin": [7.75, 1.5, 7.75]},
			"faces": {
				"north": {"uv": [2, 0, 3.5, 1], "texture": "#0"},
				"east": {"uv": [2, 1, 3.5, 2], "texture": "#0"},
				"south": {"uv": [2, 2, 3.5, 3], "texture": "#0"},
				"west": {"uv": [2, 3, 3.5, 4], "texture": "#0"},
				"up": {"uv": [1.5, 1.5, 0, 0], "texture": "#0"},
				"down": {"uv": [1.5, 2, 0, 3.5], "texture": "#0"}
			}
		},
		{
			"name": "Base",
			"from": [7.005, 1.09, 7],
			"to": [8.495, 1.91, 8.5],
			"rotation": {"angle": 0, "axis": "y", "origin": [7.75, 1.5, 7.75]},
			"faces": {
				"north": {"uv": [2, 0, 3.5, 1], "texture": "#0"},
				"east": {"uv": [2.0125, 3, 3.4875, 4], "texture": "#0"},
				"south": {"uv": [2, 2, 3.5, 3], "texture": "#0"},
				"west": {"uv": [2, 3, 3.5, 4], "texture": "#0"},
				"up": {"uv": [1.5, 1.5, 0, 0], "texture": "#0"},
				"down": {"uv": [1.5, 2, 0, 3.5], "texture": "#0"}
			}
		},
		{
			"from": [6.95, 1.1, 7.5],
			"to": [7.55, 1.2, 8],
			"rotation": {"angle": 0, "axis": "y", "origin": [7.75, 1.5, 7.75]},
			"faces": {
				"north": {"uv": [12, 12, 12.5, 12.25], "texture": "#0"},
				"east": {"uv": [0, 13, 0.5, 13.25], "texture": "#0"},
				"south": {"uv": [13, 0, 13.5, 0.25], "texture": "#0"},
				"west": {"uv": [1, 13, 1.5, 13.25], "texture": "#0"},
				"up": {"uv": [1.5, 12.5, 1, 12], "texture": "#0"},
				"down": {"uv": [2.5, 12, 2, 12.5], "texture": "#0"}
			}
		},
		{
			"from": [6.95, 1.2, 7.4],
			"to": [7.55, 1.6, 8.1],
			"rotation": {"angle": 0, "axis": "y", "origin": [7.75, 1.5, 7.75]},
			"faces": {
				"north": {"uv": [3, 12, 3.5, 12.5], "texture": "#0"},
				"east": {"uv": [8, 11, 8.75, 11.5], "texture": "#0"},
				"south": {"uv": [12, 3, 12.5, 3.5], "texture": "#0"},
				"west": {"uv": [9, 11, 9.75, 11.5], "texture": "#0"},
				"up": {"uv": [11.5, 9.75, 11, 9], "texture": "#0"},
				"down": {"uv": [10.5, 11, 10, 11.75], "texture": "#0"}
			}
		},
		{
			"from": [6.95, 1.6, 7.5],
			"to": [7.55, 1.8, 8],
			"rotation": {"angle": 0, "axis": "y", "origin": [7.75, 1.5, 7.75]},
			"faces": {
				"north": {"uv": [13, 1, 13.5, 1.25], "texture": "#0"},
				"east": {"uv": [2, 13, 2.5, 13.25], "texture": "#0"},
				"south": {"uv": [13, 2, 13.5, 2.25], "texture": "#0"},
				"west": {"uv": [3, 13, 3.5, 13.25], "texture": "#0"},
				"up": {"uv": [12.5, 4.5, 12, 4], "texture": "#0"},
				"down": {"uv": [12.5, 5, 12, 5.5], "texture": "#0"}
			}
		},
		{
			"from": [6.95, 1.8, 7.6],
			"to": [7.55, 1.9, 7.9],
			"rotation": {"angle": 0, "axis": "y", "origin": [7.75, 1.5, 7.75]},
			"faces": {
				"north": {"uv": [10, 12, 10.5, 12.25], "texture": "#0"},
				"east": {"uv": [13, 9, 13.25, 9.25], "texture": "#0"},
				"south": {"uv": [12, 10, 12.5, 10.25], "texture": "#0"},
				"west": {"uv": [10, 13, 10.25, 13.25], "texture": "#0"},
				"up": {"uv": [11.5, 12.25, 11, 12], "texture": "#0"},
				"down": {"uv": [12.5, 11, 12, 11.25], "texture": "#0"}
			}
		},
		{
			"from": [7.95, 1.1, 7.5],
			"to": [8.55, 1.2, 8],
			"rotation": {"angle": 0, "axis": "y", "origin": [7.75, 1.5, 7.75]},
			"faces": {
				"north": {"uv": [13, 3, 13.5, 3.25], "texture": "#0"},
				"east": {"uv": [4, 13, 4.5, 13.25], "texture": "#0"},
				"south": {"uv": [13, 4, 13.5, 4.25], "texture": "#0"},
				"west": {"uv": [5, 13, 5.5, 13.25], "texture": "#0"},
				"up": {"uv": [6.5, 12.5, 6, 12], "texture": "#0"},
				"down": {"uv": [12.5, 7, 12, 7.5], "texture": "#0"}
			}
		},
		{
			"from": [7.95, 1.2, 7.4],
			"to": [8.55, 1.6, 8.1],
			"rotation": {"angle": 0, "axis": "y", "origin": [7.75, 1.5, 7.75]},
			"faces": {
				"north": {"uv": [8, 12, 8.5, 12.5], "texture": "#0"},
				"east": {"uv": [11, 10, 11.75, 10.5], "texture": "#0"},
				"south": {"uv": [12, 8, 12.5, 8.5], "texture": "#0"},
				"west": {"uv": [11, 11, 11.75, 11.5], "texture": "#0"},
				"up": {"uv": [0.5, 12.75, 0, 12], "texture": "#0"},
				"down": {"uv": [12.5, 0, 12, 0.75], "texture": "#0"}
			}
		},
		{
			"from": [7.95, 1.6, 7.5],
			"to": [8.55, 1.8, 8],
			"rotation": {"angle": 0, "axis": "y", "origin": [7.75, 1.5, 7.75]},
			"faces": {
				"north": {"uv": [13, 5, 13.5, 5.25], "texture": "#0"},
				"east": {"uv": [6, 13, 6.5, 13.25], "texture": "#0"},
				"south": {"uv": [13, 6, 13.5, 6.25], "texture": "#0"},
				"west": {"uv": [7, 13, 7.5, 13.25], "texture": "#0"},
				"up": {"uv": [9.5, 12.5, 9, 12], "texture": "#0"},
				"down": {"uv": [12.5, 9, 12, 9.5], "texture": "#0"}
			}
		},
		{
			"from": [7.95, 1.8, 7.6],
			"to": [8.55, 1.9, 7.9],
			"rotation": {"angle": 0, "axis": "y", "origin": [7.75, 1.5, 7.75]},
			"faces": {
				"north": {"uv": [13, 7, 13.5, 7.25], "texture": "#0"},
				"east": {"uv": [13, 10, 13.25, 10.25], "texture": "#0"},
				"south": {"uv": [8, 13, 8.5, 13.25], "texture": "#0"},
				"west": {"uv": [11, 13, 11.25, 13.25], "texture": "#0"},
				"up": {"uv": [13.5, 8.25, 13, 8], "texture": "#0"},
				"down": {"uv": [9.5, 13, 9, 13.25], "texture": "#0"}
			}
		},
		{
			"from": [6.97, 1.79, 7.3],
			"to": [8.52, 1.89, 7.4],
			"rotation": {"angle": 0, "axis": "y", "origin": [7.75, 1.5, 7.75]},
			"faces": {
				"north": {"uv": [0, 4, 1.75, 4.25], "texture": "#0"},
				"east": {"uv": [13, 11, 13.25, 11.25], "texture": "#0"},
				"south": {"uv": [4, 0, 5.75, 0.25], "texture": "#0"},
				"west": {"uv": [12.25, 13, 12, 13.25], "texture": "#0"},
				"up": {"uv": [5.75, 1.25, 4, 1], "texture": "#0"},
				"down": {"uv": [3.75, 4, 2, 4.25], "texture": "#0"}
			}
		},
		{
			"from": [6.97, 1.6, 7.1],
			"to": [8.52, 1.7, 7.2],
			"rotation": {"angle": 0, "axis": "y", "origin": [7.75, 1.5, 7.75]},
			"faces": {
				"north": {"uv": [4, 2, 5.75, 2.25], "texture": "#0"},
				"east": {"uv": [13, 12, 13.25, 12.25], "texture": "#0"},
				"south": {"uv": [4, 3, 5.75, 3.25], "texture": "#0"},
				"west": {"uv": [13.25, 13, 13, 13.25], "texture": "#0"},
				"up": {"uv": [5.75, 4.25, 4, 4], "texture": "#0"},
				"down": {"uv": [1.75, 5, 0, 5.25], "texture": "#0"}
			}
		},
		{
			"from": [6.97, 1.3, 7.1],
			"to": [8.52, 1.4, 7.2],
			"rotation": {"angle": 0, "axis": "y", "origin": [7.75, 1.5, 7.75]},
			"faces": {
				"north": {"uv": [2, 5, 3.75, 5.25], "texture": "#0"},
				"east": {"uv": [0, 14, 0.25, 14.25], "texture": "#0"},
				"south": {"uv": [4, 5, 5.75, 5.25], "texture": "#0"},
				"west": {"uv": [14.25, 0, 14, 0.25], "texture": "#0"},
				"up": {"uv": [1.75, 6.25, 0, 6], "texture": "#0"},
				"down": {"uv": [7.75, 0, 6, 0.25], "texture": "#0"}
			}
		},
		{
			"from": [6.97, 1.11, 7.3],
			"to": [8.52, 1.21, 7.4],
			"rotation": {"angle": 0, "axis": "y", "origin": [7.75, 1.5, 7.75]},
			"faces": {
				"north": {"uv": [6, 1, 7.75, 1.25], "texture": "#0"},
				"east": {"uv": [1, 14, 1.25, 14.25], "texture": "#0"},
				"south": {"uv": [2, 6, 3.75, 6.25], "texture": "#0"},
				"west": {"uv": [14.25, 1, 14, 1.25], "texture": "#0"},
				"up": {"uv": [7.75, 2.25, 6, 2], "texture": "#0"},
				"down": {"uv": [7.75, 3, 6, 3.25], "texture": "#0"}
			}
		},
		{
			"from": [6.97, 1.11, 8.1],
			"to": [8.52, 1.21, 8.2],
			"rotation": {"angle": 0, "axis": "y", "origin": [7.75, 1.5, 7.75]},
			"faces": {
				"north": {"uv": [4, 6, 5.75, 6.25], "texture": "#0"},
				"east": {"uv": [2, 14, 2.25, 14.25], "texture": "#0"},
				"south": {"uv": [6, 4, 7.75, 4.25], "texture": "#0"},
				"west": {"uv": [14.25, 2, 14, 2.25], "texture": "#0"},
				"up": {"uv": [7.75, 5.25, 6, 5], "texture": "#0"},
				"down": {"uv": [7.75, 6, 6, 6.25], "texture": "#0"}
			}
		},
		{
			"from": [6.97, 1.3, 8.3],
			"to": [8.52, 1.4, 8.4],
			"rotation": {"angle": 0, "axis": "y", "origin": [7.75, 1.5, 7.75]},
			"faces": {
				"north": {"uv": [0, 7, 1.75, 7.25], "texture": "#0"},
				"east": {"uv": [3, 14, 3.25, 14.25], "texture": "#0"},
				"south": {"uv": [2, 7, 3.75, 7.25], "texture": "#0"},
				"west": {"uv": [14.25, 3, 14, 3.25], "texture": "#0"},
				"up": {"uv": [5.75, 7.25, 4, 7], "texture": "#0"},
				"down": {"uv": [7.75, 7, 6, 7.25], "texture": "#0"}
			}
		},
		{
			"from": [6.97, 1.6, 8.3],
			"to": [8.52, 1.7, 8.4],
			"rotation": {"angle": 0, "axis": "y", "origin": [7.75, 1.5, 7.75]},
			"faces": {
				"north": {"uv": [0, 8, 1.75, 8.25], "texture": "#0"},
				"east": {"uv": [4, 14, 4.25, 14.25], "texture": "#0"},
				"south": {"uv": [8, 0, 9.75, 0.25], "texture": "#0"},
				"west": {"uv": [14.25, 4, 14, 4.25], "texture": "#0"},
				"up": {"uv": [9.75, 1.25, 8, 1], "texture": "#0"},
				"down": {"uv": [3.75, 8, 2, 8.25], "texture": "#0"}
			}
		},
		{
			"from": [6.97, 1.79, 8.1],
			"to": [8.52, 1.89, 8.2],
			"rotation": {"angle": 0, "axis": "y", "origin": [7.75, 1.5, 7.75]},
			"faces": {
				"north": {"uv": [8, 2, 9.75, 2.25], "texture": "#0"},
				"east": {"uv": [5, 14, 5.25, 14.25], "texture": "#0"},
				"south": {"uv": [8, 3, 9.75, 3.25], "texture": "#0"},
				"west": {"uv": [14.25, 5, 14, 5.25], "texture": "#0"},
				"up": {"uv": [5.75, 8.25, 4, 8], "texture": "#0"},
				"down": {"uv": [9.75, 4, 8, 4.25], "texture": "#0"}
			}
		},
		{
			"from": [7.5, 1.55, 6.97],
			"to": [7.6, 1.65, 8.52],
			"rotation": {"angle": 0, "axis": "y", "origin": [7.75, 1.5, 7.75]},
			"faces": {
				"north": {"uv": [6, 14, 6.25, 14.25], "texture": "#0"},
				"east": {"uv": [8, 5, 9.75, 5.25], "texture": "#0"},
				"south": {"uv": [14, 6, 14.25, 6.25], "texture": "#0"},
				"west": {"uv": [6, 8, 7.75, 8.25], "texture": "#0"},
				"up": {"uv": [8.25, 7.75, 8, 6], "texture": "#0"},
				"down": {"uv": [8.25, 8, 8, 9.75], "texture": "#0"}
			}
		},
		{
			"from": [7.22, 1.55, 6.97],
			"to": [7.32, 1.65, 8.52],
			"rotation": {"angle": 0, "axis": "y", "origin": [7.75, 1.5, 7.75]},
			"faces": {
				"north": {"uv": [7, 14, 7.25, 14.25], "texture": "#0"},
				"east": {"uv": [0, 9, 1.75, 9.25], "texture": "#0"},
				"south": {"uv": [14, 7, 14.25, 7.25], "texture": "#0"},
				"west": {"uv": [2, 9, 3.75, 9.25], "texture": "#0"},
				"up": {"uv": [4.25, 10.75, 4, 9], "texture": "#0"},
				"down": {"uv": [5.25, 9, 5, 10.75], "texture": "#0"}
			}
		},
		{
			"from": [7.22, 1.35, 6.97],
			"to": [7.32, 1.45, 8.52],
			"rotation": {"angle": 0, "axis": "y", "origin": [7.75, 1.5, 7.75]},
			"faces": {
				"north": {"uv": [8, 14, 8.25, 14.25], "texture": "#0"},
				"east": {"uv": [6, 9, 7.75, 9.25], "texture": "#0"},
				"south": {"uv": [14, 8, 14.25, 8.25], "texture": "#0"},
				"west": {"uv": [9, 6, 10.75, 6.25], "texture": "#0"},
				"up": {"uv": [9.25, 8.75, 9, 7], "texture": "#0"},
				"down": {"uv": [9.25, 9, 9, 10.75], "texture": "#0"}
			}
		},
		{
			"from": [7.5, 1.35, 6.97],
			"to": [7.6, 1.45, 8.52],
			"rotation": {"angle": 0, "axis": "y", "origin": [7.75, 1.5, 7.75]},
			"faces": {
				"north": {"uv": [9, 14, 9.25, 14.25], "texture": "#0"},
				"east": {"uv": [0, 10, 1.75, 10.25], "texture": "#0"},
				"south": {"uv": [14, 9, 14.25, 9.25], "texture": "#0"},
				"west": {"uv": [10, 0, 11.75, 0.25], "texture": "#0"},
				"up": {"uv": [10.25, 2.75, 10, 1], "texture": "#0"},
				"down": {"uv": [2.25, 10, 2, 11.75], "texture": "#0"}
			}
		},
		{
			"from": [7.9, 1.35, 6.97],
			"to": [8, 1.45, 8.52],
			"rotation": {"angle": 0, "axis": "y", "origin": [7.75, 1.5, 7.75]},
			"faces": {
				"north": {"uv": [10, 14, 10.25, 14.25], "texture": "#0"},
				"east": {"uv": [10, 3, 11.75, 3.25], "texture": "#0"},
				"south": {"uv": [14, 10, 14.25, 10.25], "texture": "#0"},
				"west": {"uv": [10, 4, 11.75, 4.25], "texture": "#0"},
				"up": {"uv": [3.25, 11.75, 3, 10], "texture": "#0"},
				"down": {"uv": [6.25, 10, 6, 11.75], "texture": "#0"}
			}
		},
		{
			"from": [8.2, 1.35, 6.97],
			"to": [8.3, 1.45, 8.52],
			"rotation": {"angle": 0, "axis": "y", "origin": [7.75, 1.5, 7.75]},
			"faces": {
				"north": {"uv": [11, 14, 11.25, 14.25], "texture": "#0"},
				"east": {"uv": [10, 5, 11.75, 5.25], "texture": "#0"},
				"south": {"uv": [14, 11, 14.25, 11.25], "texture": "#0"},
				"west": {"uv": [7, 10, 8.75, 10.25], "texture": "#0"},
				"up": {"uv": [10.25, 8.75, 10, 7], "texture": "#0"},
				"down": {"uv": [10.25, 9, 10, 10.75], "texture": "#0"}
			}
		},
		{
			"from": [8.2, 1.55, 6.97],
			"to": [8.3, 1.65, 8.52],
			"rotation": {"angle": 0, "axis": "y", "origin": [7.75, 1.5, 7.75]},
			"faces": {
				"north": {"uv": [12, 14, 12.25, 14.25], "texture": "#0"},
				"east": {"uv": [0, 11, 1.75, 11.25], "texture": "#0"},
				"south": {"uv": [14, 12, 14.25, 12.25], "texture": "#0"},
				"west": {"uv": [11, 1, 12.75, 1.25], "texture": "#0"},
				"up": {"uv": [4.25, 12.75, 4, 11], "texture": "#0"},
				"down": {"uv": [5.25, 11, 5, 12.75], "texture": "#0"}
			}
		},
		{
			"from": [7.9, 1.55, 6.97],
			"to": [8, 1.65, 8.52],
			"rotation": {"angle": 0, "axis": "y", "origin": [7.75, 1.5, 7.75]},
			"faces": {
				"north": {"uv": [13, 14, 13.25, 14.25], "texture": "#0"},
				"east": {"uv": [11, 2, 12.75, 2.25], "texture": "#0"},
				"south": {"uv": [14, 13, 14.25, 13.25], "texture": "#0"},
				"west": {"uv": [11, 6, 12.75, 6.25], "texture": "#0"},
				"up": {"uv": [7.25, 12.75, 7, 11], "texture": "#0"},
				"down": {"uv": [11.25, 7, 11, 8.75], "texture": "#0"}
			}
		}
	],
	"display": {
		"thirdperson_righthand": {
			"rotation": [90, 0, 0],
			"translation": [2, -2.75, 7.5]
		},
		"thirdperson_lefthand": {
			"rotation": [90, 0, 0],
			"translation": [1.68, -2.75, 7.25]
		},
		"ground": {
			"translation": [0, 8.75, 0],
			"scale": [2, 2, 2]
		},
		"gui": {
			"rotation": [14, 80, 2],
			"translation": [1, 25, 0],
			"scale": [4, 4, 4]
		},
		"head": {
			"rotation": [0, 90, 0],
			"translation": [1, 34.25, -1],
			"scale": [4, 4, 4]
		},
		"fixed": {
			"rotation": [0, 90, 0],
			"translation": [1, 26, 1],
			"scale": [4, 4, 4]
		},
		"on_shelf": {
			"rotation": [0, 90, 0],
			"translation": [0, 80, 0.25],
			"scale": [4, 4, 4]
		}
	},
	"groups": [
		{
			"name": "Ring",
			"origin": [8, 1.5, 8],
			"color": 0,
			"children": [
				0,
				1,
				2,
				3,
				4,
				{
					"name": "Diamond1",
					"origin": [7.75, 1.5, 7.75],
					"color": 0,
					"children": [5, 6, 7, 8]
				},
				{
					"name": "Diamond2",
					"origin": [7.75, 1.5, 7.75],
					"color": 0,
					"children": [9, 10, 11, 12]
				},
				{
					"name": "DiamondStuds1",
					"origin": [7, 2.3, 8.3],
					"color": 0,
					"children": [13, 14, 15, 16, 17, 18, 19, 20]
				},
				{
					"name": "DiamondStuds2",
					"origin": [7.65, 1.5, 7.75],
					"color": 0,
					"children": [21, 22, 23, 24, 25, 26, 27, 28]
				}
			]
		}
	]
}