{
	"format_version": "1.21.6",
	"credit": "Made by Szombie",
	"texture_size": [32, 32],
	"textures": {
		"0": "item/weapons/netherite_axe/leviathan/leviathan",
		"1": "item/weapons/netherite_axe/leviathan/runes",
		"particle": "item/weapons/netherite_axe/leviathan/leviathan"
	},
	"elements": [
		{
			"from": [1.625, 7.375, 7.748],
			"to": [16.625, 18.625, 7.748],
			"faces": {
				"north": {"uv": [0, 0, 7.5, 5.625], "texture": "#1"},
				"east": {"uv": [0, 0, 0, 5.625], "texture": "#1"},
				"south": {"uv": [0, 6, 7.5, 11.625], "texture": "#1"},
				"west": {"uv": [0, 0, 0, 5.625], "texture": "#1"},
				"up": {"uv": [7.5, 0, 0, 0], "texture": "#1"},
				"down": {"uv": [7.5, 0, 0, 0], "texture": "#1"}
			}
		},
		{
			"from": [1.625, 7.375, 8.252],
			"to": [16.625, 18.625, 8.252],
			"faces": {
				"north": {"uv": [7.5, 0, 15, 5.625], "texture": "#1"},
				"east": {"uv": [0, 0, 0, 5.625], "texture": "#1"},
				"south": {"uv": [7.5, 6, 15, 11.625], "texture": "#1"},
				"west": {"uv": [0, 0, 0, 5.625], "texture": "#1"},
				"up": {"uv": [7.5, 0, 0, 0], "texture": "#1"},
				"down": {"uv": [7.5, 0, 0, 0], "texture": "#1"}
			}
		},
		{
			"from": [7.25, 17.25, 7],
			"to": [7.25, 19.25, 9],
			"faces": {
				"north": {"uv": [0, 0, 0, 0.5], "texture": "#0"},
				"east": {"uv": [4.5, 9, 5, 9.5], "texture": "#0"},
				"south": {"uv": [0, 0, 0, 0.5], "texture": "#0"},
				"west": {"uv": [5, 9, 5.5, 9.5], "texture": "#0"},
				"up": {"uv": [0, 0.5, 0, 0], "texture": "#0"},
				"down": {"uv": [0, 0, 0, 0.5], "texture": "#0"}
			}
		},
		{
			"from": [6.25, 17.25, 8],
			"to": [8.25, 19.25, 8],
			"rotation": {"angle": 0, "axis": "y", "origin": [7.25, 18.25, 8]},
			"faces": {
				"north": {"uv": [5.5, 9, 6, 9.5], "texture": "#0"},
				"east": {"uv": [0, 0, 0, 0.5], "texture": "#0"},
				"south": {"uv": [6, 9, 6.5, 9.5], "texture": "#0"},
				"west": {"uv": [0, 0, 0, 0.5], "texture": "#0"},
				"up": {"uv": [0.5, 0, 0, 0], "texture": "#0"},
				"down": {"uv": [0.5, 0, 0, 0], "texture": "#0"}
			}
		},
		{
			"from": [1.625, 7.375, 7.749],
			"to": [16.625, 18.625, 7.749],
			"faces": {
				"north": {"uv": [0, 6, 3.75, 8.8125], "texture": "#0"},
				"east": {"uv": [0, 0, 0, 2.8125], "texture": "#0"},
				"south": {"uv": [3.75, 6, 7.5, 8.8125], "texture": "#0"},
				"west": {"uv": [0, 0, 0, 2.8125], "texture": "#0"},
				"up": {"uv": [3.75, 0, 0, 0], "texture": "#0"},
				"down": {"uv": [3.75, 0, 0, 0], "texture": "#0"}
			}
		},
		{
			"from": [1.625, 7.375, 8.251],
			"to": [16.625, 18.625, 8.251],
			"faces": {
				"north": {"uv": [7.5, 0, 11.25, 2.8125], "texture": "#0"},
				"east": {"uv": [0, 0, 0, 2.8125], "texture": "#0"},
				"south": {"uv": [7.5, 3, 11.25, 5.8125], "texture": "#0"},
				"west": {"uv": [0, 0, 0, 2.8125], "texture": "#0"},
				"up": {"uv": [3.75, 0, 0, 0], "texture": "#0"},
				"down": {"uv": [3.75, 0, 0, 0], "texture": "#0"}
			}
		},
		{
			"name": "0",
			"from": [5.44922, 16, 7.75],
			"to": [6.1875, 16.25, 8.25],
			"rotation": {"angle": 0, "axis": "z", "origin": [10.5, 15.5, 7.6875]},
			"faces": {
				"north": {"uv": [11.25, 3.25, 11.4375, 3.3125], "texture": "#0"},
				"east": {"uv": [7.75, 11.25, 7.875, 11.3125], "texture": "#0"},
				"south": {"uv": [3.5, 11.25, 3.6875, 11.3125], "texture": "#0"},
				"west": {"uv": [11.25, 7.75, 11.375, 7.8125], "texture": "#0"},
				"up": {"uv": [0.6875, 11.125, 0.5, 11], "texture": "#0"},
				"down": {"uv": [2.9375, 11, 2.75, 11.125], "texture": "#0"}
			}
		},
		{
			"name": "22.5",
			"from": [4.79396, 15.82229, 7.75],
			"to": [5.53615, 16.07229, 8.25],
			"rotation": {"angle": 22.5, "axis": "z", "origin": [5.04396, 15.94729, 8]},
			"faces": {
				"north": {"uv": [11.25, 3.5, 11.4375, 3.5625], "texture": "#0"},
				"east": {"uv": [11.25, 8, 11.375, 8.0625], "texture": "#0"},
				"south": {"uv": [3.75, 11.25, 3.9375, 11.3125], "texture": "#0"},
				"west": {"uv": [8.25, 11.25, 8.375, 11.3125], "texture": "#0"},
				"up": {"uv": [3.1875, 11.125, 3, 11], "texture": "#0"},
				"down": {"uv": [3.4375, 11, 3.25, 11.125], "texture": "#0"}
			}
		},
		{
			"name": "-45",
			"from": [4.18305, 15.81177, 7.75],
			"to": [4.43305, 16.31177, 8.25],
			"rotation": {"angle": -45, "axis": "z", "origin": [4.05805, 15.43677, 8]},
			"faces": {
				"north": {"uv": [11.25, 8.25, 11.3125, 8.375], "texture": "#0"},
				"east": {"uv": [11, 11, 11.125, 11.125], "texture": "#0"},
				"south": {"uv": [8.5, 11.25, 8.5625, 11.375], "texture": "#0"},
				"west": {"uv": [11.25, 0, 11.375, 0.125], "texture": "#0"},
				"up": {"uv": [11.3125, 8.625, 11.25, 8.5], "texture": "#0"},
				"down": {"uv": [11.3125, 8.75, 11.25, 8.875], "texture": "#0"}
			}
		},
		{
			"name": "-22.5",
			"from": [4.27761, 15.43993, 7.75],
			"to": [4.52761, 15.68993, 8.25],
			"rotation": {"angle": -22.5, "axis": "z", "origin": [4.15261, 15.31493, 8]},
			"faces": {
				"north": {"uv": [11.75, 1.75, 11.8125, 1.8125], "texture": "#0"},
				"east": {"uv": [9, 11.25, 9.125, 11.3125], "texture": "#0"},
				"south": {"uv": [2, 11.75, 2.0625, 11.8125], "texture": "#0"},
				"west": {"uv": [11.25, 9, 11.375, 9.0625], "texture": "#0"},
				"up": {"uv": [11.3125, 9.375, 11.25, 9.25], "texture": "#0"},
				"down": {"uv": [9.5625, 11.25, 9.5, 11.375], "texture": "#0"}
			}
		},
		{
			"name": "0",
			"from": [4.31593, 14.88258, 7.75],
			"to": [4.56593, 15.38258, 8.25],
			"rotation": {"angle": 0, "axis": "z", "origin": [4.19093, 14.75758, 8]},
			"faces": {
				"north": {"uv": [11.25, 9.5, 11.3125, 9.625], "texture": "#0"},
				"east": {"uv": [11.25, 0.25, 11.375, 0.375], "texture": "#0"},
				"south": {"uv": [9.75, 11.25, 9.8125, 11.375], "texture": "#0"},
				"west": {"uv": [0.5, 11.25, 0.625, 11.375], "texture": "#0"},
				"up": {"uv": [10.0625, 11.375, 10, 11.25], "texture": "#0"},
				"down": {"uv": [10.3125, 11.25, 10.25, 11.375], "texture": "#0"}
			}
		},
		{
			"name": "-22.5",
			"from": [3.66056, 15.23672, 7.75],
			"to": [4.53556, 15.48672, 8.25],
			"rotation": {"angle": -22.5, "axis": "z", "origin": [3.53556, 15.61172, 8]},
			"faces": {
				"north": {"uv": [11.25, 2.75, 11.46875, 2.8125], "texture": "#0"},
				"east": {"uv": [10.5, 11.25, 10.625, 11.3125], "texture": "#0"},
				"south": {"uv": [3, 11.25, 3.21875, 11.3125], "texture": "#0"},
				"west": {"uv": [11.25, 10.5, 11.375, 10.5625], "texture": "#0"},
				"up": {"uv": [10.96875, 10.125, 10.75, 10], "texture": "#0"},
				"down": {"uv": [10.96875, 10.25, 10.75, 10.375], "texture": "#0"}
			}
		},
		{
			"name": "45",
			"from": [1.8951, 14.8602, 7.75],
			"to": [2.1451, 16.8602, 8.25],
			"rotation": {"angle": 45, "axis": "z", "origin": [2.2701, 16.9852, 8]},
			"faces": {
				"north": {"uv": [3.75, 10.75, 3.8125, 11.25], "texture": "#0"},
				"east": {"uv": [6, 10.25, 6.125, 10.75], "texture": "#0"},
				"south": {"uv": [10.75, 6.5, 10.8125, 7], "texture": "#0"},
				"west": {"uv": [6.25, 10.25, 6.375, 10.75], "texture": "#0"},
				"up": {"uv": [10.8125, 11.375, 10.75, 11.25], "texture": "#0"},
				"down": {"uv": [11.0625, 11.25, 11, 11.375], "texture": "#0"}
			}
		},
		{
			"name": "22.5",
			"from": [1.63426, 16.68951, 7.75],
			"to": [1.88426, 17.68951, 8.25],
			"rotation": {"angle": 22.5, "axis": "z", "origin": [2.00926, 17.81451, 8]},
			"faces": {
				"north": {"uv": [11.25, 0.5, 11.3125, 0.75], "texture": "#0"},
				"east": {"uv": [6.75, 10.75, 6.875, 11], "texture": "#0"},
				"south": {"uv": [0.75, 11.25, 0.8125, 11.5], "texture": "#0"},
				"west": {"uv": [7, 10.75, 7.125, 11], "texture": "#0"},
				"up": {"uv": [11.3125, 11.125, 11.25, 11], "texture": "#0"},
				"down": {"uv": [11.3125, 11.25, 11.25, 11.375], "texture": "#0"}
			}
		},
		{
			"name": "-22.5",
			"from": [1.72041, 17.60466, 7.75],
			"to": [2.84541, 17.85466, 8.25],
			"rotation": {"angle": -22.5, "axis": "z", "origin": [2.22041, 17.72966, 8]},
			"faces": {
				"north": {"uv": [11, 10, 11.28125, 10.0625], "texture": "#0"},
				"east": {"uv": [0, 11.5, 0.125, 11.5625], "texture": "#0"},
				"south": {"uv": [11, 10.25, 11.28125, 10.3125], "texture": "#0"},
				"west": {"uv": [11.5, 0, 11.625, 0.0625], "texture": "#0"},
				"up": {"uv": [3.53125, 10.875, 3.25, 10.75], "texture": "#0"},
				"down": {"uv": [5.28125, 10.75, 5, 10.875], "texture": "#0"}
			}
		},
		{
			"name": "0",
			"from": [1.71064, 17.55552, 7.75],
			"to": [1.96064, 17.80552, 8.25],
			"rotation": {"angle": 0, "axis": "z", "origin": [2.08564, 17.93052, 8]},
			"faces": {
				"north": {"uv": [11.75, 2, 11.8125, 2.0625], "texture": "#0"},
				"east": {"uv": [0.25, 11.5, 0.375, 11.5625], "texture": "#0"},
				"south": {"uv": [2.25, 11.75, 2.3125, 11.8125], "texture": "#0"},
				"west": {"uv": [11.5, 0.25, 11.625, 0.3125], "texture": "#0"},
				"up": {"uv": [0.5625, 11.625, 0.5, 11.5], "texture": "#0"},
				"down": {"uv": [11.5625, 0.5, 11.5, 0.625], "texture": "#0"}
			}
		},
		{
			"name": "0",
			"from": [2.75, 17.375, 7.75],
			"to": [6.25, 17.625, 8.25],
			"faces": {
				"north": {"uv": [9.75, 10.25, 10.625, 10.3125], "texture": "#0"},
				"east": {"uv": [0.75, 11.5, 0.875, 11.5625], "texture": "#0"},
				"south": {"uv": [0, 10.5, 0.875, 10.5625], "texture": "#0"},
				"west": {"uv": [11.5, 0.75, 11.625, 0.8125], "texture": "#0"},
				"up": {"uv": [10.625, 6.625, 9.75, 6.5], "texture": "#0"},
				"down": {"uv": [10.625, 6.75, 9.75, 6.875], "texture": "#0"}
			}
		},
		{
			"name": "0",
			"from": [8.3125, 17.375, 7.75],
			"to": [12.875, 17.625, 8.25],
			"faces": {
				"north": {"uv": [10.25, 7, 11.40625, 7.0625], "texture": "#0"},
				"east": {"uv": [1, 11.5, 1.125, 11.5625], "texture": "#0"},
				"south": {"uv": [10.25, 7.25, 11.40625, 7.3125], "texture": "#0"},
				"west": {"uv": [11.5, 1, 11.625, 1.0625], "texture": "#0"},
				"up": {"uv": [9.65625, 9.625, 8.5, 9.5], "texture": "#0"},
				"down": {"uv": [10.65625, 9, 9.5, 9.125], "texture": "#0"}
			}
		},
		{
			"name": "22.5",
			"from": [12.79862, 17.50899, 7.75],
			"to": [15.39628, 17.75899, 8.25],
			"rotation": {"angle": 22.5, "axis": "z", "origin": [13.17362, 17.63399, 8]},
			"faces": {
				"north": {"uv": [10.5, 10.5, 11.15625, 10.5625], "texture": "#0"},
				"east": {"uv": [1.25, 11.5, 1.375, 11.5625], "texture": "#0"},
				"south": {"uv": [0, 10.75, 0.65625, 10.8125], "texture": "#0"},
				"west": {"uv": [11.5, 1.25, 11.625, 1.3125], "texture": "#0"},
				"up": {"uv": [3.65625, 10.375, 3, 10.25], "texture": "#0"},
				"down": {"uv": [4.40625, 10.25, 3.75, 10.375], "texture": "#0"}
			}
		},
		{
			"name": "0",
			"from": [15.17468, 18.34868, 7.75],
			"to": [16.32311, 18.59868, 8.25],
			"rotation": {"angle": 0, "axis": "z", "origin": [15.44812, 18.47368, 8]},
			"faces": {
				"north": {"uv": [10.5, 11, 10.78125, 11.0625], "texture": "#0"},
				"east": {"uv": [1.5, 11.5, 1.625, 11.5625], "texture": "#0"},
				"south": {"uv": [11, 10.75, 11.28125, 10.8125], "texture": "#0"},
				"west": {"uv": [11.5, 1.5, 11.625, 1.5625], "texture": "#0"},
				"up": {"uv": [5.78125, 10.875, 5.5, 10.75], "texture": "#0"},
				"down": {"uv": [6.28125, 10.75, 6, 10.875], "texture": "#0"}
			}
		},
		{
			"name": "-22.5",
			"from": [16.28479, 18.40603, 7.75],
			"to": [17.03479, 18.65603, 8.25],
			"rotation": {"angle": -22.5, "axis": "z", "origin": [16.15979, 18.53103, 8]},
			"faces": {
				"north": {"uv": [11.25, 3.75, 11.4375, 3.8125], "texture": "#0"},
				"east": {"uv": [1.75, 11.5, 1.875, 11.5625], "texture": "#0"},
				"south": {"uv": [11.25, 4, 11.4375, 4.0625], "texture": "#0"},
				"west": {"uv": [11.5, 1.75, 11.625, 1.8125], "texture": "#0"},
				"up": {"uv": [3.6875, 11.125, 3.5, 11], "texture": "#0"},
				"down": {"uv": [5.1875, 11, 5, 11.125], "texture": "#0"}
			}
		},
		{
			"name": "0",
			"from": [16.17034, 18.0807, 7.75],
			"to": [16.92034, 18.3307, 8.25],
			"rotation": {"angle": 0, "axis": "z", "origin": [16.04534, 18.2057, 8]},
			"faces": {
				"north": {"uv": [11.25, 4.25, 11.4375, 4.3125], "texture": "#0"},
				"east": {"uv": [2, 11.5, 2.125, 11.5625], "texture": "#0"},
				"south": {"uv": [11.25, 4.5, 11.4375, 4.5625], "texture": "#0"},
				"west": {"uv": [11.5, 2, 11.625, 2.0625], "texture": "#0"},
				"up": {"uv": [5.4375, 11.125, 5.25, 11], "texture": "#0"},
				"down": {"uv": [5.6875, 11, 5.5, 11.125], "texture": "#0"}
			}
		},
		{
			"name": "22.5",
			"from": [15.99673, 17.94671, 7.75],
			"to": [16.24673, 18.19671, 8.25],
			"rotation": {"angle": 22.5, "axis": "z", "origin": [15.87173, 18.07171, 8]},
			"faces": {
				"north": {"uv": [11.75, 2.25, 11.8125, 2.3125], "texture": "#0"},
				"east": {"uv": [2.25, 11.5, 2.375, 11.5625], "texture": "#0"},
				"south": {"uv": [2.5, 11.75, 2.5625, 11.8125], "texture": "#0"},
				"west": {"uv": [11.5, 2.25, 11.625, 2.3125], "texture": "#0"},
				"up": {"uv": [2.5625, 11.625, 2.5, 11.5], "texture": "#0"},
				"down": {"uv": [11.5625, 2.5, 11.5, 2.625], "texture": "#0"}
			}
		},
		{
			"name": "45",
			"from": [15.8876, 17.75648, 7.75],
			"to": [16.1376, 18.00648, 8.25],
			"rotation": {"angle": 45, "axis": "z", "origin": [15.7626, 17.88148, 8]},
			"faces": {
				"north": {"uv": [11.75, 2.5, 11.8125, 2.5625], "texture": "#0"},
				"east": {"uv": [2.75, 11.5, 2.875, 11.5625], "texture": "#0"},
				"south": {"uv": [2.75, 11.75, 2.8125, 11.8125], "texture": "#0"},
				"west": {"uv": [11.5, 2.75, 11.625, 2.8125], "texture": "#0"},
				"up": {"uv": [3.0625, 11.625, 3, 11.5], "texture": "#0"},
				"down": {"uv": [11.5625, 3, 11.5, 3.125], "texture": "#0"}
			}
		},
		{
			"name": "-22.5",
			"from": [15.70525, 17.51993, 7.75],
			"to": [15.95525, 18.01993, 8.25],
			"rotation": {"angle": -22.5, "axis": "z", "origin": [15.83025, 17.89493, 8]},
			"faces": {
				"north": {"uv": [3.25, 11.5, 3.3125, 11.625], "texture": "#0"},
				"east": {"uv": [11.25, 0.75, 11.375, 0.875], "texture": "#0"},
				"south": {"uv": [11.5, 3.25, 11.5625, 3.375], "texture": "#0"},
				"west": {"uv": [11.25, 1, 11.375, 1.125], "texture": "#0"},
				"up": {"uv": [3.5625, 11.625, 3.5, 11.5], "texture": "#0"},
				"down": {"uv": [11.5625, 3.5, 11.5, 3.625], "texture": "#0"}
			}
		},
		{
			"name": "0",
			"from": [15.57126, 16.97131, 7.75],
			"to": [15.82126, 17.59631, 8.25],
			"rotation": {"angle": 0, "axis": "z", "origin": [15.69626, 17.34631, 8]},
			"faces": {
				"north": {"uv": [11.25, 6.75, 11.3125, 6.90625], "texture": "#0"},
				"east": {"uv": [9, 11, 9.125, 11.15625], "texture": "#0"},
				"south": {"uv": [7.25, 11.25, 7.3125, 11.40625], "texture": "#0"},
				"west": {"uv": [11, 9, 11.125, 9.15625], "texture": "#0"},
				"up": {"uv": [3.8125, 11.625, 3.75, 11.5], "texture": "#0"},
				"down": {"uv": [11.5625, 3.75, 11.5, 3.875], "texture": "#0"}
			}
		},
		{
			"name": "22.5",
			"from": [15.75308, 16.18221, 7.75],
			"to": [16.00308, 17.05721, 8.25],
			"rotation": {"angle": 22.5, "axis": "z", "origin": [15.87808, 16.55721, 8]},
			"faces": {
				"north": {"uv": [11.25, 3, 11.3125, 3.21875], "texture": "#0"},
				"east": {"uv": [10.5, 10.75, 10.625, 10.96875], "texture": "#0"},
				"south": {"uv": [3.25, 11.25, 3.3125, 11.46875], "texture": "#0"},
				"west": {"uv": [10.75, 10.75, 10.875, 10.96875], "texture": "#0"},
				"up": {"uv": [4.0625, 11.625, 4, 11.5], "texture": "#0"},
				"down": {"uv": [11.5625, 4, 11.5, 4.125], "texture": "#0"}
			}
		},
		{
			"name": "45",
			"from": [15.9035, 14.1692, 7.75],
			"to": [16.1535, 14.9192, 8.25],
			"rotation": {"angle": 45, "axis": "z", "origin": [14.4035, 15.5442, 8]},
			"faces": {
				"north": {"uv": [11.25, 4.75, 11.3125, 4.9375], "texture": "#0"},
				"east": {"uv": [5.75, 11, 5.875, 11.1875], "texture": "#0"},
				"south": {"uv": [5, 11.25, 5.0625, 11.4375], "texture": "#0"},
				"west": {"uv": [6, 11, 6.125, 11.1875], "texture": "#0"},
				"up": {"uv": [4.3125, 11.625, 4.25, 11.5], "texture": "#0"},
				"down": {"uv": [11.5625, 4.25, 11.5, 4.375], "texture": "#0"}
			}
		},
		{
			"name": "0",
			"from": [16.36321, 14.55937, 7.75],
			"to": [16.61321, 15.80937, 8.25],
			"rotation": {"angle": 0, "axis": "z", "origin": [14.86321, 16.93437, 8]},
			"faces": {
				"north": {"uv": [9.25, 11, 9.3125, 11.3125], "texture": "#0"},
				"east": {"uv": [0.75, 10.75, 0.875, 11.0625], "texture": "#0"},
				"south": {"uv": [11, 9.25, 11.0625, 9.5625], "texture": "#0"},
				"west": {"uv": [2, 10.75, 2.125, 11.0625], "texture": "#0"},
				"up": {"uv": [4.5625, 11.625, 4.5, 11.5], "texture": "#0"},
				"down": {"uv": [11.5625, 4.5, 11.5, 4.625], "texture": "#0"}
			}
		},
		{
			"name": "-22.5",
			"from": [15.46385, 9.78799, 7.75],
			"to": [15.71385, 14.78799, 8.25],
			"rotation": {"angle": -22.5, "axis": "z", "origin": [15.58885, 12.41299, 8]},
			"faces": {
				"north": {"uv": [4.5, 10.25, 4.5625, 11.5], "texture": "#0"},
				"east": {"uv": [9.5, 7.75, 9.625, 9], "texture": "#0"},
				"south": {"uv": [4.75, 10.25, 4.8125, 11.5], "texture": "#0"},
				"west": {"uv": [8.25, 9.5, 8.375, 10.75], "texture": "#0"},
				"up": {"uv": [4.8125, 11.625, 4.75, 11.5], "texture": "#0"},
				"down": {"uv": [11.5625, 4.75, 11.5, 4.875], "texture": "#0"}
			}
		},
		{
			"name": "45",
			"from": [12.20347, 7.87042, 7.75],
			"to": [15.45347, 8.12042, 8.25],
			"rotation": {"angle": 45, "axis": "z", "origin": [12.57847, 7.99542, 8]},
			"faces": {
				"north": {"uv": [3, 10.5, 3.8125, 10.5625], "texture": "#0"},
				"east": {"uv": [5, 11.5, 5.125, 11.5625], "texture": "#0"},
				"south": {"uv": [5, 10.5, 5.8125, 10.5625], "texture": "#0"},
				"west": {"uv": [11.5, 5, 11.625, 5.0625], "texture": "#0"},
				"up": {"uv": [10.8125, 7.875, 10, 7.75], "texture": "#0"},
				"down": {"uv": [10.8125, 8, 10, 8.125], "texture": "#0"}
			}
		},
		{
			"name": "22.5",
			"from": [11.63241, 7.48885, 7.75],
			"to": [12.38241, 7.73885, 8.25],
			"rotation": {"angle": 22.5, "axis": "z", "origin": [12.00741, 7.61385, 8]},
			"faces": {
				"north": {"uv": [11.25, 5, 11.4375, 5.0625], "texture": "#0"},
				"east": {"uv": [5.25, 11.5, 5.375, 11.5625], "texture": "#0"},
				"south": {"uv": [5.25, 11.25, 5.4375, 11.3125], "texture": "#0"},
				"west": {"uv": [11.5, 5.25, 11.625, 5.3125], "texture": "#0"},
				"up": {"uv": [11.1875, 6.125, 11, 6], "texture": "#0"},
				"down": {"uv": [6.4375, 11, 6.25, 11.125], "texture": "#0"}
			}
		},
		{
			"name": "22.5",
			"from": [11.51614, 7.31654, 7.75],
			"to": [11.76614, 8.81654, 8.25],
			"rotation": {"angle": 22.5, "axis": "z", "origin": [11.64114, 7.19154, 8]},
			"faces": {
				"north": {"uv": [11, 6.25, 11.0625, 6.625], "texture": "#0"},
				"east": {"uv": [7.5, 10.5, 7.625, 10.875], "texture": "#0"},
				"south": {"uv": [6.5, 11, 6.5625, 11.375], "texture": "#0"},
				"west": {"uv": [10.5, 8.5, 10.625, 8.875], "texture": "#0"},
				"up": {"uv": [5.5625, 11.625, 5.5, 11.5], "texture": "#0"},
				"down": {"uv": [11.5625, 5.5, 11.5, 5.625], "texture": "#0"}
			}
		},
		{
			"name": "-22.5",
			"from": [11.42047, 8.49251, 7.75],
			"to": [11.67047, 10.49251, 8.25],
			"rotation": {"angle": -22.5, "axis": "z", "origin": [11.54547, 9.86751, 8]},
			"faces": {
				"north": {"uv": [7.25, 10.75, 7.3125, 11.25], "texture": "#0"},
				"east": {"uv": [6.75, 10.25, 6.875, 10.75], "texture": "#0"},
				"south": {"uv": [7.75, 10.75, 7.8125, 11.25], "texture": "#0"},
				"west": {"uv": [7, 10.25, 7.125, 10.75], "texture": "#0"},
				"up": {"uv": [5.8125, 11.625, 5.75, 11.5], "texture": "#0"},
				"down": {"uv": [11.5625, 5.75, 11.5, 5.875], "texture": "#0"}
			}
		},
		{
			"name": "0",
			"from": [11.65013, 10.3971, 7.75],
			"to": [11.90013, 13.6471, 8.25],
			"rotation": {"angle": 0, "axis": "z", "origin": [11.77513, 13.0221, 8]},
			"faces": {
				"north": {"uv": [4, 10.5, 4.0625, 11.3125], "texture": "#0"},
				"east": {"uv": [6.5, 10, 6.625, 10.8125], "texture": "#0"},
				"south": {"uv": [4.25, 10.5, 4.3125, 11.3125], "texture": "#0"},
				"west": {"uv": [8, 10, 8.125, 10.8125], "texture": "#0"},
				"up": {"uv": [6.0625, 11.625, 6, 11.5], "texture": "#0"},
				"down": {"uv": [11.5625, 6, 11.5, 6.125], "texture": "#0"}
			}
		},
		{
			"name": "22.5",
			"from": [11.4683, 13.5612, 7.75],
			"to": [11.7183, 14.5612, 8.25],
			"rotation": {"angle": 22.5, "axis": "z", "origin": [11.5933, 14.0612, 8]},
			"faces": {
				"north": {"uv": [11.25, 1.25, 11.3125, 1.5], "texture": "#0"},
				"east": {"uv": [8.25, 10.75, 8.375, 11], "texture": "#0"},
				"south": {"uv": [1.5, 11.25, 1.5625, 11.5], "texture": "#0"},
				"west": {"uv": [8.5, 10.75, 8.625, 11], "texture": "#0"},
				"up": {"uv": [6.3125, 11.625, 6.25, 11.5], "texture": "#0"},
				"down": {"uv": [11.5625, 6.25, 11.5, 6.375], "texture": "#0"}
			}
		},
		{
			"name": "45",
			"from": [11.65761, 14.62903, 7.75],
			"to": [11.90761, 16.12903, 8.25],
			"rotation": {"angle": 45, "axis": "z", "origin": [11.78261, 14.12903, 8]},
			"faces": {
				"north": {"uv": [6.75, 11, 6.8125, 11.375], "texture": "#0"},
				"east": {"uv": [8.75, 10.5, 8.875, 10.875], "texture": "#0"},
				"south": {"uv": [7, 11, 7.0625, 11.375], "texture": "#0"},
				"west": {"uv": [9, 10.5, 9.125, 10.875], "texture": "#0"},
				"up": {"uv": [6.5625, 11.625, 6.5, 11.5], "texture": "#0"},
				"down": {"uv": [11.5625, 6.5, 11.5, 6.625], "texture": "#0"}
			}
		},
		{
			"name": "-22.5",
			"from": [8.78395, 15.39115, 7.75],
			"to": [10.40895, 15.64115, 8.25],
			"rotation": {"angle": -22.5, "axis": "z", "origin": [10.40895, 15.51615, 8]},
			"faces": {
				"north": {"uv": [1.5, 11, 1.90625, 11.0625], "texture": "#0"},
				"east": {"uv": [6.75, 11.5, 6.875, 11.5625], "texture": "#0"},
				"south": {"uv": [2.25, 11, 2.65625, 11.0625], "texture": "#0"},
				"west": {"uv": [11.5, 6.75, 11.625, 6.8125], "texture": "#0"},
				"up": {"uv": [10.90625, 6.125, 10.5, 6], "texture": "#0"},
				"down": {"uv": [10.90625, 6.25, 10.5, 6.375], "texture": "#0"}
			}
		},
		{
			"name": "0",
			"from": [8.375, 16, 7.75],
			"to": [9, 16.25, 8.25],
			"rotation": {"angle": 0, "axis": "z", "origin": [10.5, 15.5, 7.6875]},
			"faces": {
				"north": {"uv": [7.5, 11.25, 7.65625, 11.3125], "texture": "#0"},
				"east": {"uv": [7, 11.5, 7.125, 11.5625], "texture": "#0"},
				"south": {"uv": [11.25, 7.5, 11.40625, 7.5625], "texture": "#0"},
				"west": {"uv": [11.5, 7, 11.625, 7.0625], "texture": "#0"},
				"up": {"uv": [9.65625, 11.125, 9.5, 11], "texture": "#0"},
				"down": {"uv": [9.90625, 11, 9.75, 11.125], "texture": "#0"}
			}
		},
		{
			"from": [6.125, 16, 7.375],
			"to": [8.375, 17.625, 8.625],
			"faces": {
				"north": {"uv": [6.5, 9, 7.0625, 9.40625], "texture": "#0"},
				"east": {"uv": [2, 9.75, 2.3125, 10.15625], "texture": "#0"},
				"south": {"uv": [4.5, 9.5, 5.0625, 9.90625], "texture": "#0"},
				"west": {"uv": [2.5, 9.75, 2.8125, 10.15625], "texture": "#0"},
				"up": {"uv": [10.0625, 7.5625, 9.5, 7.25], "texture": "#0"},
				"down": {"uv": [8.0625, 9.5, 7.5, 9.8125], "texture": "#0"}
			}
		},
		{
			"from": [6.75, 17.5, 7.5],
			"to": [7.75, 18.25, 8.5],
			"faces": {
				"north": {"uv": [9.25, 10.5, 9.5, 10.6875], "texture": "#0"},
				"east": {"uv": [10.5, 9.25, 10.75, 9.4375], "texture": "#0"},
				"south": {"uv": [9.5, 10.5, 9.75, 10.6875], "texture": "#0"},
				"west": {"uv": [10.5, 9.5, 10.75, 9.6875], "texture": "#0"},
				"up": {"uv": [7.75, 10.5, 7.5, 10.25], "texture": "#0"},
				"down": {"uv": [10.5, 7.5, 10.25, 7.75], "texture": "#0"}
			}
		},
		{
			"from": [7.125, -13, 7.749],
			"to": [10.625, -6.5, 7.749],
			"faces": {
				"north": {"uv": [7.5, 6, 8.375, 7.625], "texture": "#0"},
				"east": {"uv": [0, 0, 0, 1.625], "texture": "#0"},
				"south": {"uv": [7.5, 7.75, 8.375, 9.375], "texture": "#0"},
				"west": {"uv": [0, 0, 0, 1.625], "texture": "#0"},
				"up": {"uv": [0.875, 0, 0, 0], "texture": "#0"},
				"down": {"uv": [0.875, 0, 0, 0], "texture": "#0"}
			}
		},
		{
			"from": [7.125, -13, 8.251],
			"to": [10.625, -6.5, 8.251],
			"faces": {
				"north": {"uv": [8.5, 6, 9.375, 7.625], "texture": "#0"},
				"east": {"uv": [0, 0, 0, 1.625], "texture": "#0"},
				"south": {"uv": [8.5, 7.75, 9.375, 9.375], "texture": "#0"},
				"west": {"uv": [0, 0, 0, 1.625], "texture": "#0"},
				"up": {"uv": [0.875, 0, 0, 0], "texture": "#0"},
				"down": {"uv": [0.875, 0, 0, 0], "texture": "#0"}
			}
		},
		{
			"name": "0",
			"from": [8.375, -6.75, 7.75],
			"to": [8.625, -6.5, 8.25],
			"faces": {
				"north": {"uv": [11.75, 2.75, 11.8125, 2.8125], "texture": "#0"},
				"east": {"uv": [7.25, 11.5, 7.375, 11.5625], "texture": "#0"},
				"south": {"uv": [3, 11.75, 3.0625, 11.8125], "texture": "#0"},
				"west": {"uv": [11.5, 7.25, 11.625, 7.3125], "texture": "#0"},
				"up": {"uv": [7.5625, 11.625, 7.5, 11.5], "texture": "#0"},
				"down": {"uv": [11.5625, 7.5, 11.5, 7.625], "texture": "#0"}
			}
		},
		{
			"name": "0",
			"from": [7.125, -10, 7.75],
			"to": [7.375, -6.5, 8.25],
			"faces": {
				"north": {"uv": [1, 10.5, 1.0625, 11.375], "texture": "#0"},
				"east": {"uv": [7.25, 9.75, 7.375, 10.625], "texture": "#0"},
				"south": {"uv": [1.25, 10.5, 1.3125, 11.375], "texture": "#0"},
				"west": {"uv": [9.75, 7.75, 9.875, 8.625], "texture": "#0"},
				"up": {"uv": [7.8125, 11.625, 7.75, 11.5], "texture": "#0"},
				"down": {"uv": [11.5625, 7.75, 11.5, 7.875], "texture": "#0"}
			}
		},
		{
			"name": "22.5",
			"from": [9.01786, -7.87937, 7.75],
			"to": [9.26786, -6.50437, 8.25],
			"rotation": {"angle": 22.5, "axis": "z", "origin": [9.14286, -8.25437, 8]},
			"faces": {
				"north": {"uv": [11, 8.5, 11.0625, 8.84375], "texture": "#0"},
				"east": {"uv": [10, 10.5, 10.125, 10.84375], "texture": "#0"},
				"south": {"uv": [8.75, 11, 8.8125, 11.34375], "texture": "#0"},
				"west": {"uv": [10.25, 10.5, 10.375, 10.84375], "texture": "#0"},
				"up": {"uv": [8.0625, 11.625, 8, 11.5], "texture": "#0"},
				"down": {"uv": [11.5625, 8, 11.5, 8.125], "texture": "#0"}
			}
		},
		{
			"name": "45",
			"from": [9.46598, -8.11108, 7.75],
			"to": [9.71598, -7.61108, 8.25],
			"rotation": {"angle": 45, "axis": "z", "origin": [9.59098, -8.48608, 8]},
			"faces": {
				"north": {"uv": [8.25, 11.5, 8.3125, 11.625], "texture": "#0"},
				"east": {"uv": [11.25, 1.5, 11.375, 1.625], "texture": "#0"},
				"south": {"uv": [11.5, 8.25, 11.5625, 8.375], "texture": "#0"},
				"west": {"uv": [1.75, 11.25, 1.875, 11.375], "texture": "#0"},
				"up": {"uv": [8.5625, 11.625, 8.5, 11.5], "texture": "#0"},
				"down": {"uv": [11.5625, 8.5, 11.5, 8.625], "texture": "#0"}
			}
		},
		{
			"name": "-22.5",
			"from": [9.19962, -8.74934, 7.75],
			"to": [9.94962, -8.49934, 8.25],
			"rotation": {"angle": -22.5, "axis": "z", "origin": [10.32462, -8.62434, 8]},
			"faces": {
				"north": {"uv": [11.25, 5.25, 11.4375, 5.3125], "texture": "#0"},
				"east": {"uv": [8.75, 11.5, 8.875, 11.5625], "texture": "#0"},
				"south": {"uv": [5.5, 11.25, 5.6875, 11.3125], "texture": "#0"},
				"west": {"uv": [11.5, 8.75, 11.625, 8.8125], "texture": "#0"},
				"up": {"uv": [11.1875, 6.875, 11, 6.75], "texture": "#0"},
				"down": {"uv": [7.6875, 11, 7.5, 11.125], "texture": "#0"}
			}
		},
		{
			"name": "22.5",
			"from": [9.47895, -8.46232, 7.75],
			"to": [9.85395, -8.21232, 8.25],
			"rotation": {"angle": 22.5, "axis": "z", "origin": [10.22895, -8.33732, 8]},
			"faces": {
				"north": {"uv": [11.75, 1.25, 11.84375, 1.3125], "texture": "#0"},
				"east": {"uv": [9, 11.5, 9.125, 11.5625], "texture": "#0"},
				"south": {"uv": [1.5, 11.75, 1.59375, 11.8125], "texture": "#0"},
				"west": {"uv": [11.5, 9, 11.625, 9.0625], "texture": "#0"},
				"up": {"uv": [11.34375, 5.625, 11.25, 5.5], "texture": "#0"},
				"down": {"uv": [5.84375, 11.25, 5.75, 11.375], "texture": "#0"}
			}
		},
		{
			"name": "45",
			"from": [9.09176, -8.45707, 7.75],
			"to": [9.46676, -8.20707, 8.25],
			"rotation": {"angle": 45, "axis": "z", "origin": [9.84176, -8.33207, 8]},
			"faces": {
				"north": {"uv": [11.75, 1.5, 11.84375, 1.5625], "texture": "#0"},
				"east": {"uv": [9.25, 11.5, 9.375, 11.5625], "texture": "#0"},
				"south": {"uv": [1.75, 11.75, 1.84375, 11.8125], "texture": "#0"},
				"west": {"uv": [11.5, 9.25, 11.625, 9.3125], "texture": "#0"},
				"up": {"uv": [11.34375, 5.875, 11.25, 5.75], "texture": "#0"},
				"down": {"uv": [6.09375, 11.25, 6, 11.375], "texture": "#0"}
			}
		},
		{
			"name": "-22.5",
			"from": [9.3092, -9.34088, 7.75],
			"to": [9.5592, -8.84088, 8.25],
			"rotation": {"angle": -22.5, "axis": "z", "origin": [9.4342, -8.59088, 8]},
			"faces": {
				"north": {"uv": [9.5, 11.5, 9.5625, 11.625], "texture": "#0"},
				"east": {"uv": [11.25, 1.75, 11.375, 1.875], "texture": "#0"},
				"south": {"uv": [11.5, 9.5, 11.5625, 9.625], "texture": "#0"},
				"west": {"uv": [2, 11.25, 2.125, 11.375], "texture": "#0"},
				"up": {"uv": [9.8125, 11.625, 9.75, 11.5], "texture": "#0"},
				"down": {"uv": [11.5625, 9.75, 11.5, 9.875], "texture": "#0"}
			}
		},
		{
			"name": "22.5",
			"from": [7.78518, -11.56895, 7.75],
			"to": [8.03518, -9.81895, 8.25],
			"rotation": {"angle": 22.5, "axis": "z", "origin": [7.91018, -11.56895, 8]},
			"faces": {
				"north": {"uv": [0, 11, 0.0625, 11.4375], "texture": "#0"},
				"east": {"uv": [1.5, 10.5, 1.625, 10.9375], "texture": "#0"},
				"south": {"uv": [0.25, 11, 0.3125, 11.4375], "texture": "#0"},
				"west": {"uv": [1.75, 10.5, 1.875, 10.9375], "texture": "#0"},
				"up": {"uv": [10.0625, 11.625, 10, 11.5], "texture": "#0"},
				"down": {"uv": [11.5625, 10, 11.5, 10.125], "texture": "#0"}
			}
		},
		{
			"name": "45",
			"from": [8.99552, -12.51584, 7.75],
			"to": [9.24552, -11.01584, 8.25],
			"rotation": {"angle": 45, "axis": "z", "origin": [9.12052, -12.76584, 8]},
			"faces": {
				"north": {"uv": [11, 7.5, 11.0625, 7.875], "texture": "#0"},
				"east": {"uv": [9.75, 10.5, 9.875, 10.875], "texture": "#0"},
				"south": {"uv": [8, 11, 8.0625, 11.375], "texture": "#0"},
				"west": {"uv": [10.5, 9.75, 10.625, 10.125], "texture": "#0"},
				"up": {"uv": [10.3125, 11.625, 10.25, 11.5], "texture": "#0"},
				"down": {"uv": [11.5625, 10.25, 11.5, 10.375], "texture": "#0"}
			}
		},
		{
			"name": "0",
			"from": [9.0317, -11.23596, 7.75],
			"to": [9.2817, -9.23596, 8.25],
			"rotation": {"angle": 0, "axis": "z", "origin": [9.1567, -11.11096, 8]},
			"faces": {
				"north": {"uv": [10.75, 8.5, 10.8125, 9], "texture": "#0"},
				"east": {"uv": [7.75, 10.25, 7.875, 10.75], "texture": "#0"},
				"south": {"uv": [10.75, 9, 10.8125, 9.5], "texture": "#0"},
				"west": {"uv": [8.5, 10.25, 8.625, 10.75], "texture": "#0"},
				"up": {"uv": [10.5625, 11.625, 10.5, 11.5], "texture": "#0"},
				"down": {"uv": [11.5625, 10.5, 11.5, 10.625], "texture": "#0"}
			}
		},
		{
			"name": "22.5",
			"from": [9.16569, -11.65957, 7.75],
			"to": [9.41569, -11.15957, 8.25],
			"rotation": {"angle": 22.5, "axis": "z", "origin": [9.29069, -11.53457, 8]},
			"faces": {
				"north": {"uv": [10.75, 11.5, 10.8125, 11.625], "texture": "#0"},
				"east": {"uv": [11.25, 2, 11.375, 2.125], "texture": "#0"},
				"south": {"uv": [11.5, 10.75, 11.5625, 10.875], "texture": "#0"},
				"west": {"uv": [2.25, 11.25, 2.375, 11.375], "texture": "#0"},
				"up": {"uv": [11.0625, 11.625, 11, 11.5], "texture": "#0"},
				"down": {"uv": [11.5625, 11, 11.5, 11.125], "texture": "#0"}
			}
		},
		{
			"name": "-45",
			"from": [8.98192, -12.53, 7.75],
			"to": [10.23192, -12.28, 8.25],
			"rotation": {"angle": -45, "axis": "z", "origin": [10.10692, -12.405, 8]},
			"faces": {
				"north": {"uv": [11, 9.75, 11.3125, 9.8125], "texture": "#0"},
				"east": {"uv": [11.25, 11.5, 11.375, 11.5625], "texture": "#0"},
				"south": {"uv": [10, 11, 10.3125, 11.0625], "texture": "#0"},
				"west": {"uv": [11.5, 11.25, 11.625, 11.3125], "texture": "#0"},
				"up": {"uv": [2.5625, 10.875, 2.25, 10.75], "texture": "#0"},
				"down": {"uv": [3.0625, 10.75, 2.75, 10.875], "texture": "#0"}
			}
		},
		{
			"name": "-22.5",
			"from": [8.76998, -13.35666, 7.75],
			"to": [9.51998, -13.10666, 8.25],
			"rotation": {"angle": -22.5, "axis": "z", "origin": [10.51998, -13.23166, 8]},
			"faces": {
				"north": {"uv": [11.25, 6, 11.4375, 6.0625], "texture": "#0"},
				"east": {"uv": [11.5, 11.5, 11.625, 11.5625], "texture": "#0"},
				"south": {"uv": [6.25, 11.25, 6.4375, 11.3125], "texture": "#0"},
				"west": {"uv": [0, 11.75, 0.125, 11.8125], "texture": "#0"},
				"up": {"uv": [11.1875, 8.125, 11, 8], "texture": "#0"},
				"down": {"uv": [8.4375, 11, 8.25, 11.125], "texture": "#0"}
			}
		},
		{
			"name": "0",
			"from": [9.54827, -12.96446, 7.75],
			"to": [10.29827, -12.71446, 8.25],
			"rotation": {"angle": 0, "axis": "z", "origin": [11.29827, -12.83946, 8]},
			"faces": {
				"north": {"uv": [11.25, 6.25, 11.4375, 6.3125], "texture": "#0"},
				"east": {"uv": [11.75, 0, 11.875, 0.0625], "texture": "#0"},
				"south": {"uv": [11.25, 6.5, 11.4375, 6.5625], "texture": "#0"},
				"west": {"uv": [0.25, 11.75, 0.375, 11.8125], "texture": "#0"},
				"up": {"uv": [11.1875, 8.375, 11, 8.25], "texture": "#0"},
				"down": {"uv": [8.6875, 11, 8.5, 11.125], "texture": "#0"}
			}
		},
		{
			"name": "22.5",
			"from": [10.22189, -12.83047, 7.75],
			"to": [10.72189, -12.58047, 8.25],
			"rotation": {"angle": 22.5, "axis": "z", "origin": [10.59689, -12.70547, 8]},
			"faces": {
				"north": {"uv": [11.75, 0.25, 11.875, 0.3125], "texture": "#0"},
				"east": {"uv": [0.5, 11.75, 0.625, 11.8125], "texture": "#0"},
				"south": {"uv": [11.75, 0.5, 11.875, 0.5625], "texture": "#0"},
				"west": {"uv": [0.75, 11.75, 0.875, 11.8125], "texture": "#0"},
				"up": {"uv": [11.375, 2.375, 11.25, 2.25], "texture": "#0"},
				"down": {"uv": [2.625, 11.25, 2.5, 11.375], "texture": "#0"}
			}
		},
		{
			"name": "-22.5",
			"from": [10.12621, -12.7348, 7.75],
			"to": [10.62621, -12.4848, 8.25],
			"rotation": {"angle": -22.5, "axis": "z", "origin": [10.50121, -12.6098, 8]},
			"faces": {
				"north": {"uv": [11.75, 0.75, 11.875, 0.8125], "texture": "#0"},
				"east": {"uv": [1, 11.75, 1.125, 11.8125], "texture": "#0"},
				"south": {"uv": [11.75, 1, 11.875, 1.0625], "texture": "#0"},
				"west": {"uv": [1.25, 11.75, 1.375, 11.8125], "texture": "#0"},
				"up": {"uv": [11.375, 2.625, 11.25, 2.5], "texture": "#0"},
				"down": {"uv": [2.875, 11.25, 2.75, 11.375], "texture": "#0"}
			}
		},
		{
			"from": [6.375, 13, 7.5],
			"to": [8.25, 16, 8.5],
			"faces": {
				"north": {"uv": [1.5, 9, 1.96875, 9.75], "texture": "#0"},
				"east": {"uv": [7.25, 9, 7.5, 9.75], "texture": "#0"},
				"south": {"uv": [2, 9, 2.46875, 9.75], "texture": "#0"},
				"west": {"uv": [9.5, 6.5, 9.75, 7.25], "texture": "#0"},
				"up": {"uv": [9.96875, 9.5, 9.5, 9.25], "texture": "#0"},
				"down": {"uv": [4.46875, 9.75, 4, 10], "texture": "#0"}
			}
		},
		{
			"from": [6.5, 12, 7.5],
			"to": [8.25, 13, 8.5],
			"faces": {
				"north": {"uv": [9.75, 7, 10.1875, 7.25], "texture": "#0"},
				"east": {"uv": [8.75, 10.25, 9, 10.5], "texture": "#0"},
				"south": {"uv": [8.5, 9.75, 8.9375, 10], "texture": "#0"},
				"west": {"uv": [10.25, 8.75, 10.5, 9], "texture": "#0"},
				"up": {"uv": [10.1875, 9, 9.75, 8.75], "texture": "#0"},
				"down": {"uv": [9.4375, 9.75, 9, 10], "texture": "#0"}
			}
		},
		{
			"from": [6.625, 11, 7.5],
			"to": [8.375, 12, 8.5],
			"faces": {
				"north": {"uv": [9.5, 9.75, 9.9375, 10], "texture": "#0"},
				"east": {"uv": [9, 10.25, 9.25, 10.5], "texture": "#0"},
				"south": {"uv": [9.75, 9.5, 10.1875, 9.75], "texture": "#0"},
				"west": {"uv": [9.25, 10.25, 9.5, 10.5], "texture": "#0"},
				"up": {"uv": [4.4375, 10.25, 4, 10], "texture": "#0"},
				"down": {"uv": [4.9375, 10, 4.5, 10.25], "texture": "#0"}
			}
		},
		{
			"from": [6.75, 10, 7.5],
			"to": [8.5, 11, 8.5],
			"faces": {
				"north": {"uv": [5, 10, 5.4375, 10.25], "texture": "#0"},
				"east": {"uv": [9.5, 10.25, 9.75, 10.5], "texture": "#0"},
				"south": {"uv": [5.5, 10, 5.9375, 10.25], "texture": "#0"},
				"west": {"uv": [10.25, 9.5, 10.5, 9.75], "texture": "#0"},
				"up": {"uv": [6.4375, 10.25, 6, 10], "texture": "#0"},
				"down": {"uv": [10.4375, 6, 10, 6.25], "texture": "#0"}
			}
		},
		{
			"from": [6.875, 9.5, 7.5],
			"to": [8.625, 10, 8.5],
			"faces": {
				"north": {"uv": [2, 10.5, 2.4375, 10.625], "texture": "#0"},
				"east": {"uv": [9.25, 10.75, 9.5, 10.875], "texture": "#0"},
				"south": {"uv": [2.5, 10.5, 2.9375, 10.625], "texture": "#0"},
				"west": {"uv": [9.5, 10.75, 9.75, 10.875], "texture": "#0"},
				"up": {"uv": [10.4375, 6.5, 10, 6.25], "texture": "#0"},
				"down": {"uv": [7.9375, 10, 7.5, 10.25], "texture": "#0"}
			}
		},
		{
			"from": [7.125, 7, 7.5],
			"to": [8.75, 9, 8.5],
			"faces": {
				"north": {"uv": [5.25, 9.5, 5.65625, 10], "texture": "#0"},
				"east": {"uv": [3, 9.75, 3.25, 10.25], "texture": "#0"},
				"south": {"uv": [5.75, 9.5, 6.15625, 10], "texture": "#0"},
				"west": {"uv": [3.25, 9.75, 3.5, 10.25], "texture": "#0"},
				"up": {"uv": [10.40625, 8.5, 10, 8.25], "texture": "#0"},
				"down": {"uv": [8.90625, 10, 8.5, 10.25], "texture": "#0"}
			}
		},
		{
			"from": [7, 9, 7.5],
			"to": [8.625, 9.5, 8.5],
			"faces": {
				"north": {"uv": [10.5, 7.5, 10.90625, 7.625], "texture": "#0"},
				"east": {"uv": [10.75, 9.5, 11, 9.625], "texture": "#0"},
				"south": {"uv": [10.5, 8.25, 10.90625, 8.375], "texture": "#0"},
				"west": {"uv": [10.75, 9.75, 11, 9.875], "texture": "#0"},
				"up": {"uv": [10.40625, 8.75, 10, 8.5], "texture": "#0"},
				"down": {"uv": [9.40625, 10, 9, 10.25], "texture": "#0"}
			}
		},
		{
			"from": [7.25, 1, 7.5],
			"to": [8.875, 7, 8.5],
			"faces": {
				"north": {"uv": [0, 9, 0.40625, 10.5], "texture": "#0"},
				"east": {"uv": [1, 9, 1.25, 10.5], "texture": "#0"},
				"south": {"uv": [0.5, 9, 0.90625, 10.5], "texture": "#0"},
				"west": {"uv": [1.25, 9, 1.5, 10.5], "texture": "#0"},
				"up": {"uv": [10.40625, 9.5, 10, 9.25], "texture": "#0"},
				"down": {"uv": [9.90625, 10, 9.5, 10.25], "texture": "#0"}
			}
		},
		{
			"from": [7.125, -1, 7.5],
			"to": [8.75, 1, 8.5],
			"faces": {
				"north": {"uv": [9.5, 6, 9.90625, 6.5], "texture": "#0"},
				"east": {"uv": [3.5, 9.75, 3.75, 10.25], "texture": "#0"},
				"south": {"uv": [6.25, 9.5, 6.65625, 10], "texture": "#0"},
				"west": {"uv": [3.75, 9.75, 4, 10.25], "texture": "#0"},
				"up": {"uv": [10.40625, 10, 10, 9.75], "texture": "#0"},
				"down": {"uv": [10.40625, 10, 10, 10.25], "texture": "#0"}
			}
		},
		{
			"from": [7, -3.75, 7.5],
			"to": [8.625, -1, 8.5],
			"faces": {
				"north": {"uv": [2.5, 9, 2.90625, 9.6875], "texture": "#0"},
				"east": {"uv": [6.75, 9.5, 7, 10.1875], "texture": "#0"},
				"south": {"uv": [3, 9, 3.40625, 9.6875], "texture": "#0"},
				"west": {"uv": [7, 9.5, 7.25, 10.1875], "texture": "#0"},
				"up": {"uv": [2.40625, 10.5, 2, 10.25], "texture": "#0"},
				"down": {"uv": [2.90625, 10.25, 2.5, 10.5], "texture": "#0"}
			}
		},
		{
			"from": [7, -6.5, 7.625],
			"to": [8.625, -3.75, 8.375],
			"faces": {
				"north": {"uv": [3.5, 9, 3.90625, 9.6875], "texture": "#0"},
				"east": {"uv": [1.5, 9.75, 1.6875, 10.4375], "texture": "#0"},
				"south": {"uv": [4, 9, 4.40625, 9.6875], "texture": "#0"},
				"west": {"uv": [1.75, 9.75, 1.9375, 10.4375], "texture": "#0"},
				"up": {"uv": [5.40625, 10.4375, 5, 10.25], "texture": "#0"},
				"down": {"uv": [5.90625, 10.25, 5.5, 10.4375], "texture": "#0"}
			}
		}
	],
	"gui_light": "front",
	"display": {
		"thirdperson_righthand": {
			"rotation": [0, 90, 0],
			"translation": [0, 4, 1],
			"scale": [0.75, 0.75, 0.75]
		},
		"thirdperson_lefthand": {
			"rotation": [67.5, 0, 22.5],
			"translation": [-6.5, -7.25, 11],
			"scale": [0.7, 0.7, 0.7]
		},
		"firstperson_righthand": {
			"rotation": [-12.5, 90, 0],
			"translation": [-1, 3.5, 3],
			"scale": [0.5, 0.5, 0.5]
		},
		"firstperson_lefthand": {
			"rotation": [-12.5, -90, 0],
			"translation": [-1, 3.5, 3],
			"scale": [0, 0, 0]
		},
		"ground": {
			"rotation": [0, 0, -22.5],
			"translation": [-0.5, 10, 0],
			"scale": [0.5, 0.5, 0.5]
		},
		"gui": {
			"rotation": [0, -180, 45],
			"translation": [1.5, 0.25, 0],
			"scale": [0.55, 0.55, 0.55]
		},
		"head": {
			"rotation": [0, -90, -45],
			"translation": [0, 4.25, -15.5],
			"scale": [1.25, 1.25, 1.25]
		},
		"fixed": {
			"rotation": [0, 0, 45],
			"translation": [-1.5, 0.75, -0.75],
			"scale": [0.75, 0.75, 0.75]
		}
	},
	"groups": [
		{
			"name": "body",
			"origin": [8, 8, 8],
			"color": 0,
			"children": [
				{
					"name": "runes",
					"origin": [0, 0, 0],
					"color": 0,
					"children": [0, 1]
				},
				{
					"name": "axe",
					"origin": [8, 8, 8],
					"color": 0,
					"children": [
						{
							"name": "plains",
							"origin": [0, 0, 0],
							"color": 0,
							"children": [2, 3, 4, 5]
						},
						{
							"name": "axebladeoutline",
							"origin": [10.5, 15.5, 7.6875],
							"color": 0,
							"children": [6, 7, 8, 9, 10, 11, 12, 13, 14, 15, 16, 17, 18, 19, 20, 21, 22, 23, 24, 25, 26, 27, 28, 29, 30, 31, 32, 33, 34, 35, 36, 37, 38]
						},
						{
							"name": "center",
							"origin": [0, 0, 0],
							"color": 0,
							"children": [39, 40]
						}
					]
				},
				{
					"name": "handle",
					"origin": [8, 8, 8],
					"color": 0,
					"children": [
						{
							"name": "plains",
							"origin": [8, 8, 8],
							"color": 0,
							"children": [41, 42]
						},
						{
							"name": "handleoutline",
							"origin": [0, 0, 0],
							"color": 0,
							"children": [43, 44, 45, 46, 47, 48, 49, 50, 51, 52, 53, 54, 55, 56, 57, 58, 59]
						},
						{
							"name": "main",
							"origin": [0, 0, 0],
							"color": 0,
							"children": [60, 61, 62, 63, 64, 65, 66, 67, 68, 69, 70]
						}
					]
				}
			]
		}
	]
}