{
	"format_version": "1.21.6",
	"credit": "Made with Blockbench",
	"texture_size": [64, 64],
	"textures": {
		"0": "item/pets/bruni/bruni",
		"particle": "item/pets/bruni/bruni"
	},
	"elements": [
		{
			"name": "head_top",
			"from": [16.85, 5.4, 7.15],
			"to": [17.95, 7.1, 9.7],
			"rotation": {"angle": 0, "axis": "y", "origin": [15.85, 5.65, 7.2]},
			"faces": {
				"north": {"uv": [5.75, 4, 6.03125, 4.42188], "texture": "#0"},
				"east": {"uv": [4.5, 4, 5.14063, 4.42188], "texture": "#0"},
				"south": {"uv": [5.75, 5, 6.03125, 5.42188], "texture": "#0"},
				"west": {"uv": [4.5, 4.5, 5.14063, 4.92188], "texture": "#0"},
				"up": {"uv": [5.53125, 4.39063, 5.25, 3.75], "texture": "#0"},
				"down": {"uv": [5.78125, 1.5, 5.5, 2.14063], "texture": "#0"}
			}
		},
		{
			"name": "head_top_under_bump",
			"from": [16.85, 4.9, 7.45],
			"to": [17.95, 5.4, 9.3],
			"rotation": {"angle": 0, "axis": "y", "origin": [15.85, 5.15, 7.1]},
			"faces": {
				"north": {"uv": [6.5, 6.75, 6.78125, 6.875], "texture": "#0"},
				"east": {"uv": [4.5, 6.5, 4.96875, 6.625], "texture": "#0"},
				"south": {"uv": [0, 7, 0.28125, 7.125], "texture": "#0"},
				"west": {"uv": [6.5, 4.5, 6.96875, 4.625], "texture": "#0"},
				"up": {"uv": [1.28125, 6.21875, 1, 5.75], "texture": "#0"},
				"down": {"uv": [2.28125, 5.75, 2, 6.21875], "texture": "#0"}
			}
		},
		{
			"name": "head_middle",
			"from": [14.55, 5.5, 6.55],
			"to": [16.85, 7.45, 10.4],
			"rotation": {"angle": 0, "axis": "y", "origin": [14.75, 5.75, 7.2]},
			"faces": {
				"north": {"uv": [4.25, 1.5, 4.82813, 1.98438], "texture": "#0"},
				"east": {"uv": [2.5, 0, 3.46875, 0.48438], "texture": "#0"},
				"south": {"uv": [3, 4.25, 3.57813, 4.73438], "texture": "#0"},
				"west": {"uv": [2.5, 0.5, 3.46875, 0.98438], "texture": "#0"},
				"up": {"uv": [2.32813, 0.96875, 1.75, 0], "texture": "#0"},
				"down": {"uv": [2.32813, 1, 1.75, 1.96875], "texture": "#0"}
			}
		},
		{
			"name": "head_middle_top_Bump",
			"from": [14.8, 7.25, 7.05],
			"to": [16.6, 7.7, 9.9],
			"rotation": {"angle": 0, "axis": "y", "origin": [14.75, 6, 7.2]},
			"faces": {
				"north": {"uv": [5.5, 6.5, 5.95313, 6.60938], "texture": "#0"},
				"east": {"uv": [6, 3.5, 6.71875, 3.60938], "texture": "#0"},
				"south": {"uv": [6, 6.5, 6.45313, 6.60938], "texture": "#0"},
				"west": {"uv": [6.25, 2.5, 6.96875, 2.60938], "texture": "#0"},
				"up": {"uv": [4.45313, 2.71875, 4, 2], "texture": "#0"},
				"down": {"uv": [4.45313, 3.75, 4, 4.46875], "texture": "#0"}
			}
		},
		{
			"name": "head_middle_under_bump",
			"from": [15.8, 4.75, 7.3],
			"to": [16.85, 5.7, 9.65],
			"rotation": {"angle": 0, "axis": "y", "origin": [14.75, 5, 7.2]},
			"faces": {
				"north": {"uv": [6.25, 2.75, 6.51563, 2.98438], "texture": "#0"},
				"east": {"uv": [5.5, 2.75, 6.09375, 2.98438], "texture": "#0"},
				"south": {"uv": [5.25, 6.25, 5.51563, 6.48438], "texture": "#0"},
				"west": {"uv": [5.75, 0.5, 6.34375, 0.73438], "texture": "#0"},
				"up": {"uv": [5.51563, 6.09375, 5.25, 5.5], "texture": "#0"},
				"down": {"uv": [0.26563, 5.75, 0, 6.34375], "texture": "#0"}
			}
		},
		{
			"name": "head_bottom_top_bump",
			"from": [13.85, 6.5, 7.15],
			"to": [14.55, 7.25, 9.8],
			"rotation": {"angle": 0, "axis": "y", "origin": [13.65, 5.45, 7.2]},
			"faces": {
				"north": {"uv": [3.25, 7, 3.42188, 7.1875], "texture": "#0"},
				"east": {"uv": [5.75, 0.75, 6.40625, 0.9375], "texture": "#0"},
				"south": {"uv": [7, 3.25, 7.17188, 3.4375], "texture": "#0"},
				"west": {"uv": [5.75, 3.75, 6.40625, 3.9375], "texture": "#0"},
				"up": {"uv": [1.67188, 6.65625, 1.5, 6], "texture": "#0"},
				"down": {"uv": [6.17188, 1.5, 6, 2.15625], "texture": "#0"}
			}
		},
		{
			"name": "head_bottom",
			"from": [13.45, 5, 6.75],
			"to": [15.75, 6.95, 10.2],
			"rotation": {"angle": 0, "axis": "y", "origin": [13.65, 5.25, 7.2]},
			"faces": {
				"north": {"uv": [4.5, 0, 5.07813, 0.48438], "texture": "#0"},
				"east": {"uv": [2.5, 1, 3.35938, 1.48438], "texture": "#0"},
				"south": {"uv": [4.5, 0.5, 5.07813, 0.98438], "texture": "#0"},
				"west": {"uv": [2.5, 1.5, 3.35938, 1.98438], "texture": "#0"},
				"up": {"uv": [0.57813, 2.85938, 0, 2], "texture": "#0"},
				"down": {"uv": [1.32813, 2, 0.75, 2.85938], "texture": "#0"}
			}
		},
		{
			"name": "eye_right",
			"from": [17.45, 6.1, 9.45],
			"to": [18.15, 6.9, 10],
			"rotation": {"angle": 0, "axis": "y", "origin": [16.15, 5.65, 7.9]},
			"faces": {
				"north": {"uv": [1, 7, 1.17188, 7.20313], "texture": "#0"},
				"east": {"uv": [7.25, 1.25, 7.39063, 1.45313], "texture": "#0"},
				"south": {"uv": [7, 1, 7.17188, 1.20313], "texture": "#0"},
				"west": {"uv": [1.5, 7.25, 1.64063, 7.45313], "texture": "#0"},
				"up": {"uv": [3.67188, 7.39063, 3.5, 7.25], "texture": "#0"},
				"down": {"uv": [7.42188, 3.5, 7.25, 3.64063], "texture": "#0"}
			}
		},
		{
			"name": "eye_left",
			"from": [17.45, 6.1, 6.8],
			"to": [18.15, 6.9, 7.35],
			"rotation": {"angle": 0, "axis": "y", "origin": [16.15, 5.65, 8.9]},
			"faces": {
				"north": {"uv": [1.25, 7, 1.42188, 7.20313], "texture": "#0"},
				"east": {"uv": [1.75, 7.25, 1.89063, 7.45313], "texture": "#0"},
				"south": {"uv": [7, 1.25, 7.17188, 1.45313], "texture": "#0"},
				"west": {"uv": [7.25, 1.75, 7.39063, 1.95313], "texture": "#0"},
				"up": {"uv": [3.92188, 7.39063, 3.75, 7.25], "texture": "#0"},
				"down": {"uv": [7.42188, 3.75, 7.25, 3.89063], "texture": "#0"}
			}
		},
		{
			"name": "mouth_top-forward_bump",
			"from": [18.95, 5.35, 7.95],
			"to": [19.45, 6.15, 8.8],
			"rotation": {"angle": 0, "axis": "y", "origin": [17.05, 5.35, 7.2]},
			"faces": {
				"north": {"uv": [2.75, 7.25, 2.875, 7.45313], "texture": "#0"},
				"east": {"uv": [1.5, 6.75, 1.71875, 6.95313], "texture": "#0"},
				"south": {"uv": [7.25, 2.75, 7.375, 2.95313], "texture": "#0"},
				"west": {"uv": [6.75, 1.5, 6.96875, 1.70313], "texture": "#0"},
				"up": {"uv": [2.125, 7.46875, 2, 7.25], "texture": "#0"},
				"down": {"uv": [7.375, 2, 7.25, 2.21875], "texture": "#0"}
			}
		},
		{
			"name": "mouth_top",
			"from": [17.95, 5.4, 7.55],
			"to": [19.05, 6.45, 9.2],
			"rotation": {"angle": 0, "axis": "y", "origin": [16.95, 5.35, 7.2]},
			"faces": {
				"north": {"uv": [6.25, 4, 6.53125, 4.26563], "texture": "#0"},
				"east": {"uv": [2.75, 6, 3.15625, 6.26563], "texture": "#0"},
				"south": {"uv": [6.25, 5, 6.53125, 5.26563], "texture": "#0"},
				"west": {"uv": [6, 3, 6.40625, 3.26563], "texture": "#0"},
				"up": {"uv": [6.03125, 5.90625, 5.75, 5.5], "texture": "#0"},
				"down": {"uv": [6.28125, 1, 6, 1.40625], "texture": "#0"}
			}
		},
		{
			"name": "mouth_bottom_top",
			"from": [17.55, 4.8, 7.55],
			"to": [18.3, 5.25, 9.2],
			"rotation": {"angle": 0, "axis": "y", "origin": [16.55, 4.75, 7.2]},
			"faces": {
				"north": {"uv": [7.25, 4.5, 7.4375, 4.60938], "texture": "#0"},
				"east": {"uv": [1.75, 6.75, 2.15625, 6.85938], "texture": "#0"},
				"south": {"uv": [7.25, 4.75, 7.4375, 4.85938], "texture": "#0"},
				"west": {"uv": [6.75, 1.75, 7.15625, 1.85938], "texture": "#0"},
				"up": {"uv": [5.4375, 2.40625, 5.25, 2], "texture": "#0"},
				"down": {"uv": [2.4375, 6.25, 2.25, 6.65625], "texture": "#0"}
			}
		},
		{
			"name": "mouth_bottom_bottom",
			"from": [18.3, 4.6, 7.75],
			"to": [18.65, 5.05, 9],
			"rotation": {"angle": 0, "axis": "y", "origin": [16.55, 4.55, 7]},
			"faces": {
				"north": {"uv": [1.75, 7.5, 1.84375, 7.60938], "texture": "#0"},
				"east": {"uv": [1.5, 7, 1.8125, 7.10938], "texture": "#0"},
				"south": {"uv": [7.5, 1.75, 7.59375, 1.85938], "texture": "#0"},
				"west": {"uv": [7, 1.5, 7.3125, 1.60938], "texture": "#0"},
				"up": {"uv": [7.09375, 6.3125, 7, 6], "texture": "#0"},
				"down": {"uv": [6.34375, 7, 6.25, 7.3125], "texture": "#0"}
			}
		},
		{
			"name": "mouth_bottom_front",
			"from": [18.56, 4.5, 7.95],
			"to": [18.65, 4.95, 8.8],
			"rotation": {"angle": 0, "axis": "y", "origin": [17.05, 4.35, 7.2]},
			"faces": {
				"north": {"uv": [2, 8, 2.01563, 8.10938], "texture": "#0"},
				"east": {"uv": [4.25, 7.25, 4.46875, 7.35938], "texture": "#0"},
				"south": {"uv": [8, 2, 8.01563, 2.10938], "texture": "#0"},
				"west": {"uv": [7.25, 4.25, 7.46875, 4.35938], "texture": "#0"},
				"up": {"uv": [7.76563, 4.71875, 7.75, 4.5], "texture": "#0"},
				"down": {"uv": [4.76563, 7.75, 4.75, 7.96875], "texture": "#0"}
			}
		},
		{
			"name": "mouth_bottom_front",
			"from": [18.65, 4.5, 7.95],
			"to": [19.34, 5.05, 8.8],
			"rotation": {"angle": 0, "axis": "y", "origin": [17.05, 4.35, 7.2]},
			"faces": {
				"north": {"uv": [4, 7.25, 4.17188, 7.39063], "texture": "#0"},
				"east": {"uv": [7, 5.75, 7.21875, 5.89063], "texture": "#0"},
				"south": {"uv": [7.25, 4, 7.42188, 4.14063], "texture": "#0"},
				"west": {"uv": [6, 7, 6.21875, 7.14063], "texture": "#0"},
				"up": {"uv": [6.92188, 4.46875, 6.75, 4.25], "texture": "#0"},
				"down": {"uv": [5.42188, 6.75, 5.25, 6.96875], "texture": "#0"}
			}
		},
		{
			"name": "neck",
			"from": [11.95, 4.3, 7.05],
			"to": [14.25, 6.25, 9.9],
			"rotation": {"angle": 0, "axis": "y", "origin": [12.15, 4.55, 7.2]},
			"faces": {
				"north": {"uv": [4.5, 1, 5.07813, 1.48438], "texture": "#0"},
				"east": {"uv": [0.75, 3.75, 1.46875, 4.23438], "texture": "#0"},
				"south": {"uv": [4.5, 2, 5.07813, 2.48438], "texture": "#0"},
				"west": {"uv": [3.25, 3.75, 3.96875, 4.23438], "texture": "#0"},
				"up": {"uv": [0.57813, 3.71875, 0, 3], "texture": "#0"},
				"down": {"uv": [1.32813, 3, 0.75, 3.71875], "texture": "#0"}
			}
		},
		{
			"name": "neck_top_bump",
			"from": [12.25, 4.95, 7.35],
			"to": [14.25, 6.65, 9.6],
			"rotation": {"angle": 0, "axis": "y", "origin": [12.15, 5.2, 7.2]},
			"faces": {
				"north": {"uv": [5.25, 0, 5.75, 0.42188], "texture": "#0"},
				"east": {"uv": [3.5, 5, 4.0625, 5.42188], "texture": "#0"},
				"south": {"uv": [5.25, 0.5, 5.75, 0.92188], "texture": "#0"},
				"west": {"uv": [4.25, 5, 4.8125, 5.42188], "texture": "#0"},
				"up": {"uv": [3, 4.8125, 2.5, 4.25], "texture": "#0"},
				"down": {"uv": [4.75, 2.75, 4.25, 3.3125], "texture": "#0"}
			}
		},
		{
			"name": "torso_top",
			"from": [10.55, 2.4, 6.85],
			"to": [12.85, 4.35, 10.2],
			"rotation": {"angle": 0, "axis": "y", "origin": [10.75, 2.65, 7.2]},
			"faces": {
				"north": {"uv": [4.5, 3.5, 5.07813, 3.98438], "texture": "#0"},
				"east": {"uv": [1.5, 3, 2.34375, 3.48438], "texture": "#0"},
				"south": {"uv": [3.75, 4.5, 4.32813, 4.98438], "texture": "#0"},
				"west": {"uv": [3, 2, 3.84375, 2.48438], "texture": "#0"},
				"up": {"uv": [2.07813, 2.84375, 1.5, 2], "texture": "#0"},
				"down": {"uv": [2.82813, 2, 2.25, 2.84375], "texture": "#0"}
			}
		},
		{
			"name": "torso_top_top_bump",
			"from": [10.8, 3.3, 7.35],
			"to": [12.15, 5.15, 9.6],
			"rotation": {"angle": 0, "axis": "y", "origin": [9.05, 3.55, 7.2]},
			"faces": {
				"north": {"uv": [4.25, 5.5, 4.59375, 5.96875], "texture": "#0"},
				"east": {"uv": [0, 4.75, 0.5625, 5.21875], "texture": "#0"},
				"south": {"uv": [4.75, 5.5, 5.09375, 5.96875], "texture": "#0"},
				"west": {"uv": [0.75, 4.75, 1.3125, 5.21875], "texture": "#0"},
				"up": {"uv": [1.84375, 5.8125, 1.5, 5.25], "texture": "#0"},
				"down": {"uv": [5.59375, 3, 5.25, 3.5625], "texture": "#0"}
			}
		},
		{
			"name": "torso_middle",
			"from": [7.55, 1.5, 6.85],
			"to": [10.55, 3.45, 10.2],
			"rotation": {"angle": 0, "axis": "y", "origin": [7.75, 1.75, 7.2]},
			"faces": {
				"north": {"uv": [3.5, 1.5, 4.25, 1.98438], "texture": "#0"},
				"east": {"uv": [2.5, 3, 3.34375, 3.48438], "texture": "#0"},
				"south": {"uv": [0, 3.75, 0.75, 4.23438], "texture": "#0"},
				"west": {"uv": [3, 2.5, 3.84375, 2.98438], "texture": "#0"},
				"up": {"uv": [1.75, 0.84375, 1, 0], "texture": "#0"},
				"down": {"uv": [1.75, 1, 1, 1.84375], "texture": "#0"}
			}
		},
		{
			"name": "torso_middle_top_bump_1",
			"from": [7.75, 2.6, 7.45],
			"to": [9.6, 3.85, 9.6],
			"rotation": {"angle": 0, "axis": "y", "origin": [7.85, 2.85, 7.2]},
			"faces": {
				"north": {"uv": [5.75, 0, 6.21875, 0.3125], "texture": "#0"},
				"east": {"uv": [5.25, 4.5, 5.78125, 4.8125], "texture": "#0"},
				"south": {"uv": [0.5, 5.75, 0.96875, 6.0625], "texture": "#0"},
				"west": {"uv": [5.5, 2.25, 6.03125, 2.5625], "texture": "#0"},
				"up": {"uv": [3.46875, 5.28125, 3, 4.75], "texture": "#0"},
				"down": {"uv": [2.71875, 5, 2.25, 5.53125], "texture": "#0"}
			}
		},
		{
			"name": "torso_middle_top_bump_2",
			"from": [9.6, 2.6, 7.45],
			"to": [10.55, 4.15, 9.6],
			"rotation": {"angle": 0, "axis": "y", "origin": [7.85, 2.85, 7.2]},
			"faces": {
				"north": {"uv": [2.75, 5, 2.98438, 5.39063], "texture": "#0"},
				"east": {"uv": [0.75, 5.25, 1.28125, 5.64063], "texture": "#0"},
				"south": {"uv": [2, 5.25, 2.23438, 5.64063], "texture": "#0"},
				"west": {"uv": [5.25, 1, 5.78125, 1.39063], "texture": "#0"},
				"up": {"uv": [2.73438, 6.28125, 2.5, 5.75], "texture": "#0"},
				"down": {"uv": [5.98438, 3, 5.75, 3.53125], "texture": "#0"}
			}
		},
		{
			"name": "torso_bottom",
			"from": [4.15, 1, 6.85],
			"to": [7.55, 2.95, 10.2],
			"rotation": {"angle": 0, "axis": "y", "origin": [4.75, 1.25, 7.2]},
			"faces": {
				"north": {"uv": [3.5, 0, 4.34375, 0.48438], "texture": "#0"},
				"east": {"uv": [3.5, 0.5, 4.34375, 0.98438], "texture": "#0"},
				"south": {"uv": [3.5, 1, 4.34375, 1.48438], "texture": "#0"},
				"west": {"uv": [1.5, 3.5, 2.34375, 3.98438], "texture": "#0"},
				"up": {"uv": [0.84375, 0.84375, 0, 0], "texture": "#0"},
				"down": {"uv": [0.84375, 1, 0, 1.84375], "texture": "#0"}
			}
		},
		{
			"name": "torso_bottom_top_bump",
			"from": [4.65, 2.1, 7.45],
			"to": [7.55, 3.35, 9.6],
			"rotation": {"angle": 0, "axis": "y", "origin": [4.75, 2.35, 7.2]},
			"faces": {
				"north": {"uv": [5, 5, 5.71875, 5.3125], "texture": "#0"},
				"east": {"uv": [2.75, 5.5, 3.28125, 5.8125], "texture": "#0"},
				"south": {"uv": [0, 5.25, 0.71875, 5.5625], "texture": "#0"},
				"west": {"uv": [3.5, 5.5, 4.03125, 5.8125], "texture": "#0"},
				"up": {"uv": [3.21875, 4.03125, 2.5, 3.5], "texture": "#0"},
				"down": {"uv": [4.21875, 3, 3.5, 3.53125], "texture": "#0"}
			}
		},
		{
			"name": "foot_borttom",
			"from": [8.35, 0.65, 11.75],
			"to": [9.1, 1.05, 12.45],
			"rotation": {"angle": 0, "axis": "y", "origin": [7.45, 1.45, 11.8]},
			"faces": {
				"north": {"uv": [5, 7.25, 5.1875, 7.34375], "texture": "#0"},
				"east": {"uv": [7.25, 7, 7.42188, 7.09375], "texture": "#0"},
				"south": {"uv": [7.25, 5, 7.4375, 5.09375], "texture": "#0"},
				"west": {"uv": [7.25, 7.25, 7.42188, 7.34375], "texture": "#0"},
				"up": {"uv": [3.6875, 7.17188, 3.5, 7], "texture": "#0"},
				"down": {"uv": [7.1875, 3.5, 7, 3.67188], "texture": "#0"}
			}
		},
		{
			"name": "foot_top",
			"from": [9.1, 0.65, 11.65],
			"to": [9.8, 0.95, 12.55],
			"rotation": {"angle": 0, "axis": "y", "origin": [7.45, 1.45, 11.8]},
			"faces": {
				"north": {"uv": [0.75, 7.5, 0.92188, 7.57813], "texture": "#0"},
				"east": {"uv": [6, 7.25, 6.21875, 7.32813], "texture": "#0"},
				"south": {"uv": [7.5, 0.75, 7.67188, 0.82813], "texture": "#0"},
				"west": {"uv": [7.25, 6, 7.46875, 6.07813], "texture": "#0"},
				"up": {"uv": [5.67188, 6.96875, 5.5, 6.75], "texture": "#0"},
				"down": {"uv": [6.92188, 5.5, 6.75, 5.71875], "texture": "#0"}
			}
		},
		{
			"name": "toe_2",
			"from": [8.71725, 0.65, 10.32749],
			"to": [8.91725, 0.85, 10.77749],
			"rotation": {"angle": -35, "axis": "y", "origin": [7.45, 1.45, 11.8]},
			"faces": {
				"north": {"uv": [7.75, 4.75, 7.79688, 4.79688], "texture": "#0"},
				"east": {"uv": [7.75, 0.5, 7.85938, 0.54688], "texture": "#0"},
				"south": {"uv": [5, 7.75, 5.04688, 7.79688], "texture": "#0"},
				"west": {"uv": [0.75, 7.75, 0.85938, 7.79688], "texture": "#0"},
				"up": {"uv": [7.79688, 0.85938, 7.75, 0.75], "texture": "#0"},
				"down": {"uv": [1.04688, 7.75, 1, 7.85938], "texture": "#0"}
			}
		},
		{
			"name": "toe_3",
			"from": [9.29365, 0.65, 12.73349],
			"to": [9.74365, 0.85, 12.93349],
			"rotation": {"angle": 30, "axis": "y", "origin": [7.45, 1.45, 11.8]},
			"faces": {
				"north": {"uv": [7.75, 1, 7.85938, 1.04688], "texture": "#0"},
				"east": {"uv": [7.75, 5, 7.79688, 5.04688], "texture": "#0"},
				"south": {"uv": [1.25, 7.75, 1.35938, 7.79688], "texture": "#0"},
				"west": {"uv": [5.25, 7.75, 5.29688, 7.79688], "texture": "#0"},
				"up": {"uv": [7.85938, 1.29688, 7.75, 1.25], "texture": "#0"},
				"down": {"uv": [1.60938, 7.75, 1.5, 7.79688], "texture": "#0"}
			}
		},
		{
			"name": "toe_4",
			"from": [9.74958, 0.65, 12.05955],
			"to": [10.29958, 0.85, 12.25955],
			"rotation": {"angle": 5, "axis": "y", "origin": [7.45, 1.45, 11.8]},
			"faces": {
				"north": {"uv": [2.25, 7.5, 2.39063, 7.54688], "texture": "#0"},
				"east": {"uv": [7.75, 5.25, 7.79688, 5.29688], "texture": "#0"},
				"south": {"uv": [7.5, 2.25, 7.64063, 2.29688], "texture": "#0"},
				"west": {"uv": [5.5, 7.75, 5.54688, 7.79688], "texture": "#0"},
				"up": {"uv": [2.64063, 7.54688, 2.5, 7.5], "texture": "#0"},
				"down": {"uv": [7.64063, 2.5, 7.5, 2.54688], "texture": "#0"}
			}
		},
		{
			"name": "toe_5",
			"from": [9.78944, 0.65, 11.36767],
			"to": [10.33944, 0.85, 11.56767],
			"rotation": {"angle": -18, "axis": "y", "origin": [7.45, 1.45, 11.8]},
			"faces": {
				"north": {"uv": [2.75, 7.5, 2.89063, 7.54688], "texture": "#0"},
				"east": {"uv": [7.75, 5.5, 7.79688, 5.54688], "texture": "#0"},
				"south": {"uv": [7.5, 2.75, 7.64063, 2.79688], "texture": "#0"},
				"west": {"uv": [5.75, 7.75, 5.79688, 7.79688], "texture": "#0"},
				"up": {"uv": [3.14063, 7.54688, 3, 7.5], "texture": "#0"},
				"down": {"uv": [7.64063, 3, 7.5, 3.04688], "texture": "#0"}
			}
		},
		{
			"name": "toe_6",
			"from": [9.30903, 0.65, 11.39559],
			"to": [9.50903, 0.85, 11.94559],
			"rotation": {"angle": -27.5, "axis": "y", "origin": [7.45, 1.45, 11.8]},
			"faces": {
				"north": {"uv": [7.75, 5.75, 7.79688, 5.79688], "texture": "#0"},
				"east": {"uv": [3.25, 7.5, 3.39063, 7.54688], "texture": "#0"},
				"south": {"uv": [6, 7.75, 6.04688, 7.79688], "texture": "#0"},
				"west": {"uv": [7.5, 3.25, 7.64063, 3.29688], "texture": "#0"},
				"up": {"uv": [3.54688, 7.64063, 3.5, 7.5], "texture": "#0"},
				"down": {"uv": [7.54688, 3.5, 7.5, 3.64063], "texture": "#0"}
			}
		},
		{
			"name": "leg_top",
			"from": [7.35, 0.75, 11.55],
			"to": [8.5, 1.35, 12.25],
			"rotation": {"angle": 0, "axis": "y", "origin": [7.45, 1.45, 11.8]},
			"faces": {
				"north": {"uv": [6.75, 2, 7.03125, 2.15625], "texture": "#0"},
				"east": {"uv": [2.25, 7.25, 2.42188, 7.40625], "texture": "#0"},
				"south": {"uv": [2.25, 6.75, 2.53125, 6.90625], "texture": "#0"},
				"west": {"uv": [7.25, 2.25, 7.42188, 2.40625], "texture": "#0"},
				"up": {"uv": [6.78125, 6.67188, 6.5, 6.5], "texture": "#0"},
				"down": {"uv": [0.28125, 6.75, 0, 6.92188], "texture": "#0"}
			}
		},
		{
			"name": "leg_middle",
			"from": [6.45, 0.75, 11.25],
			"to": [7.6, 1.65, 12.15],
			"rotation": {"angle": 0, "axis": "y", "origin": [7.45, 1.45, 11.8]},
			"faces": {
				"north": {"uv": [6.25, 5.5, 6.53125, 5.71875], "texture": "#0"},
				"east": {"uv": [3.25, 3.5, 3.46875, 3.71875], "texture": "#0"},
				"south": {"uv": [6.25, 5.75, 6.53125, 5.96875], "texture": "#0"},
				"west": {"uv": [4, 2.75, 4.21875, 2.96875], "texture": "#0"},
				"up": {"uv": [6.53125, 6.21875, 6.25, 6], "texture": "#0"},
				"down": {"uv": [6.53125, 6.25, 6.25, 6.46875], "texture": "#0"}
			}
		},
		{
			"name": "leg_bottom",
			"from": [5.55, 1.15, 10.85],
			"to": [6.7, 2.05, 11.75],
			"rotation": {"angle": 0, "axis": "y", "origin": [7.45, 1.45, 11.8]},
			"faces": {
				"north": {"uv": [0, 6.5, 0.28125, 6.71875], "texture": "#0"},
				"east": {"uv": [4.25, 3.5, 4.46875, 3.71875], "texture": "#0"},
				"south": {"uv": [6.5, 0.5, 6.78125, 0.71875], "texture": "#0"},
				"west": {"uv": [3.75, 4.25, 3.96875, 4.46875], "texture": "#0"},
				"up": {"uv": [6.78125, 0.96875, 6.5, 0.75], "texture": "#0"},
				"down": {"uv": [6.78125, 1, 6.5, 1.21875], "texture": "#0"}
			}
		},
		{
			"name": "thigh",
			"from": [4.65, 1.25, 10.15],
			"to": [5.8, 2.45, 11.35],
			"rotation": {"angle": 0, "axis": "y", "origin": [7.45, 1.45, 11.8]},
			"faces": {
				"north": {"uv": [4.75, 6, 5.03125, 6.29688], "texture": "#0"},
				"east": {"uv": [3.25, 6, 3.54688, 6.29688], "texture": "#0"},
				"south": {"uv": [5.75, 6, 6.03125, 6.29688], "texture": "#0"},
				"west": {"uv": [3.75, 6, 4.04688, 6.29688], "texture": "#0"},
				"up": {"uv": [6.53125, 0.29688, 6.25, 0], "texture": "#0"},
				"down": {"uv": [0.78125, 6.25, 0.5, 6.54688], "texture": "#0"}
			}
		},
		{
			"name": "leg_top",
			"from": [7.35, 0.75, 4.85],
			"to": [8.5, 1.35, 5.55],
			"rotation": {"angle": 0, "axis": "y", "origin": [7.45, 0.5, 2.65]},
			"faces": {
				"north": {"uv": [6.75, 2.25, 7.03125, 2.40625], "texture": "#0"},
				"east": {"uv": [2.5, 7.25, 2.67188, 7.40625], "texture": "#0"},
				"south": {"uv": [2.75, 6.75, 3.03125, 6.90625], "texture": "#0"},
				"west": {"uv": [7.25, 2.5, 7.42188, 2.65625], "texture": "#0"},
				"up": {"uv": [7.03125, 0.17188, 6.75, 0], "texture": "#0"},
				"down": {"uv": [7.03125, 0.25, 6.75, 0.42188], "texture": "#0"}
			}
		},
		{
			"name": "leg_middle",
			"from": [6.45, 0.75, 4.95],
			"to": [7.6, 1.65, 5.85],
			"rotation": {"angle": 0, "axis": "y", "origin": [6.55, 0.7, 2.85]},
			"faces": {
				"north": {"uv": [6.5, 1.25, 6.78125, 1.46875], "texture": "#0"},
				"east": {"uv": [4.5, 2.5, 4.71875, 2.71875], "texture": "#0"},
				"south": {"uv": [2.5, 6.5, 2.78125, 6.71875], "texture": "#0"},
				"west": {"uv": [2.25, 4.75, 2.46875, 4.96875], "texture": "#0"},
				"up": {"uv": [3.28125, 6.71875, 3, 6.5], "texture": "#0"},
				"down": {"uv": [6.78125, 3, 6.5, 3.21875], "texture": "#0"}
			}
		},
		{
			"name": "leg_bottom",
			"from": [5.55, 1.15, 5.35],
			"to": [6.7, 2.05, 6.25],
			"rotation": {"angle": 0, "axis": "y", "origin": [5.65, 1.1, 3.25]},
			"faces": {
				"north": {"uv": [6.5, 3.25, 6.78125, 3.46875], "texture": "#0"},
				"east": {"uv": [3.5, 4.75, 3.71875, 4.96875], "texture": "#0"},
				"south": {"uv": [3.5, 6.5, 3.78125, 6.71875], "texture": "#0"},
				"west": {"uv": [1.75, 6, 1.96875, 6.21875], "texture": "#0"},
				"up": {"uv": [6.78125, 3.96875, 6.5, 3.75], "texture": "#0"},
				"down": {"uv": [4.28125, 6.5, 4, 6.71875], "texture": "#0"}
			}
		},
		{
			"name": "thigh",
			"from": [4.65, 1.25, 5.75],
			"to": [5.8, 2.45, 6.95],
			"rotation": {"angle": 0, "axis": "y", "origin": [4.75, 1.5, 3.95]},
			"faces": {
				"north": {"uv": [1, 6.25, 1.28125, 6.54688], "texture": "#0"},
				"east": {"uv": [4.25, 6, 4.54688, 6.29688], "texture": "#0"},
				"south": {"uv": [6.25, 1.5, 6.53125, 1.79688], "texture": "#0"},
				"west": {"uv": [6, 4.5, 6.29688, 4.79688], "texture": "#0"},
				"up": {"uv": [2.03125, 6.54688, 1.75, 6.25], "texture": "#0"},
				"down": {"uv": [6.53125, 2, 6.25, 2.29688], "texture": "#0"}
			}
		},
		{
			"name": "foot_borttom",
			"from": [8.35, 0.65, 4.65],
			"to": [9.1, 1.05, 5.35],
			"rotation": {"angle": 0, "axis": "y", "origin": [8.45, 0.2, 2.55]},
			"faces": {
				"north": {"uv": [5.25, 7.25, 5.4375, 7.34375], "texture": "#0"},
				"east": {"uv": [0, 7.5, 0.17188, 7.59375], "texture": "#0"},
				"south": {"uv": [7.25, 5.25, 7.4375, 5.34375], "texture": "#0"},
				"west": {"uv": [7.5, 0, 7.67188, 0.09375], "texture": "#0"},
				"up": {"uv": [3.9375, 7.17188, 3.75, 7], "texture": "#0"},
				"down": {"uv": [7.1875, 3.75, 7, 3.92188], "texture": "#0"}
			}
		},
		{
			"name": "foot_top",
			"from": [9.1, 0.65, 4.55],
			"to": [9.8, 0.95, 5.45],
			"rotation": {"angle": 0, "axis": "y", "origin": [8.45, 0.2, 2.55]},
			"faces": {
				"north": {"uv": [1, 7.5, 1.17188, 7.57813], "texture": "#0"},
				"east": {"uv": [7.25, 6.25, 7.46875, 6.32813], "texture": "#0"},
				"south": {"uv": [7.5, 1, 7.67188, 1.07813], "texture": "#0"},
				"west": {"uv": [6.5, 7.25, 6.71875, 7.32813], "texture": "#0"},
				"up": {"uv": [5.92188, 6.96875, 5.75, 6.75], "texture": "#0"},
				"down": {"uv": [6.92188, 5.75, 6.75, 5.96875], "texture": "#0"}
			}
		},
		{
			"name": "toe_1",
			"from": [9.15, 0.65, 5.45],
			"to": [9.35, 0.85, 5.9],
			"rotation": {"angle": 35, "axis": "y", "origin": [9.05, 0.5, 5.55]},
			"faces": {
				"north": {"uv": [7.75, 6, 7.79688, 6.04688], "texture": "#0"},
				"east": {"uv": [7.75, 1.5, 7.85938, 1.54688], "texture": "#0"},
				"south": {"uv": [6.25, 7.75, 6.29688, 7.79688], "texture": "#0"},
				"west": {"uv": [1.75, 7.75, 1.85938, 7.79688], "texture": "#0"},
				"up": {"uv": [7.79688, 1.85938, 7.75, 1.75], "texture": "#0"},
				"down": {"uv": [2.04688, 7.75, 2, 7.85938], "texture": "#0"}
			}
		},
		{
			"name": "toe_2",
			"from": [9.45, 0.65, 5.25],
			"to": [9.9, 0.85, 5.45],
			"rotation": {"angle": -30, "axis": "y", "origin": [9.55, 0.5, 5.55]},
			"faces": {
				"north": {"uv": [7.75, 2, 7.85938, 2.04688], "texture": "#0"},
				"east": {"uv": [7.75, 6.25, 7.79688, 6.29688], "texture": "#0"},
				"south": {"uv": [2.25, 7.75, 2.35938, 7.79688], "texture": "#0"},
				"west": {"uv": [6.5, 7.75, 6.54688, 7.79688], "texture": "#0"},
				"up": {"uv": [7.85938, 2.29688, 7.75, 2.25], "texture": "#0"},
				"down": {"uv": [2.60938, 7.75, 2.5, 7.79688], "texture": "#0"}
			}
		},
		{
			"name": "toe_3",
			"from": [9.75, 0.65, 5.05],
			"to": [10.3, 0.85, 5.25],
			"rotation": {"angle": -5, "axis": "y", "origin": [9.85, 0.5, 5.4]},
			"faces": {
				"north": {"uv": [3.75, 7.5, 3.89063, 7.54688], "texture": "#0"},
				"east": {"uv": [7.75, 6.5, 7.79688, 6.54688], "texture": "#0"},
				"south": {"uv": [7.5, 3.75, 7.64063, 3.79688], "texture": "#0"},
				"west": {"uv": [6.75, 7.75, 6.79688, 7.79688], "texture": "#0"},
				"up": {"uv": [4.14063, 7.54688, 4, 7.5], "texture": "#0"},
				"down": {"uv": [7.64063, 4, 7.5, 4.04688], "texture": "#0"}
			}
		},
		{
			"name": "toe_4",
			"from": [9.85, 0.65, 4.75],
			"to": [10.4, 0.85, 4.95],
			"rotation": {"angle": 18, "axis": "y", "origin": [9.95, 0.5, 5.1]},
			"faces": {
				"north": {"uv": [4.25, 7.5, 4.39063, 7.54688], "texture": "#0"},
				"east": {"uv": [7.75, 6.75, 7.79688, 6.79688], "texture": "#0"},
				"south": {"uv": [7.5, 4.25, 7.64063, 4.29688], "texture": "#0"},
				"west": {"uv": [7, 7.75, 7.04688, 7.79688], "texture": "#0"},
				"up": {"uv": [4.64063, 7.54688, 4.5, 7.5], "texture": "#0"},
				"down": {"uv": [7.64063, 4.5, 7.5, 4.54688], "texture": "#0"}
			}
		},
		{
			"name": "toe_5",
			"from": [9.2, 0.65, 4.1],
			"to": [9.4, 0.85, 4.65],
			"rotation": {"angle": 27.5, "axis": "y", "origin": [9.55, 0.5, 4.55]},
			"faces": {
				"north": {"uv": [7.75, 7, 7.79688, 7.04688], "texture": "#0"},
				"east": {"uv": [4.75, 7.5, 4.89063, 7.54688], "texture": "#0"},
				"south": {"uv": [7.25, 7.75, 7.29688, 7.79688], "texture": "#0"},
				"west": {"uv": [7.5, 4.75, 7.64063, 4.79688], "texture": "#0"},
				"up": {"uv": [5.04688, 7.64063, 5, 7.5], "texture": "#0"},
				"down": {"uv": [7.54688, 5, 7.5, 5.14063], "texture": "#0"}
			}
		},
		{
			"name": "foot_borttom",
			"from": [12.75, 0.65, 11.05],
			"to": [13.5, 1.05, 11.75],
			"rotation": {"angle": 0, "axis": "y", "origin": [12.85, 0.2, 13.85]},
			"faces": {
				"north": {"uv": [5.5, 7.25, 5.6875, 7.34375], "texture": "#0"},
				"east": {"uv": [0.25, 7.5, 0.42188, 7.59375], "texture": "#0"},
				"south": {"uv": [7.25, 5.5, 7.4375, 5.59375], "texture": "#0"},
				"west": {"uv": [7.5, 0.25, 7.67188, 0.34375], "texture": "#0"},
				"up": {"uv": [4.1875, 7.17188, 4, 7], "texture": "#0"},
				"down": {"uv": [7.1875, 4, 7, 4.17188], "texture": "#0"}
			}
		},
		{
			"name": "foot_top",
			"from": [13.25, 0.55, 10.95],
			"to": [13.95, 0.85, 11.85],
			"rotation": {"angle": 0, "axis": "y", "origin": [12.6, 0.1, 13.85]},
			"faces": {
				"north": {"uv": [1.25, 7.5, 1.42188, 7.57813], "texture": "#0"},
				"east": {"uv": [7.25, 6.5, 7.46875, 6.57813], "texture": "#0"},
				"south": {"uv": [7.5, 1.25, 7.67188, 1.32813], "texture": "#0"},
				"west": {"uv": [6.75, 7.25, 6.96875, 7.32813], "texture": "#0"},
				"up": {"uv": [6.17188, 6.96875, 6, 6.75], "texture": "#0"},
				"down": {"uv": [6.92188, 6, 6.75, 6.21875], "texture": "#0"}
			}
		},
		{
			"name": "toe_1",
			"from": [13.3, 0.55, 10.5],
			"to": [13.5, 0.75, 10.95],
			"rotation": {"angle": -35, "axis": "y", "origin": [13.2, 0.4, 10.85]},
			"faces": {
				"north": {"uv": [7.75, 7.25, 7.79688, 7.29688], "texture": "#0"},
				"east": {"uv": [7.75, 2.5, 7.85938, 2.54688], "texture": "#0"},
				"south": {"uv": [7.5, 7.75, 7.54688, 7.79688], "texture": "#0"},
				"west": {"uv": [2.75, 7.75, 2.85938, 7.79688], "texture": "#0"},
				"up": {"uv": [7.79688, 2.85938, 7.75, 2.75], "texture": "#0"},
				"down": {"uv": [3.04688, 7.75, 3, 7.85938], "texture": "#0"}
			}
		},
		{
			"name": "toe_2",
			"from": [13.6, 0.55, 10.95],
			"to": [14.05, 0.75, 11.15],
			"rotation": {"angle": 30, "axis": "y", "origin": [13.7, 0.4, 10.85]},
			"faces": {
				"north": {"uv": [7.75, 3, 7.85938, 3.04688], "texture": "#0"},
				"east": {"uv": [7.75, 7.5, 7.79688, 7.54688], "texture": "#0"},
				"south": {"uv": [3.25, 7.75, 3.35938, 7.79688], "texture": "#0"},
				"west": {"uv": [7.75, 7.75, 7.79688, 7.79688], "texture": "#0"},
				"up": {"uv": [7.85938, 3.29688, 7.75, 3.25], "texture": "#0"},
				"down": {"uv": [3.60938, 7.75, 3.5, 7.79688], "texture": "#0"}
			}
		},
		{
			"name": "toe_3",
			"from": [13.9, 0.55, 11.15],
			"to": [14.45, 0.75, 11.35],
			"rotation": {"angle": 5, "axis": "y", "origin": [14, 0.4, 11]},
			"faces": {
				"north": {"uv": [5.25, 7.5, 5.39063, 7.54688], "texture": "#0"},
				"east": {"uv": [0, 8, 0.04688, 8.04688], "texture": "#0"},
				"south": {"uv": [7.5, 5.25, 7.64063, 5.29688], "texture": "#0"},
				"west": {"uv": [8, 0, 8.04688, 0.04688], "texture": "#0"},
				"up": {"uv": [5.64063, 7.54688, 5.5, 7.5], "texture": "#0"},
				"down": {"uv": [7.64063, 5.5, 7.5, 5.54688], "texture": "#0"}
			}
		},
		{
			"name": "toe_4",
			"from": [14, 0.55, 11.45],
			"to": [14.55, 0.75, 11.65],
			"rotation": {"angle": -18, "axis": "y", "origin": [14.1, 0.4, 11.3]},
			"faces": {
				"north": {"uv": [5.75, 7.5, 5.89063, 7.54688], "texture": "#0"},
				"east": {"uv": [0.25, 8, 0.29688, 8.04688], "texture": "#0"},
				"south": {"uv": [7.5, 5.75, 7.64063, 5.79688], "texture": "#0"},
				"west": {"uv": [8, 0.25, 8.04688, 0.29688], "texture": "#0"},
				"up": {"uv": [6.14063, 7.54688, 6, 7.5], "texture": "#0"},
				"down": {"uv": [7.64063, 6, 7.5, 6.04688], "texture": "#0"}
			}
		},
		{
			"name": "toe_5",
			"from": [13.35, 0.55, 11.75],
			"to": [13.55, 0.75, 12.3],
			"rotation": {"angle": -27.5, "axis": "y", "origin": [13.7, 0.4, 11.85]},
			"faces": {
				"north": {"uv": [0.5, 8, 0.54688, 8.04688], "texture": "#0"},
				"east": {"uv": [6.25, 7.5, 6.39063, 7.54688], "texture": "#0"},
				"south": {"uv": [8, 0.5, 8.04688, 0.54688], "texture": "#0"},
				"west": {"uv": [7.5, 6.25, 7.64063, 6.29688], "texture": "#0"},
				"up": {"uv": [6.54688, 7.64063, 6.5, 7.5], "texture": "#0"},
				"down": {"uv": [7.54688, 6.5, 7.5, 6.64063], "texture": "#0"}
			}
		},
		{
			"name": "Leg_top_top",
			"from": [11.45, 2.9, 10.1],
			"to": [12.2, 3.5, 10.95],
			"rotation": {"angle": 0, "axis": "y", "origin": [11.65, 3.4, 10.7]},
			"faces": {
				"north": {"uv": [6.5, 7, 6.6875, 7.15625], "texture": "#0"},
				"east": {"uv": [2, 7, 2.21875, 7.15625], "texture": "#0"},
				"south": {"uv": [7, 6.5, 7.1875, 6.65625], "texture": "#0"},
				"west": {"uv": [2.25, 7, 2.46875, 7.15625], "texture": "#0"},
				"up": {"uv": [6.9375, 2.96875, 6.75, 2.75], "texture": "#0"},
				"down": {"uv": [3.4375, 6.75, 3.25, 6.96875], "texture": "#0"}
			}
		},
		{
			"name": "Leg_top",
			"from": [11.85, 2.1, 10.5],
			"to": [12.6, 3, 11.15],
			"rotation": {"angle": 0, "axis": "y", "origin": [12.25, 2.9, 11.1]},
			"faces": {
				"north": {"uv": [3.5, 6.75, 3.6875, 6.96875], "texture": "#0"},
				"east": {"uv": [2.5, 7, 2.65625, 7.21875], "texture": "#0"},
				"south": {"uv": [6.75, 3.5, 6.9375, 3.71875], "texture": "#0"},
				"west": {"uv": [7, 2.5, 7.15625, 2.71875], "texture": "#0"},
				"up": {"uv": [6.9375, 7.15625, 6.75, 7], "texture": "#0"},
				"down": {"uv": [7.1875, 6.75, 7, 6.90625], "texture": "#0"}
			}
		},
		{
			"name": "Leg_middle",
			"from": [12.15, 1.45, 10.8],
			"to": [12.9, 2.2, 11.45],
			"rotation": {"angle": 0, "axis": "y", "origin": [12.55, 2.15, 11.4]},
			"faces": {
				"north": {"uv": [0.5, 7, 0.6875, 7.1875], "texture": "#0"},
				"east": {"uv": [7, 7, 7.15625, 7.1875], "texture": "#0"},
				"south": {"uv": [7, 0.5, 7.1875, 0.6875], "texture": "#0"},
				"west": {"uv": [0, 7.25, 0.15625, 7.4375], "texture": "#0"},
				"up": {"uv": [7.4375, 0.15625, 7.25, 0], "texture": "#0"},
				"down": {"uv": [0.4375, 7.25, 0.25, 7.40625], "texture": "#0"}
			}
		},
		{
			"name": "Leg_middle",
			"from": [12.45, 0.9, 11],
			"to": [13.1, 1.7, 11.65],
			"rotation": {"angle": 0, "axis": "y", "origin": [12.85, 1.4, 11.8]},
			"faces": {
				"north": {"uv": [7, 4.5, 7.15625, 4.70313], "texture": "#0"},
				"east": {"uv": [7, 4.75, 7.15625, 4.95313], "texture": "#0"},
				"south": {"uv": [7, 5, 7.15625, 5.20313], "texture": "#0"},
				"west": {"uv": [5.25, 7, 5.40625, 7.20313], "texture": "#0"},
				"up": {"uv": [3.15625, 7.40625, 3, 7.25], "texture": "#0"},
				"down": {"uv": [7.40625, 3, 7.25, 3.15625], "texture": "#0"}
			}
		},
		{
			"name": "Leg_top_top",
			"from": [11.45, 2.9, 6.05],
			"to": [12.2, 3.5, 6.9],
			"rotation": {"angle": 0, "axis": "y", "origin": [11.65, 3.4, 6.3]},
			"faces": {
				"north": {"uv": [7.25, 0.25, 7.4375, 0.40625], "texture": "#0"},
				"east": {"uv": [2.75, 7, 2.96875, 7.15625], "texture": "#0"},
				"south": {"uv": [0.5, 7.25, 0.6875, 7.40625], "texture": "#0"},
				"west": {"uv": [7, 2.75, 7.21875, 2.90625], "texture": "#0"},
				"up": {"uv": [3.9375, 6.96875, 3.75, 6.75], "texture": "#0"},
				"down": {"uv": [4.1875, 6.75, 4, 6.96875], "texture": "#0"}
			}
		},
		{
			"name": "Leg_top",
			"from": [11.85, 2.1, 5.85],
			"to": [12.6, 3, 6.5],
			"rotation": {"angle": 0, "axis": "y", "origin": [12.25, 2.9, 5.9]},
			"faces": {
				"north": {"uv": [6.75, 4, 6.9375, 4.21875], "texture": "#0"},
				"east": {"uv": [3, 7, 3.15625, 7.21875], "texture": "#0"},
				"south": {"uv": [4.25, 6.75, 4.4375, 6.96875], "texture": "#0"},
				"west": {"uv": [7, 3, 7.15625, 3.21875], "texture": "#0"},
				"up": {"uv": [7.4375, 0.65625, 7.25, 0.5], "texture": "#0"},
				"down": {"uv": [0.9375, 7.25, 0.75, 7.40625], "texture": "#0"}
			}
		},
		{
			"name": "Leg_middle",
			"from": [12.15, 1.45, 5.55],
			"to": [12.9, 2.2, 6.2],
			"rotation": {"angle": 0, "axis": "y", "origin": [12.55, 2.15, 5.6]},
			"faces": {
				"north": {"uv": [0.75, 7, 0.9375, 7.1875], "texture": "#0"},
				"east": {"uv": [7.25, 0.75, 7.40625, 0.9375], "texture": "#0"},
				"south": {"uv": [7, 0.75, 7.1875, 0.9375], "texture": "#0"},
				"west": {"uv": [1, 7.25, 1.15625, 7.4375], "texture": "#0"},
				"up": {"uv": [7.4375, 1.15625, 7.25, 1], "texture": "#0"},
				"down": {"uv": [1.4375, 7.25, 1.25, 7.40625], "texture": "#0"}
			}
		},
		{
			"name": "Leg_middle",
			"from": [12.45, 0.9, 5.35],
			"to": [13.1, 1.7, 6],
			"rotation": {"angle": 0, "axis": "y", "origin": [12.85, 1.4, 5.2]},
			"faces": {
				"north": {"uv": [7, 5.25, 7.15625, 5.45313], "texture": "#0"},
				"east": {"uv": [5.5, 7, 5.65625, 7.20313], "texture": "#0"},
				"south": {"uv": [7, 5.5, 7.15625, 5.70313], "texture": "#0"},
				"west": {"uv": [5.75, 7, 5.90625, 7.20313], "texture": "#0"},
				"up": {"uv": [3.40625, 7.40625, 3.25, 7.25], "texture": "#0"},
				"down": {"uv": [7.40625, 3.25, 7.25, 3.40625], "texture": "#0"}
			}
		},
		{
			"name": "foot_borttom",
			"from": [12.75, 0.65, 5.25],
			"to": [13.5, 1.05, 5.95],
			"rotation": {"angle": 0, "axis": "y", "origin": [12.85, 0.2, 3.15]},
			"faces": {
				"north": {"uv": [5.75, 7.25, 5.9375, 7.34375], "texture": "#0"},
				"east": {"uv": [0.5, 7.5, 0.67188, 7.59375], "texture": "#0"},
				"south": {"uv": [7.25, 5.75, 7.4375, 5.84375], "texture": "#0"},
				"west": {"uv": [7.5, 0.5, 7.67188, 0.59375], "texture": "#0"},
				"up": {"uv": [4.4375, 7.17188, 4.25, 7], "texture": "#0"},
				"down": {"uv": [7.1875, 4.25, 7, 4.42188], "texture": "#0"}
			}
		},
		{
			"name": "foot_top",
			"from": [13.25, 0.55, 5.15],
			"to": [13.95, 0.85, 6.05],
			"rotation": {"angle": 0, "axis": "y", "origin": [12.6, 0.1, 3.15]},
			"faces": {
				"north": {"uv": [1.5, 7.5, 1.67188, 7.57813], "texture": "#0"},
				"east": {"uv": [7.25, 6.75, 7.46875, 6.82813], "texture": "#0"},
				"south": {"uv": [7.5, 1.5, 7.67188, 1.57813], "texture": "#0"},
				"west": {"uv": [7, 7.25, 7.21875, 7.32813], "texture": "#0"},
				"up": {"uv": [6.42188, 6.96875, 6.25, 6.75], "texture": "#0"},
				"down": {"uv": [6.92188, 6.25, 6.75, 6.46875], "texture": "#0"}
			}
		},
		{
			"name": "toe_1",
			"from": [13.3, 0.55, 6.05],
			"to": [13.5, 0.75, 6.5],
			"rotation": {"angle": 35, "axis": "y", "origin": [13.2, 0.4, 6.15]},
			"faces": {
				"north": {"uv": [0.75, 8, 0.79688, 8.04688], "texture": "#0"},
				"east": {"uv": [7.75, 3.5, 7.85938, 3.54688], "texture": "#0"},
				"south": {"uv": [8, 0.75, 8.04688, 0.79688], "texture": "#0"},
				"west": {"uv": [3.75, 7.75, 3.85938, 7.79688], "texture": "#0"},
				"up": {"uv": [7.79688, 3.85938, 7.75, 3.75], "texture": "#0"},
				"down": {"uv": [4.04688, 7.75, 4, 7.85938], "texture": "#0"}
			}
		},
		{
			"name": "toe_2",
			"from": [13.6, 0.55, 5.85],
			"to": [14.05, 0.75, 6.05],
			"rotation": {"angle": -30, "axis": "y", "origin": [13.7, 0.4, 6.15]},
			"faces": {
				"north": {"uv": [7.75, 4, 7.85938, 4.04688], "texture": "#0"},
				"east": {"uv": [1, 8, 1.04688, 8.04688], "texture": "#0"},
				"south": {"uv": [4.25, 7.75, 4.35938, 7.79688], "texture": "#0"},
				"west": {"uv": [8, 1, 8.04688, 1.04688], "texture": "#0"},
				"up": {"uv": [7.85938, 4.29688, 7.75, 4.25], "texture": "#0"},
				"down": {"uv": [4.60938, 7.75, 4.5, 7.79688], "texture": "#0"}
			}
		},
		{
			"name": "toe_3",
			"from": [13.9, 0.55, 5.65],
			"to": [14.45, 0.75, 5.85],
			"rotation": {"angle": -5, "axis": "y", "origin": [14, 0.4, 6]},
			"faces": {
				"north": {"uv": [6.75, 7.5, 6.89063, 7.54688], "texture": "#0"},
				"east": {"uv": [1.25, 8, 1.29688, 8.04688], "texture": "#0"},
				"south": {"uv": [7.5, 6.75, 7.64063, 6.79688], "texture": "#0"},
				"west": {"uv": [8, 1.25, 8.04688, 1.29688], "texture": "#0"},
				"up": {"uv": [7.14063, 7.54688, 7, 7.5], "texture": "#0"},
				"down": {"uv": [7.64063, 7, 7.5, 7.04688], "texture": "#0"}
			}
		},
		{
			"name": "toe_4",
			"from": [14, 0.55, 5.35],
			"to": [14.55, 0.75, 5.55],
			"rotation": {"angle": 18, "axis": "y", "origin": [14.1, 0.4, 5.7]},
			"faces": {
				"north": {"uv": [7.25, 7.5, 7.39063, 7.54688], "texture": "#0"},
				"east": {"uv": [1.5, 8, 1.54688, 8.04688], "texture": "#0"},
				"south": {"uv": [7.5, 7.25, 7.64063, 7.29688], "texture": "#0"},
				"west": {"uv": [8, 1.5, 8.04688, 1.54688], "texture": "#0"},
				"up": {"uv": [7.64063, 7.54688, 7.5, 7.5], "texture": "#0"},
				"down": {"uv": [0.14063, 7.75, 0, 7.79688], "texture": "#0"}
			}
		},
		{
			"name": "toe_5",
			"from": [13.35, 0.55, 4.7],
			"to": [13.55, 0.75, 5.25],
			"rotation": {"angle": 27.5, "axis": "y", "origin": [13.7, 0.4, 5.15]},
			"faces": {
				"north": {"uv": [1.75, 8, 1.79688, 8.04688], "texture": "#0"},
				"east": {"uv": [7.75, 0, 7.89063, 0.04688], "texture": "#0"},
				"south": {"uv": [8, 1.75, 8.04688, 1.79688], "texture": "#0"},
				"west": {"uv": [0.25, 7.75, 0.39063, 7.79688], "texture": "#0"},
				"up": {"uv": [7.79688, 0.39063, 7.75, 0.25], "texture": "#0"},
				"down": {"uv": [0.54688, 7.75, 0.5, 7.89063], "texture": "#0"}
			}
		},
		{
			"name": "nub",
			"from": [-0.15, 1.5, 8.5],
			"to": [1.85, 1.95, 8.9],
			"rotation": {"angle": 0, "axis": "y", "origin": [-0.15, 1.25, 7.2]},
			"faces": {
				"north": {"uv": [6.5, 4.75, 7, 4.85938], "texture": "#0"},
				"east": {"uv": [2, 7.5, 2.09375, 7.60938], "texture": "#0"},
				"south": {"uv": [5, 6.5, 5.5, 6.60938], "texture": "#0"},
				"west": {"uv": [7.5, 2, 7.59375, 2.10938], "texture": "#0"},
				"up": {"uv": [1, 6.84375, 0.5, 6.75], "texture": "#0"},
				"down": {"uv": [1.5, 6.75, 1, 6.84375], "texture": "#0"}
			}
		},
		{
			"name": "chonk_to_body",
			"from": [3.85, 1, 7.55],
			"to": [4.15, 2.95, 9.6],
			"rotation": {"angle": 0, "axis": "y", "origin": [3.85, 1.25, 7.2]},
			"faces": {
				"north": {"uv": [5, 6.75, 5.07813, 7.23438], "texture": "#0"},
				"east": {"uv": [1.5, 4.75, 2.01563, 5.23438], "texture": "#0"},
				"south": {"uv": [6.75, 5, 6.82813, 5.48438], "texture": "#0"},
				"west": {"uv": [4.75, 2.5, 5.26563, 2.98438], "texture": "#0"},
				"up": {"uv": [4.57813, 7.26563, 4.5, 6.75], "texture": "#0"},
				"down": {"uv": [4.82813, 6.75, 4.75, 7.26563], "texture": "#0"}
			}
		},
		{
			"name": "chonk",
			"from": [1.85, 1, 7.25],
			"to": [3.85, 2.95, 9.9],
			"rotation": {"angle": 0, "axis": "y", "origin": [1.85, 1.25, 7.2]},
			"faces": {
				"north": {"uv": [4.75, 3, 5.25, 3.48438], "texture": "#0"},
				"east": {"uv": [0, 4.25, 0.65625, 4.73438], "texture": "#0"},
				"south": {"uv": [5, 1.5, 5.5, 1.98438], "texture": "#0"},
				"west": {"uv": [0.75, 4.25, 1.40625, 4.73438], "texture": "#0"},
				"up": {"uv": [2, 4.65625, 1.5, 4], "texture": "#0"},
				"down": {"uv": [2.5, 4, 2, 4.65625], "texture": "#0"}
			}
		}
	],
	"display": {
		"thirdperson_righthand": {
			"rotation": [0, 93, 0],
			"translation": [-0.25, 4.25, 4.5],
			"scale": [0.54, 0.54, 0.54]
		},
		"thirdperson_lefthand": {
			"rotation": [0, -93, 0],
			"translation": [0.25, 4.25, 4.5],
			"scale": [0.54, 0.54, 0.54]
		},
		"firstperson_righthand": {
			"rotation": [-8, -134, 0],
			"translation": [2, 6, -0.25],
			"scale": [0.54, 0.54, 0.54]
		},
		"firstperson_lefthand": {
			"rotation": [-8, 44, 0],
			"translation": [1.5, 6, -0.25],
			"scale": [0.54, 0.54, 0.54]
		},
		"ground": {
			"translation": [0, 2.5, 0],
			"scale": [0.51, 0.51, 0.51]
		},
		"gui": {
			"rotation": [13, -130, 16],
			"translation": [2.5, 2.25, -1],
			"scale": [1.07, 1.07, 1.07]
		},
		"head": {
			"rotation": [0, 90, -4],
			"translation": [-0.5, 14.25, 0]
		},
		"fixed": {
			"rotation": [-90, -90, 0],
			"translation": [0, 0, -7.5]
		},
		"on_shelf": {
			"rotation": [90, 90, 0],
			"translation": [0, 0, 3.5]
		}
	},
	"groups": [
		{
			"name": "Body",
			"origin": [1.85, 1.25, 7.2],
			"color": 0,
			"children": [
				{
					"name": "Head",
					"origin": [8, 8, 8],
					"color": 0,
					"children": [
						{
							"name": "Head",
							"origin": [15.85, 5.65, 7.2],
							"color": 0,
							"children": [
								{
									"name": "Head_Top",
									"origin": [15.85, 5.65, 7.2],
									"color": 0,
									"children": [0, 1]
								},
								{
									"name": "Head_Middle",
									"origin": [14.75, 5.75, 7.2],
									"color": 0,
									"children": [2, 3, 4]
								},
								{
									"name": "Head_Bottom",
									"origin": [13.65, 5.45, 7.2],
									"color": 0,
									"children": [5, 6]
								}
							]
						},
						{
							"name": "Eyes",
							"origin": [16.15, 5.65, 7.9],
							"color": 0,
							"children": [7, 8]
						},
						{
							"name": "Mouth",
							"origin": [17.05, 4.35, 7.2],
							"color": 0,
							"children": [
								{
									"name": "Mouth_Top",
									"origin": [17.05, 5.35, 7.2],
									"color": 0,
									"children": [9, 10]
								},
								{
									"name": "Mouth_bottom",
									"origin": [16.55, 4.75, 7.2],
									"color": 0,
									"children": [
										11,
										12,
										{
											"name": "mouth_bottom_front",
											"origin": [17.05, 4.35, 7.2],
											"color": 0,
											"children": [13, 14]
										}
									]
								}
							]
						}
					]
				},
				{
					"name": "Neck",
					"origin": [12.15, 4.55, 7.2],
					"color": 0,
					"children": [15, 16]
				},
				{
					"name": "Torso",
					"origin": [10.75, 2.65, 7.2],
					"color": 0,
					"children": [17, 18, 19, 20, 21, 22, 23]
				},
				{
					"name": "Legs",
					"origin": [8, 8, 8],
					"color": 0,
					"children": [
						{
							"name": "Leg_Back_Right",
							"origin": [8, 8, 8],
							"color": 0,
							"children": [
								{
									"name": "Foot_Back_Right",
									"origin": [8, 8, 8],
									"color": 0,
									"children": [24, 25, 26, 27, 28, 29, 30]
								},
								{
									"name": "Leg_Back_Right",
									"origin": [16.95, 6.25, 7.2],
									"color": 0,
									"children": [31, 32, 33, 34]
								}
							]
						},
						{
							"name": "Leg_Back_Left",
							"origin": [-0.15, 1.25, 7.2],
							"color": 0,
							"children": [
								{
									"name": "Leg_Back_Left",
									"origin": [16.95, 6.25, 7.2],
									"color": 0,
									"children": [35, 36, 37, 38]
								},
								{
									"name": "Foot_Back_Left",
									"origin": [8, 8, 8],
									"color": 0,
									"children": [39, 40, 41, 42, 43, 44, 45]
								}
							]
						},
						{
							"name": "Leg_Front_Right",
							"origin": [8, 8, 8],
							"color": 0,
							"children": [
								{
									"name": "Foot_Front_Right",
									"origin": [8, 8, 8],
									"color": 0,
									"children": [46, 47, 48, 49, 50, 51, 52]
								},
								{
									"name": "Leg_Front_Right",
									"origin": [8, 8, 8],
									"color": 0,
									"children": [53, 54, 55, 56]
								}
							]
						},
						{
							"name": "Leg_Front_Left",
							"origin": [8, 8, 8],
							"color": 0,
							"children": [
								{
									"name": "Leg_Front_Left",
									"origin": [8, 8, 8],
									"color": 0,
									"children": [57, 58, 59, 60]
								},
								{
									"name": "Foot_Front_Left",
									"origin": [8, 8, 8],
									"color": 0,
									"children": [61, 62, 63, 64, 65, 66, 67]
								}
							]
						}
					]
				},
				{
					"name": "Tail",
					"origin": [-0.15, 1.25, 7.2],
					"color": 0,
					"children": [68, 69, 70]
				}
			]
		}
	]
}