{
	"credit": "Created by Mickey Joe Alpha - http://YouTube.com/@MushirMickeyJoe",
	"textures": {
		"particle": "item/weapons/netherite_sword/lightsabers/saberlight"
	},
	"elements": [
		{
			"from": [7, 0, 7],
			"to": [9, 7, 9],
			"rotation": {"angle": 0, "axis": "y", "origin": [7, 0, 7]},
			"faces": {
				"north": {"uv": [2, 9, 4, 16], "texture": "#particle"},
				"east": {"uv": [0, 9, 2, 16], "texture": "#particle"},
				"south": {"uv": [6, 9, 8, 16], "texture": "#particle"},
				"west": {"uv": [4, 9, 6, 16], "texture": "#particle"},
				"up": {"uv": [4, 9, 2, 7], "texture": "#particle"},
				"down": {"uv": [6, 7, 4, 9], "texture": "#particle"}
			}
		},
		{
			"from": [7.5, 7, 7.5],
			"to": [8.5, 8, 8.5],
			"light_emission": 15,
			"rotation": {"angle": 0, "axis": "y", "origin": [7, 7, 7]},
			"faces": {
				"north": {"uv": [1, 8, 2, 9], "texture": "#particle"},
				"east": {"uv": [1, 8, 2, 9], "texture": "#particle"},
				"south": {"uv": [1, 8, 2, 9], "texture": "#particle"},
				"west": {"uv": [1, 8, 2, 9], "texture": "#particle"},
				"up": {"uv": [0, 0, 1, 1], "texture": "#particle"}
			}
		},
		{
			"from": [6.5, 3, 6.5],
			"to": [9.5, 5, 9.5],
			"rotation": {"angle": 0, "axis": "y", "origin": [7.5, 0, 6.5]},
			"faces": {
				"north": {"uv": [11, 14, 14, 16], "texture": "#particle"},
				"east": {"uv": [14, 14, 11, 16], "texture": "#particle"},
				"south": {"uv": [11, 14, 14, 16], "texture": "#particle"},
				"west": {"uv": [14, 14, 11, 16], "texture": "#particle"},
				"up": {"uv": [11, 14, 8, 11], "rotation": 90, "texture": "#particle"},
				"down": {"uv": [14, 11, 11, 14], "texture": "#particle"}
			}
		},
		{
			"from": [7.5, 3, 6],
			"to": [8.5, 5, 6],
			"rotation": {"angle": 0, "axis": "y", "origin": [7.5, 0, 6.5]},
			"faces": {
				"north": {"uv": [0, 7, 1, 9], "texture": "#particle"},
				"east": {"uv": [0, 7, 1, 9], "texture": "#particle"},
				"west": {"uv": [0, 7, 1, 9], "texture": "#particle"},
				"up": {"uv": [1, 8, 0, 7], "texture": "#particle"},
				"down": {"uv": [1, 8, 0, 9], "texture": "#particle"}
			}
		},
		{
			"from": [6.5, 0.5, 6.5],
			"to": [9.5, 2.5, 9.5],
			"rotation": {"angle": 0, "axis": "y", "origin": [7.5, 0.5, 6.5]},
			"faces": {
				"north": {"uv": [8, 14, 11, 16], "texture": "#particle"},
				"east": {"uv": [8, 14, 11, 16], "texture": "#particle"},
				"south": {"uv": [8, 14, 11, 16], "texture": "#particle"},
				"west": {"uv": [8, 14, 11, 16], "texture": "#particle"}
			}
		},
		{
			"from": [9.5, 2.5, 9.5],
			"to": [6.5, 0.5, 6.5],
			"rotation": {"angle": 0, "axis": "y", "origin": [10.5, 2.5, 9.5]},
			"faces": {
				"north": {"uv": [8, 16, 11, 14], "texture": "#particle"},
				"east": {"uv": [8, 16, 11, 14], "texture": "#particle"},
				"south": {"uv": [8, 16, 11, 14], "texture": "#particle"},
				"west": {"uv": [8, 16, 11, 14], "texture": "#particle"}
			}
		},
		{
			"from": [6.5, 6, 6.5],
			"to": [9.5, 8, 9.5],
			"rotation": {"angle": 0, "axis": "y", "origin": [7.5, 6, 6.5]},
			"faces": {
				"east": {"uv": [8, 7, 11, 9], "texture": "#particle"},
				"south": {"uv": [11, 7, 14, 9], "texture": "#particle"},
				"west": {"uv": [11, 7, 8, 9], "texture": "#particle"},
				"down": {"uv": [11, 8, 14, 10], "texture": "#particle"}
			}
		},
		{
			"from": [9.5, 8, 9.5],
			"to": [6.5, 6, 6.5],
			"rotation": {"angle": 0, "axis": "y", "origin": [10.5, 8, 9.5]},
			"faces": {
				"north": {"uv": [11, 9, 14, 7], "texture": "#particle"},
				"east": {"uv": [11, 9, 8, 7], "texture": "#particle"},
				"west": {"uv": [8, 9, 11, 7], "texture": "#particle"},
				"up": {"uv": [11, 8, 14, 10], "texture": "#particle"}
			}
		},
		{
			"from": [7.975, 8, 7.5],
			"to": [8.025, 25, 8.5],
			"light_emission": 15,
			"rotation": {"angle": 0, "axis": "y", "origin": [6.5, 8, 7.5]},
			"faces": {
				"east": {"uv": [0, 0, 1, 1], "texture": "#particle"},
				"west": {"uv": [0, 0, 1, 1], "texture": "#particle"}
			}
		},
		{
			"from": [8, 8, 7.4],
			"to": [8, 25.1, 8.6],
			"light_emission": 15,
			"rotation": {"angle": 0, "axis": "y", "origin": [6.5, 8, 7.5]},
			"faces": {
				"east": {"uv": [0, 1, 1, 2], "texture": "#particle"},
				"west": {"uv": [0, 1, 1, 2], "texture": "#particle"}
			}
		},
		{
			"from": [9, 26, 9],
			"to": [7, 8, 7],
			"light_emission": 15,
			"rotation": {"angle": 0, "axis": "y", "origin": [9.5, 26, 8.5]},
			"faces": {
				"north": {"uv": [1, 0, 2, 1], "texture": "#particle"},
				"east": {"uv": [1, 0, 2, 1], "texture": "#particle"},
				"south": {"uv": [1, 0, 2, 1], "texture": "#particle"},
				"west": {"uv": [1, 0, 2, 1], "texture": "#particle"},
				"up": {"uv": [1, 0, 5, 4], "texture": "#particle"},
				"down": {"uv": [1, 0, 2, 1], "texture": "#particle"}
			}
		},
		{
			"from": [9.999, 26.999, 9.999],
			"to": [6.001, 7.001, 6.001],
			"light_emission": 15,
			"rotation": {"angle": 0, "axis": "y", "origin": [9.5, 27, 8.5]},
			"faces": {
				"north": {"uv": [5, 0, 6, 1], "texture": "#particle"},
				"east": {"uv": [5, 0, 6, 1], "texture": "#particle"},
				"south": {"uv": [5, 0, 6, 1], "texture": "#particle"},
				"west": {"uv": [5, 0, 6, 1], "texture": "#particle"},
				"down": {"uv": [5, 0, 6, 1], "texture": "#particle"}
			}
		}
	],
	"gui_light": "front",
	"display": {
		"thirdperson_righthand": {
			"translation": [0, 1.95, 2.01]
		},
		"thirdperson_lefthand": {
			"translation": [0, 1.95, 2.01]
		},
		"firstperson_righthand": {
			"rotation": [8, 9, -6],
			"translation": [1.13, 3.2, 1.13],
			"scale": [0.68, 0.68, 0.68]
		},
		"firstperson_lefthand": {
			"rotation": [8, 9, -6],
			"translation": [1.13, 3.2, 1.13],
			"scale": [0.68, 0.68, 0.68]
		},
		"ground": {
			"rotation": [40, 0, 0],
			"translation": [0, 4.75, -1.5],
			"scale": [0.5, 0.5, 0.5]
		},
		"gui": {
			"rotation": [126, 38, -116],
			"translation": [-2.75, -2.75, 2],
			"scale": [0.83, 0.83, 0.83]
		},
		"head": {
			"rotation": [-93, -180, 0],
			"translation": [0, -5, -19.25],
			"scale": [2, 2, 2]
		},
		"fixed": {
			"rotation": [90, -45, 90],
			"translation": [3.25, -3.5, -1]
		}
	}
}