{
	"credit": "Created by Mickey Joe Alpha - http://YouTube.com/@MushirMickeyJoe",
	"textures": {
		"particle": "item/weapons/netherite_sword/lightsabers/skysaber"
	},
	"elements": [
		{
			"from": [7.975, 5, 7.5],
			"to": [8.025, 26, 8.5],
			"light_emission": 15,
			"rotation": {"angle": 0, "axis": "x", "origin": [8, 7.75, 8]},
			"faces": {
				"east": {"uv": [0, 0, 1, 1], "texture": "#particle"},
				"west": {"uv": [0, 0, 1, 1], "texture": "#particle"}
			}
		},
		{
			"from": [8, 5, 7.4],
			"to": [8, 26.1, 8.6],
			"light_emission": 15,
			"rotation": {"angle": 0, "axis": "x", "origin": [8, 7.75, 8]},
			"faces": {
				"east": {"uv": [0, 1, 1, 2], "texture": "#particle"},
				"west": {"uv": [0, 1, 1, 2], "texture": "#particle"}
			}
		},
		{
			"from": [9, 27, 9],
			"to": [7, 5, 7],
			"light_emission": 15,
			"rotation": {"angle": 0, "axis": "x", "origin": [8, 7.75, 8]},
			"faces": {
				"north": {"uv": [1, 0, 2, 1], "texture": "#particle"},
				"east": {"uv": [1, 0, 2, 1], "texture": "#particle"},
				"south": {"uv": [1, 0, 2, 1], "texture": "#particle"},
				"west": {"uv": [1, 0, 2, 1], "texture": "#particle"},
				"up": {"uv": [1, 0, 5, 4], "texture": "#particle"},
				"down": {"uv": [1, 0, 2, 1], "texture": "#particle"}
			}
		},
		{
			"from": [10, 28, 10],
			"to": [6, 4, 6],
			"light_emission": 15,
			"rotation": {"angle": 0, "axis": "x", "origin": [8, 7.75, 8]},
			"faces": {
				"north": {"uv": [5, 0, 6, 1], "texture": "#particle"},
				"east": {"uv": [5, 0, 6, 1], "texture": "#particle"},
				"south": {"uv": [5, 0, 6, 1], "texture": "#particle"},
				"west": {"uv": [5, 0, 6, 1], "texture": "#particle"},
				"down": {"uv": [5, 0, 6, 1], "texture": "#particle"}
			}
		},
		{
			"from": [7, -5, 7],
			"to": [9, 6, 9],
			"rotation": {"angle": 0, "axis": "x", "origin": [8, 7.75, 8]},
			"faces": {
				"north": {"uv": [2, 5, 4, 16], "texture": "#particle"},
				"east": {"uv": [0, 5, 2, 16], "texture": "#particle"},
				"south": {"uv": [6, 5, 8, 16], "texture": "#particle"},
				"west": {"uv": [4, 5, 6, 16], "texture": "#particle"},
				"down": {"uv": [7, 3, 5, 5], "texture": "#particle"}
			}
		},
		{
			"from": [6.5, -5, 6.5],
			"to": [9.5, 4, 9.5],
			"rotation": {"angle": 0, "axis": "y", "origin": [8.5, 7.75, 8.5]},
			"faces": {
				"north": {"uv": [10, 3, 13, 12], "texture": "#particle"},
				"east": {"uv": [10, 3, 13, 12], "texture": "#particle"},
				"south": {"uv": [13, 3, 16, 12], "texture": "#particle"},
				"west": {"uv": [7, 0, 16, 3], "rotation": 90, "texture": "#particle"}
			}
		},
		{
			"from": [9.5, 2, 9.5],
			"to": [6.5, -5, 6.5],
			"rotation": {"angle": 0, "axis": "y", "origin": [11.5, 16.75, 11.5]},
			"faces": {
				"north": {"uv": [10, 12, 13, 5], "texture": "#particle"},
				"east": {"uv": [16, 0, 9, 3], "rotation": 90, "texture": "#particle"},
				"south": {"uv": [10, 12, 13, 5], "texture": "#particle"},
				"west": {"uv": [10, 12, 13, 5], "texture": "#particle"}
			}
		},
		{
			"from": [7.5, 2, 6],
			"to": [8.5, 3, 7],
			"rotation": {"angle": 0, "axis": "y", "origin": [7.5, 7.75, 8]},
			"faces": {
				"north": {"uv": [2, 4, 3, 5], "texture": "#particle"},
				"east": {"uv": [1, 4, 2, 5], "texture": "#particle"},
				"west": {"uv": [1, 4, 2, 5], "texture": "#particle"},
				"up": {"uv": [1, 4, 2, 5], "texture": "#particle"},
				"down": {"uv": [1, 4, 2, 5], "texture": "#particle"}
			}
		},
		{
			"from": [8, 4, 6],
			"to": [8, 5, 7],
			"rotation": {"angle": 0, "axis": "y", "origin": [8, 7.75, 8]},
			"faces": {
				"east": {"uv": [0, 4, 1, 5], "texture": "#particle"},
				"west": {"uv": [0, 4, 1, 5], "texture": "#particle"}
			}
		}
	],
	"gui_light": "front",
	"display": {
		"thirdperson_righthand": {
			"translation": [0, 4.45, 2.01]
		},
		"thirdperson_lefthand": {
			"translation": [0, 4.45, 2.01]
		},
		"firstperson_righthand": {
			"rotation": [1, 27, -6],
			"translation": [2.13, 4.2, 1.13],
			"scale": [0.68, 0.68, 0.68]
		},
		"firstperson_lefthand": {
			"rotation": [1, 27, -6],
			"translation": [2.13, 4.2, 1.13],
			"scale": [0.68, 0.68, 0.68]
		},
		"ground": {
			"rotation": [40, 0, 0],
			"translation": [0, 6.25, -0.25],
			"scale": [0.5, 0.5, 0.5]
		},
		"gui": {
			"rotation": [126, 38, -116],
			"translation": [-1, -1.1, 2],
			"scale": [0.65, 0.65, 0.65]
		},
		"head": {
			"rotation": [-93, -180, 0],
			"translation": [0, -5, -19.25],
			"scale": [2, 2, 2]
		},
		"fixed": {
			"rotation": [90, -45, 90],
			"translation": [2, -2.25, -1.25]
		}
	}
}