{
	"format_version": "1.21.6",
	"credit": "Created by pezpizza",
	"parent": "item/generated",
	"textures": {
		"layer0": "item/misc/livi_heart"
	},
	"display": {
		"thirdperson_righthand": {
			"translation": [0, 3, 0],
			"scale": [0.5, 0.5, 0.5]
		},
		"thirdperson_lefthand": {
			"translation": [0, 3, 0],
			"scale": [0.5, 0.5, 0.5]
		},
		"firstperson_righthand": {
			"translation": [1.5, 4.25, 0],
			"scale": [0.66, 0.66, 0.66]
		},
		"firstperson_lefthand": {
			"translation": [1.5, 4.25, 0],
			"scale": [0.66, 0.66, 0.66]
		},
		"ground": {
			"translation": [0, 1.25, 0],
			"scale": [0.68, 0.68, 0.68]
		},
		"head": {
			"translation": [-2.25, -12.5, -3.25],
			"scale": [0.51, 0.51, 0.51]
		}
	}
}