{
	"format_version": "1.21.6",
	"credit": "Made by ArcleBreeze",
	"textures": {
		"0": "item/misc/scroll_of_icarian_flight",
		"particle": "item/misc/scroll_of_icarian_flight"
	},
	"elements": [
		{
			"from": [8.49795, -0.03305, 2.595],
			"to": [11.31795, 2.78695, 13.405],
			"rotation": {"angle": 0, "axis": "z", "origin": [8, 0.72195, 8]},
			"faces": {
				"north": {"uv": [4, 4, 6, 6], "rotation": 90, "texture": "#0"},
				"east": {"uv": [4, 4, 2, 13], "rotation": 270, "texture": "#0"},
				"south": {"uv": [4, 6, 6, 8], "rotation": 270, "texture": "#0"},
				"west": {"uv": [2, 13, 0, 4], "rotation": 270, "texture": "#0"},
				"up": {"uv": [0, 0, 9, 2], "rotation": 270, "texture": "#0"},
				"down": {"uv": [0, 2, 9, 4], "rotation": 270, "texture": "#0"}
			}
		},
		{
			"from": [4.6775, -0.03305, 2.595],
			"to": [7.4975, 2.78695, 13.405],
			"rotation": {"angle": 0, "axis": "z", "origin": [8, 0.72195, 8]},
			"faces": {
				"north": {"uv": [4, 6, 6, 4], "rotation": 90, "texture": "#0"},
				"east": {"uv": [2, 4, 0, 13], "rotation": 270, "texture": "#0"},
				"south": {"uv": [4, 8, 6, 6], "rotation": 270, "texture": "#0"},
				"west": {"uv": [4, 13, 2, 4], "rotation": 270, "texture": "#0"},
				"up": {"uv": [0, 2, 9, 0], "rotation": 270, "texture": "#0"},
				"down": {"uv": [0, 4, 9, 2], "rotation": 270, "texture": "#0"}
			}
		},
		{
			"from": [7.4975, -0.03305, 2.595],
			"to": [8.4975, 0.16695, 13.405],
			"rotation": {"angle": 0, "axis": "z", "origin": [8, 0.72195, 8]},
			"faces": {
				"north": {"uv": [2, 9, 3, 8], "rotation": 90, "texture": "#0"},
				"south": {"uv": [2, 9, 3, 8], "rotation": 270, "texture": "#0"},
				"up": {"uv": [0, 2, 9, 1], "rotation": 270, "texture": "#0"},
				"down": {"uv": [0, 4, 9, 3], "rotation": 270, "texture": "#0"}
			}
		},
		{
			"from": [5.27695, 0.53095, 2.313],
			"to": [6.96895, 2.22295, 3.313],
			"rotation": {"angle": 0, "axis": "z", "origin": [8, 0.72195, 8]},
			"faces": {
				"east": {"uv": [5, 13, 3, 14], "rotation": 270, "texture": "#0"},
				"west": {"uv": [4, 16, 2, 15], "rotation": 270, "texture": "#0"},
				"up": {"uv": [2, 13, 3, 15], "rotation": 270, "texture": "#0"},
				"down": {"uv": [4, 14, 5, 16], "rotation": 270, "texture": "#0"}
			}
		},
		{
			"from": [4.71895, -0.02705, 1.373],
			"to": [7.52695, 2.78095, 2.373],
			"rotation": {"angle": 0, "axis": "z", "origin": [8, 0.72195, 8]},
			"faces": {
				"north": {"uv": [14, 14, 16, 16], "rotation": 90, "texture": "#0"},
				"east": {"uv": [16, 12, 14, 13], "rotation": 270, "texture": "#0"},
				"south": {"uv": [12, 14, 14, 16], "rotation": 270, "texture": "#0"},
				"west": {"uv": [14, 13, 12, 12], "rotation": 270, "texture": "#0"},
				"up": {"uv": [0, 14, 1, 16], "rotation": 270, "texture": "#0"},
				"down": {"uv": [1, 14, 2, 16], "rotation": 270, "texture": "#0"}
			}
		},
		{
			"from": [5.55895, 0.81295, 0.373],
			"to": [6.68695, 1.94095, 1.373],
			"rotation": {"angle": 0, "axis": "z", "origin": [8, 0.72195, 8]},
			"faces": {
				"north": {"uv": [15, 2, 14, 1], "rotation": 270, "texture": "#0"},
				"east": {"uv": [15, 4, 14, 3], "rotation": 270, "texture": "#0"},
				"west": {"uv": [14, 2, 13, 1], "rotation": 270, "texture": "#0"},
				"up": {"uv": [16, 2, 15, 1], "rotation": 270, "texture": "#0"},
				"down": {"uv": [16, 3, 15, 2], "rotation": 270, "texture": "#0"}
			}
		},
		{
			"from": [5.27695, 0.53095, 12.687],
			"to": [6.96895, 2.22295, 13.687],
			"rotation": {"angle": 0, "axis": "z", "origin": [8, 0.72195, 8]},
			"faces": {
				"east": {"uv": [5, 14, 3, 13], "rotation": 270, "texture": "#0"},
				"west": {"uv": [4, 15, 2, 16], "rotation": 270, "texture": "#0"},
				"up": {"uv": [3, 13, 2, 15], "rotation": 270, "texture": "#0"},
				"down": {"uv": [5, 14, 4, 16], "rotation": 270, "texture": "#0"}
			}
		},
		{
			"from": [4.71895, -0.02705, 13.627],
			"to": [7.52695, 2.78095, 14.627],
			"rotation": {"angle": 0, "axis": "z", "origin": [8, 0.72195, 8]},
			"faces": {
				"north": {"uv": [12, 16, 14, 14], "rotation": 270, "texture": "#0"},
				"east": {"uv": [16, 13, 14, 12], "rotation": 270, "texture": "#0"},
				"south": {"uv": [14, 16, 16, 14], "rotation": 90, "texture": "#0"},
				"west": {"uv": [14, 12, 12, 13], "rotation": 270, "texture": "#0"},
				"up": {"uv": [1, 14, 0, 16], "rotation": 270, "texture": "#0"},
				"down": {"uv": [2, 14, 1, 16], "rotation": 270, "texture": "#0"}
			}
		},
		{
			"from": [5.55895, 0.81295, 14.627],
			"to": [6.68695, 1.94095, 15.627],
			"rotation": {"angle": 0, "axis": "z", "origin": [8, 0.72195, 8]},
			"faces": {
				"east": {"uv": [15, 3, 14, 4], "rotation": 270, "texture": "#0"},
				"south": {"uv": [15, 1, 14, 2], "rotation": 270, "texture": "#0"},
				"west": {"uv": [14, 1, 13, 2], "rotation": 270, "texture": "#0"},
				"up": {"uv": [15, 2, 16, 1], "rotation": 270, "texture": "#0"},
				"down": {"uv": [15, 3, 16, 2], "rotation": 270, "texture": "#0"}
			}
		},
		{
			"from": [9.0665, 0.53095, 2.313],
			"to": [10.7585, 2.22295, 3.313],
			"rotation": {"angle": 0, "axis": "z", "origin": [8, 0.72195, 8]},
			"faces": {
				"east": {"uv": [4, 15, 2, 16], "rotation": 270, "texture": "#0"},
				"west": {"uv": [5, 14, 3, 13], "rotation": 270, "texture": "#0"},
				"up": {"uv": [2, 15, 3, 13], "rotation": 270, "texture": "#0"},
				"down": {"uv": [4, 16, 5, 14], "rotation": 270, "texture": "#0"}
			}
		},
		{
			"from": [8.5085, -0.02705, 1.373],
			"to": [11.3165, 2.78095, 2.373],
			"rotation": {"angle": 0, "axis": "z", "origin": [8, 0.72195, 8]},
			"faces": {
				"north": {"uv": [14, 16, 16, 14], "texture": "#0"},
				"east": {"uv": [0, 16, 1, 14], "texture": "#0"},
				"south": {"uv": [12, 16, 14, 14], "texture": "#0"},
				"west": {"uv": [1, 16, 2, 14], "texture": "#0"},
				"up": {"uv": [16, 13, 14, 12], "texture": "#0"},
				"down": {"uv": [14, 12, 12, 13], "texture": "#0"}
			}
		},
		{
			"from": [9.3485, 0.81295, 0.373],
			"to": [10.4765, 1.94095, 1.373],
			"rotation": {"angle": 0, "axis": "z", "origin": [8, 0.72195, 8]},
			"faces": {
				"north": {"uv": [15, 1, 14, 2], "rotation": 180, "texture": "#0"},
				"east": {"uv": [16, 1, 15, 2], "texture": "#0"},
				"west": {"uv": [16, 2, 15, 3], "texture": "#0"},
				"up": {"uv": [15, 3, 14, 4], "texture": "#0"},
				"down": {"uv": [14, 1, 13, 2], "texture": "#0"}
			}
		},
		{
			"from": [9.3485, 0.81295, 14.627],
			"to": [10.4765, 1.94095, 15.627],
			"rotation": {"angle": 0, "axis": "z", "origin": [8, 0.72195, 8]},
			"faces": {
				"east": {"uv": [15, 1, 16, 2], "texture": "#0"},
				"south": {"uv": [15, 2, 14, 1], "texture": "#0"},
				"west": {"uv": [15, 2, 16, 3], "texture": "#0"},
				"up": {"uv": [15, 4, 14, 3], "texture": "#0"},
				"down": {"uv": [14, 2, 13, 1], "texture": "#0"}
			}
		},
		{
			"from": [8.5085, -0.02705, 13.627],
			"to": [11.3165, 2.78095, 14.627],
			"rotation": {"angle": 0, "axis": "z", "origin": [8, 0.72195, 8]},
			"faces": {
				"north": {"uv": [12, 14, 14, 16], "rotation": 180, "texture": "#0"},
				"east": {"uv": [1, 16, 0, 14], "texture": "#0"},
				"south": {"uv": [14, 14, 16, 16], "rotation": 180, "texture": "#0"},
				"west": {"uv": [2, 16, 1, 14], "texture": "#0"},
				"up": {"uv": [16, 12, 14, 13], "texture": "#0"},
				"down": {"uv": [14, 13, 12, 12], "texture": "#0"}
			}
		},
		{
			"from": [9.0665, 0.53095, 12.687],
			"to": [10.7585, 2.22295, 13.687],
			"rotation": {"angle": 0, "axis": "z", "origin": [8, 0.72195, 8]},
			"faces": {
				"east": {"uv": [4, 16, 2, 15], "rotation": 270, "texture": "#0"},
				"west": {"uv": [5, 13, 3, 14], "rotation": 270, "texture": "#0"},
				"up": {"uv": [3, 15, 2, 13], "rotation": 270, "texture": "#0"},
				"down": {"uv": [5, 16, 4, 14], "rotation": 270, "texture": "#0"}
			}
		}
	],
	"display": {
		"thirdperson_righthand": {
			"rotation": [90, 0, 0],
			"translation": [0.5, 1.5, 5.75],
			"scale": [0.8, 0.8, 0.8]
		},
		"thirdperson_lefthand": {
			"rotation": [90, 0, 0],
			"translation": [0.5, 1.5, 5.75],
			"scale": [0.8, 0.8, 0.8]
		},
		"firstperson_righthand": {
			"rotation": [0, 45, 0],
			"translation": [0, 8, 0.25]
		},
		"firstperson_lefthand": {
			"rotation": [0, 45, 0],
			"translation": [0, 8, 0.25]
		},
		"ground": {
			"translation": [0, 3.5, 0],
			"scale": [0.75, 0.75, 0.75]
		},
		"gui": {
			"rotation": [45, 45, 0],
			"translation": [0, 4.25, 0],
			"scale": [1.12, 1.12, 1.12]
		},
		"head": {
			"translation": [0, 14.5, 0]
		},
		"fixed": {
			"rotation": [-90, 0, 0],
			"translation": [0, 0, -13.5],
			"scale": [1.68, 1.68, 1.68]
		}
	}
}