{
	"credit": "Made by Nog's Menagerie",
	"texture_size": [32, 32],
	"render_type": "minecraft:cutout",
	"textures": {
		"0": "item/plushies/plushie_allay",
		"particle": "pitem/plushies/plushie_allay"
	},
	"elements": [
		{
			"name": "torso",
			"from": [6.5, 0, 5.75],
			"to": [9.5, 3, 7.75],
			"rotation": {"angle": 0, "axis": "y", "origin": [8, 2.0045, 7.35355]},
			"faces": {
				"north": {"uv": [3, 6, 4.5, 7.5], "texture": "#0"},
				"east": {"uv": [4.5, 6, 5.5, 7.5], "texture": "#0"},
				"south": {"uv": [6, 4, 7.5, 5.5], "texture": "#0"},
				"west": {"uv": [5.5, 6, 6.5, 7.5], "texture": "#0"},
				"up": {"uv": [8, 1, 6.5, 0], "texture": "#0"},
				"down": {"uv": [8, 1, 6.5, 2], "texture": "#0"}
			}
		},
		{
			"name": "head",
			"from": [6, 3, 2.75],
			"to": [10, 7, 6.75],
			"rotation": {"angle": -22.5, "axis": "x", "origin": [8, 8, 6.75]},
			"faces": {
				"north": {"uv": [2.5, 0, 4.5, 2], "texture": "#0"},
				"east": {"uv": [2.5, 2, 4.5, 4], "texture": "#0"},
				"south": {"uv": [0, 4, 2, 6], "texture": "#0"},
				"west": {"uv": [2, 4, 4, 6], "texture": "#0"},
				"up": {"uv": [6, 6, 4, 4], "texture": "#0"},
				"down": {"uv": [6.5, 0, 4.5, 2], "texture": "#0"}
			}
		},
		{
			"name": "fabric",
			"from": [5.5, 0.01, 4.75],
			"to": [10.5, 0.01, 8.75],
			"rotation": {"angle": 0, "axis": "y", "origin": [7, 0, 4.75]},
			"faces": {
				"north": {"uv": [0, 0, 2.5, 0], "texture": "#0"},
				"east": {"uv": [0, 0, 2, 0], "texture": "#0"},
				"south": {"uv": [0, 0, 2.5, 0], "texture": "#0"},
				"west": {"uv": [0, 0, 2, 0], "texture": "#0"},
				"up": {"uv": [2.5, 2, 0, 0], "texture": "#0"},
				"down": {"uv": [2.5, 2, 0, 4], "texture": "#0"}
			}
		},
		{
			"name": "left_arm",
			"from": [6.00366, 0.99791, 6.25],
			"to": [6.75366, 2.99791, 7.25],
			"rotation": {"angle": -22.5, "axis": "z", "origin": [5.50366, 2.24791, 7.75]},
			"faces": {
				"north": {"uv": [7.5, 3, 8, 4], "texture": "#0"},
				"east": {"uv": [4, 7.5, 4.5, 8.5], "texture": "#0"},
				"south": {"uv": [7.5, 4, 8, 5], "texture": "#0"},
				"west": {"uv": [4.5, 7.5, 5, 8.5], "texture": "#0"},
				"up": {"uv": [6.5, 6, 6, 5.5], "texture": "#0"},
				"down": {"uv": [8, 6, 7.5, 6.5], "texture": "#0"}
			}
		},
		{
			"name": "right_arm",
			"from": [9.24634, 0.99791, 6.25],
			"to": [9.99634, 2.99791, 7.25],
			"rotation": {"angle": 22.5, "axis": "z", "origin": [10.49634, 2.24791, 7.75]},
			"faces": {
				"north": {"uv": [5, 7.5, 5.5, 8.5], "texture": "#0"},
				"east": {"uv": [7.5, 5, 8, 6], "texture": "#0"},
				"south": {"uv": [5.5, 7.5, 6, 8.5], "texture": "#0"},
				"west": {"uv": [6, 7.5, 6.5, 8.5], "texture": "#0"},
				"up": {"uv": [7, 8, 6.5, 7.5], "texture": "#0"},
				"down": {"uv": [8, 6.5, 7.5, 7], "texture": "#0"}
			}
		},
		{
			"name": "wings",
			"from": [7.30773, 1, 7.26156],
			"to": [7.30773, 3, 9.26156],
			"rotation": {"angle": -22.5, "axis": "y", "origin": [6.30773, 2, 8.21156]},
			"faces": {
				"north": {"uv": [0, 0, 0, 1], "texture": "#0"},
				"east": {"uv": [6.5, 5.5, 7.5, 6.5], "texture": "#0"},
				"south": {"uv": [0, 0, 0, 1], "texture": "#0"},
				"west": {"uv": [6.5, 6.5, 7.5, 7.5], "texture": "#0"},
				"up": {"uv": [0, 1, 0, 0], "texture": "#0"},
				"down": {"uv": [0, 0, 0, 1], "texture": "#0"}
			}
		},
		{
			"name": "wings",
			"from": [7.30773, 1, 9.26156],
			"to": [7.30773, 5, 12.26156],
			"rotation": {"angle": -22.5, "axis": "y", "origin": [6.30773, 2, 8.21156]},
			"faces": {
				"north": {"uv": [0, 0, 0, 2], "texture": "#0"},
				"east": {"uv": [4.5, 2, 6, 4], "texture": "#0"},
				"south": {"uv": [0, 0, 0, 2], "texture": "#0"},
				"west": {"uv": [0, 6, 1.5, 8], "texture": "#0"},
				"up": {"uv": [0, 1.5, 0, 0], "texture": "#0"},
				"down": {"uv": [0, 0, 0, 1.5], "texture": "#0"}
			}
		},
		{
			"name": "wings",
			"from": [8.69227, 1, 9.26156],
			"to": [8.69227, 5, 12.26156],
			"rotation": {"angle": 22.5, "axis": "y", "origin": [9.69227, 2, 8.21156]},
			"faces": {
				"north": {"uv": [0, 0, 0, 2], "texture": "#0"},
				"east": {"uv": [1.5, 6, 3, 8], "texture": "#0"},
				"south": {"uv": [0, 0, 0, 2], "texture": "#0"},
				"west": {"uv": [6, 2, 7.5, 4], "texture": "#0"},
				"up": {"uv": [0, 1.5, 0, 0], "texture": "#0"},
				"down": {"uv": [0, 0, 0, 1.5], "texture": "#0"}
			}
		},
		{
			"name": "wings",
			"from": [8.69227, 1, 7.26156],
			"to": [8.69227, 3, 9.26156],
			"rotation": {"angle": 22.5, "axis": "y", "origin": [9.69227, 2, 8.21156]},
			"faces": {
				"north": {"uv": [0, 0, 0, 1], "texture": "#0"},
				"east": {"uv": [7.5, 2, 8.5, 3], "texture": "#0"},
				"south": {"uv": [0, 0, 0, 1], "texture": "#0"},
				"west": {"uv": [3, 7.5, 4, 8.5], "texture": "#0"},
				"up": {"uv": [0, 1, 0, 0], "texture": "#0"},
				"down": {"uv": [0, 0, 0, 1], "texture": "#0"}
			}
		}
	],
	"display": {
		"thirdperson_righthand": {
			"rotation": [2, 138, 0],
			"translation": [0, 5.75, 1.25],
			"scale": [0.86, 0.86, 0.86]
		},
		"thirdperson_lefthand": {
			"rotation": [2, 132, 0],
			"translation": [0, 5.75, 1.25],
			"scale": [0.86, 0.86, 0.86]
		},
		"firstperson_righthand": {
			"rotation": [0, 109, 5],
			"translation": [1.75, 7, 0],
			"scale": [0.92, 0.92, 0.92]
		},
		"firstperson_lefthand": {
			"rotation": [0, 109, 5],
			"translation": [1.75, 7, 0],
			"scale": [0.92, 0.92, 0.92]
		},
		"ground": {
			"translation": [0, 3.5, 0],
			"scale": [0.65, 0.65, 0.65]
		},
		"gui": {
			"rotation": [25, 151, 0],
			"translation": [0.25, 4, 0],
			"scale": [0.93, 0.93, 0.93]
		},
		"head": {
			"translation": [0, 14.4, 0]
		},
		"fixed": {
			"translation": [0, 8, 0],
			"scale": [1.7, 1.7, 1.7]
		}
	},
	"groups": [
		{
			"name": "nm_plushie_allay",
			"origin": [8, 8, 8],
			"color": 0,
			"children": [0, 1, 2, 3, 4, 5, 6, 7, 8]
		}
	]
}