{
  "credit": "Made by Nog's Menagerie",
  "texture_size": [32, 32],
  "render_type": "minecraft:cutout",
  "textures": {
    "2": "item/plushies/plushie_dan_rolo_texture",
    "particle": "item/plushies/plushie_dan_rolo_texture"
  },
  "elements": [
    {
      "name": "torso",
      "from": [5.5, 0, 7.25],
      "to": [10.5, 7, 11.25],
      "rotation": {
        "angle": 0,
        "axis": "y",
        "origin": [8, 2.0045, 8.85355]
      },
      "faces": {
        "north": {
          "uv": [3.5, 7, 6, 10.5],
          "texture": "#2"
        },
        "east": {
          "uv": [6, 7, 8, 10.5],
          "texture": "#2"
        },
        "south": {
          "uv": [7, 3.5, 9.5, 7],
          "texture": "#2"
        },
        "west": {
          "uv": [8, 7, 10, 10.5],
          "texture": "#2"
        },
        "up": {
          "uv": [12, 5.5, 9.5, 3.5],
          "texture": "#2"
        },
        "down": {
          "uv": [12.5, 5.5, 10, 7.5],
          "texture": "#2"
        }
      }
    },
    {
      "name": "head",
      "from": [4.5, 5.6, 4.85],
      "to": [11.5, 12.6, 11.85],
      "rotation": {
        "angle": -22.5,
        "axis": "x",
        "origin": [8, 7.75, 8.25]
      },
      "faces": {
        "north": {
          "uv": [0, 0, 3.5, 3.5],
          "texture": "#2"
        },
        "east": {
          "uv": [0, 3.5, 3.5, 7],
          "texture": "#2"
        },
        "south": {
          "uv": [3.5, 0, 7, 3.5],
          "texture": "#2"
        },
        "west": {
          "uv": [3.5, 3.5, 7, 7],
          "texture": "#2"
        },
        "up": {
          "uv": [3.5, 10.5, 0, 7],
          "texture": "#2"
        },
        "down": {
          "uv": [10.5, 0, 7, 3.5],
          "texture": "#2"
        }
      }
    },
    {
      "name": "head",
      "from": [7, 6.625, 2.85],
      "to": [9, 8.625, 4.85],
      "rotation": {
        "angle": -22.5,
        "axis": "x",
        "origin": [8, 8.075, 8.25]
      },
      "faces": {
        "north": {
          "uv": [5, 11.5, 6, 12.5],
          "texture": "#2"
        },
        "east": {
          "uv": [6, 11.5, 7, 12.5],
          "texture": "#2"
        },
        "south": {
          "uv": [10, 11.5, 11, 12.5],
          "texture": "#2"
        },
        "west": {
          "uv": [11, 11.5, 12, 12.5],
          "texture": "#2"
        },
        "up": {
          "uv": [13, 4, 12, 3],
          "texture": "#2"
        },
        "down": {
          "uv": [13, 4, 12, 5],
          "texture": "#2"
        }
      }
    },
    {
      "name": "right_arm",
      "from": [9.83187, 1.74074, 8.25],
      "to": [11.83187, 5.74074, 10.25],
      "rotation": {
        "angle": 45,
        "axis": "z",
        "origin": [10.83187, 3.74074, 9.25]
      },
      "faces": {
        "north": {
          "uv": [10, 7.5, 11, 9.5],
          "texture": "#2"
        },
        "east": {
          "uv": [10, 9.5, 11, 11.5],
          "texture": "#2"
        },
        "south": {
          "uv": [0, 10.5, 1, 12.5],
          "texture": "#2"
        },
        "west": {
          "uv": [10.5, 0, 11.5, 2],
          "texture": "#2"
        },
        "up": {
          "uv": [13, 10.5, 12, 9.5],
          "texture": "#2"
        },
        "down": {
          "uv": [13, 10.5, 12, 11.5],
          "texture": "#2"
        }
      }
    },
    {
      "name": "left_arm",
      "from": [4.16813, 1.74074, 8.25],
      "to": [6.16813, 5.74074, 10.25],
      "rotation": {
        "angle": -45,
        "axis": "z",
        "origin": [5.16813, 3.74074, 9.25]
      },
      "faces": {
        "north": {
          "uv": [1, 10.5, 2, 12.5],
          "texture": "#2"
        },
        "east": {
          "uv": [2, 10.5, 3, 12.5],
          "texture": "#2"
        },
        "south": {
          "uv": [3, 10.5, 4, 12.5],
          "texture": "#2"
        },
        "west": {
          "uv": [4, 10.5, 5, 12.5],
          "texture": "#2"
        },
        "up": {
          "uv": [13, 12.5, 12, 11.5],
          "texture": "#2"
        },
        "down": {
          "uv": [1, 12.5, 0, 13.5],
          "texture": "#2"
        }
      }
    },
    {
      "name": "gun",
      "from": [13.60484, 0.12462, 7.75],
      "to": [14.60484, 1.12462, 9.75],
      "rotation": {
        "angle": -45,
        "axis": "z",
        "origin": [15.60484, 4.62462, 8.75]
      },
      "faces": {
        "north": {
          "uv": [9.5, 6.5, 10, 7],
          "texture": "#2"
        },
        "east": {
          "uv": [12.5, 6.5, 13.5, 7],
          "texture": "#2"
        },
        "south": {
          "uv": [9.5, 12.5, 10, 13],
          "texture": "#2"
        },
        "west": {
          "uv": [7, 12.5, 8, 13],
          "texture": "#2"
        },
        "up": {
          "uv": [10, 6.5, 9.5, 5.5],
          "texture": "#2"
        },
        "down": {
          "uv": [8.5, 12.5, 8, 13.5],
          "texture": "#2"
        }
      }
    },
    {
      "name": "gun",
      "from": [16.60484, 0.12462, 5.75],
      "to": [17.60484, 1.12462, 6.75],
      "rotation": {
        "angle": -45,
        "axis": "z",
        "origin": [15.60484, 4.62462, 8.75]
      },
      "faces": {
        "north": {
          "uv": [10, 12.5, 10.5, 13],
          "texture": "#2"
        },
        "east": {
          "uv": [10.5, 12.5, 11, 13],
          "texture": "#2"
        },
        "south": {
          "uv": [11, 12.5, 11.5, 13],
          "texture": "#2"
        },
        "west": {
          "uv": [11.5, 12.5, 12, 13],
          "texture": "#2"
        },
        "up": {
          "uv": [12.5, 13, 12, 12.5],
          "texture": "#2"
        },
        "down": {
          "uv": [13, 12.5, 12.5, 13],
          "texture": "#2"
        }
      }
    },
    {
      "name": "gun",
      "from": [12.60484, 0.12462, 4.75],
      "to": [15.60484, 1.12462, 5.75],
      "rotation": {
        "angle": -45,
        "axis": "z",
        "origin": [15.60484, 4.62462, 8.75]
      },
      "faces": {
        "north": {
          "uv": [10.5, 3, 12, 3.5],
          "texture": "#2"
        },
        "east": {
          "uv": [13, 0, 13.5, 0.5],
          "texture": "#2"
        },
        "south": {
          "uv": [12, 5, 13.5, 5.5],
          "texture": "#2"
        },
        "west": {
          "uv": [13, 0.5, 13.5, 1],
          "texture": "#2"
        },
        "up": {
          "uv": [5.5, 13, 4, 12.5],
          "texture": "#2"
        },
        "down": {
          "uv": [7, 12.5, 5.5, 13],
          "texture": "#2"
        }
      }
    },
    {
      "name": "gun",
      "from": [13.60484, 0.12462, 5.75],
      "to": [16.60484, 1.12462, 7.75],
      "rotation": {
        "angle": -45,
        "axis": "z",
        "origin": [15.60484, 4.62462, 8.75]
      },
      "faces": {
        "north": {
          "uv": [12.5, 5.5, 14, 6],
          "texture": "#2"
        },
        "east": {
          "uv": [12.5, 7, 13.5, 7.5],
          "texture": "#2"
        },
        "south": {
          "uv": [12.5, 6, 14, 6.5],
          "texture": "#2"
        },
        "west": {
          "uv": [8.5, 12.5, 9.5, 13],
          "texture": "#2"
        },
        "up": {
          "uv": [13, 1, 11.5, 0],
          "texture": "#2"
        },
        "down": {
          "uv": [13, 1, 11.5, 2],
          "texture": "#2"
        }
      }
    },
    {
      "name": "right_leg",
      "from": [9.075, 0.01, 4.25],
      "to": [11.075, 2.01, 8.25],
      "rotation": {
        "angle": -22.5,
        "axis": "y",
        "origin": [8, 0.01, 6.25]
      },
      "faces": {
        "north": {
          "uv": [1, 12.5, 2, 13.5],
          "texture": "#2"
        },
        "east": {
          "uv": [10.5, 2, 12.5, 3],
          "texture": "#2"
        },
        "south": {
          "uv": [2, 12.5, 3, 13.5],
          "texture": "#2"
        },
        "west": {
          "uv": [5, 10.5, 7, 11.5],
          "texture": "#2"
        },
        "up": {
          "uv": [8, 12.5, 7, 10.5],
          "texture": "#2"
        },
        "down": {
          "uv": [9, 10.5, 8, 12.5],
          "texture": "#2"
        }
      }
    },
    {
      "name": "left_leg",
      "from": [4.925, 0.01, 4.25],
      "to": [6.925, 2.01, 8.25],
      "rotation": {
        "angle": 22.5,
        "axis": "y",
        "origin": [8, 0.01, 6.25]
      },
      "faces": {
        "north": {
          "uv": [12.5, 2, 13.5, 3],
          "texture": "#2"
        },
        "east": {
          "uv": [11, 7.5, 13, 8.5],
          "texture": "#2"
        },
        "south": {
          "uv": [3, 12.5, 4, 13.5],
          "texture": "#2"
        },
        "west": {
          "uv": [11, 8.5, 13, 9.5],
          "texture": "#2"
        },
        "up": {
          "uv": [10, 12.5, 9, 10.5],
          "texture": "#2"
        },
        "down": {
          "uv": [12, 9.5, 11, 11.5],
          "texture": "#2"
        }
      }
    }
  ],
  "gui_light": "front",
  "display": {
    "thirdperson_righthand": {
      "rotation": [2, 138, 0],
      "translation": [0, 5.75, 1.25],
      "scale": [0.86, 0.86, 0.86]
    },
    "thirdperson_lefthand": {
      "rotation": [2, 132, 0],
      "translation": [0, 5.75, 1.25],
      "scale": [0.86, 0.86, 0.86]
    },
    "firstperson_righthand": {
      "rotation": [0, 109, 5],
      "translation": [1.75, 7, 0],
      "scale": [0.92, 0.92, 0.92]
    },
    "firstperson_lefthand": {
      "rotation": [0, 109, 5],
      "translation": [1.75, 7, 0],
      "scale": [0.92, 0.92, 0.92]
    },
    "ground": {
      "translation": [0, 3.5, 0],
      "scale": [0.65, 0.65, 0.65]
    },
    "gui": {
      "rotation": [25, 151, 0],
      "translation": [0.25, 4, 0],
      "scale": [0.93, 0.93, 0.93]
    },
    "head": {
      "translation": [0, 14.4, 0]
    },
    "fixed": {
      "translation": [0, 8, 0],
      "scale": [1.7, 1.7, 1.7]
    }
  },
  "groups": [
    {
      "name": "base",
      "origin": [8, 8, 8],
      "color": 0,
      "children": [
        0,
        {
          "name": "group",
          "origin": [8, 7.5, 8.25],
          "color": 0,
          "children": [1, 2]
        },
        {
          "name": "group",
          "origin": [8, 0.01, 6.25],
          "color": 0,
          "children": [3, 4, 5, 6, 7, 8]
        },
        {
          "name": "group",
          "origin": [2.69325, 1.97297, 9.25],
          "color": 0,
          "children": [9, 10]
        }
      ]
    }
  ]
}