{
	"credit": "Made by Nog's Menagerie",
	"texture_size": [32, 32],
	"render_type": "minecraft:cutout",
	"textures": {
		"0": "item/plushies/plushie_creeper",
		"particle": "item/plushies/plushie_creeper"
	},
	"elements": [
		{
			"name": "torso",
			"from": [5.5, 0, 7.25],
			"to": [10.5, 9, 11.25],
			"rotation": {"angle": 0, "axis": "y", "origin": [8, 2.0045, 8.85355]},
			"faces": {
				"north": {"uv": [3.5, 7, 6, 11.5], "texture": "#0"},
				"east": {"uv": [6, 8, 8, 12.5], "texture": "#0"},
				"south": {"uv": [7, 3.5, 9.5, 8], "texture": "#0"},
				"west": {"uv": [8, 8, 10, 12.5], "texture": "#0"},
				"up": {"uv": [12, 5.5, 9.5, 3.5], "texture": "#0"},
				"down": {"uv": [12, 5.5, 9.5, 7.5], "texture": "#0"}
			}
		},
		{
			"name": "head",
			"from": [4.5, 6.35, 5.35],
			"to": [11.5, 13.35, 12.35],
			"rotation": {"angle": -22.5, "axis": "x", "origin": [8, 7.5, 8.25]},
			"faces": {
				"north": {"uv": [0, 0, 3.5, 3.5], "texture": "#0"},
				"east": {"uv": [0, 3.5, 3.5, 7], "texture": "#0"},
				"south": {"uv": [3.5, 0, 7, 3.5], "texture": "#0"},
				"west": {"uv": [3.5, 3.5, 7, 7], "texture": "#0"},
				"up": {"uv": [3.5, 10.5, 0, 7], "texture": "#0"},
				"down": {"uv": [10.5, 0, 7, 3.5], "texture": "#0"}
			}
		},
		{
			"name": "right_leg",
			"from": [8.63739, 0.01, 5.67298],
			"to": [11.38739, 2.01, 8.42298],
			"rotation": {"angle": -45, "axis": "y", "origin": [9.88739, 1.01, 7.57298]},
			"faces": {
				"north": {"uv": [4.5, 11.5, 6, 12.5], "texture": "#0"},
				"east": {"uv": [11.5, 7.5, 13, 8.5], "texture": "#0"},
				"south": {"uv": [11.5, 8.5, 13, 9.5], "texture": "#0"},
				"west": {"uv": [11.5, 9.5, 13, 10.5], "texture": "#0"},
				"up": {"uv": [11.5, 9, 10, 7.5], "texture": "#0"},
				"down": {"uv": [11.5, 9, 10, 10.5], "texture": "#0"}
			}
		},
		{
			"name": "right_leg",
			"from": [8.63739, 0.01, 10.07702],
			"to": [11.38739, 2.01, 12.82702],
			"rotation": {"angle": 45, "axis": "y", "origin": [9.88739, 1.01, 10.92702]},
			"faces": {
				"north": {"uv": [11.5, 10.5, 13, 11.5], "texture": "#0"},
				"east": {"uv": [11.5, 11.5, 13, 12.5], "texture": "#0"},
				"south": {"uv": [0, 12, 1.5, 13], "texture": "#0"},
				"west": {"uv": [12, 0, 13.5, 1], "texture": "#0"},
				"up": {"uv": [1.5, 12, 0, 10.5], "texture": "#0"},
				"down": {"uv": [12, 0, 10.5, 1.5], "texture": "#0"}
			}
		},
		{
			"name": "right_leg",
			"from": [4.61261, 0.01, 5.67298],
			"to": [7.36261, 2.01, 8.42298],
			"rotation": {"angle": 45, "axis": "y", "origin": [6.11261, 1.01, 7.57298]},
			"faces": {
				"north": {"uv": [12, 1, 13.5, 2], "texture": "#0"},
				"east": {"uv": [1.5, 12, 3, 13], "texture": "#0"},
				"south": {"uv": [12, 2, 13.5, 3], "texture": "#0"},
				"west": {"uv": [12, 3, 13.5, 4], "texture": "#0"},
				"up": {"uv": [3, 12, 1.5, 10.5], "texture": "#0"},
				"down": {"uv": [12, 1.5, 10.5, 3], "texture": "#0"}
			}
		},
		{
			"name": "right_leg",
			"from": [4.61261, 0.01, 10.07702],
			"to": [7.36261, 2.01, 12.82702],
			"rotation": {"angle": -45, "axis": "y", "origin": [6.11261, 1.01, 10.92702]},
			"faces": {
				"north": {"uv": [12, 4, 13.5, 5], "texture": "#0"},
				"east": {"uv": [12, 5, 13.5, 6], "texture": "#0"},
				"south": {"uv": [12, 6, 13.5, 7], "texture": "#0"},
				"west": {"uv": [10, 12, 11.5, 13], "texture": "#0"},
				"up": {"uv": [11.5, 12, 10, 10.5], "texture": "#0"},
				"down": {"uv": [4.5, 11.5, 3, 13], "texture": "#0"}
			}
		}
	],
	"display": {
		"thirdperson_righthand": {
			"rotation": [2, 138, 0],
			"translation": [0, 5.75, 1.25],
			"scale": [0.86, 0.86, 0.86]
		},
		"thirdperson_lefthand": {
			"rotation": [2, 132, 0],
			"translation": [0, 5.75, 1.25],
			"scale": [0.86, 0.86, 0.86]
		},
		"firstperson_righthand": {
			"rotation": [0, 109, 5],
			"translation": [1.75, 7, 0],
			"scale": [0.92, 0.92, 0.92]
		},
		"firstperson_lefthand": {
			"rotation": [0, 109, 5],
			"translation": [1.75, 7, 0],
			"scale": [0.92, 0.92, 0.92]
		},
		"ground": {
			"translation": [0, 3.5, 0],
			"scale": [0.65, 0.65, 0.65]
		},
		"gui": {
			"rotation": [25, 151, 0],
			"translation": [0.25, 4, 0],
			"scale": [0.93, 0.93, 0.93]
		},
		"head": {
			"translation": [0, 14.4, 0]
		},
		"fixed": {
			"translation": [0, 8, 0],
			"scale": [1.7, 1.7, 1.7]
		}
	},
	"groups": [
		{
			"name": "nm_plushie_creeper",
			"origin": [8, 8, 8],
			"color": 0,
			"children": [0, 1, 2, 3, 4, 5]
		}
	]
}