{
	"format_version": "1.21.6",
	"credit": "Made by Mr. Vandalieu",
	"texture_size": [1920, 1080],
	"textures": {
		"0": "item/paintings/misc/vandalieu/vv_-_rainfall",
		"1": "item/paintings/misc/techno_pond/back",
		"particle": "item/paintings/misc/techno_pond/back"
	},
	"elements": [
		{
			"from": [8, -7.5, -15.75],
			"to": [9, 16.5, 32],
			"rotation": {"angle": 0, "axis": "y", "origin": [8.5, 16.5, 8.25]},
			"faces": {
				"north": {"uv": [0.39167, 0.23704, 0.4, 0.94815], "texture": "#1"},
				"east": {"uv": [0, 0, 16, 16], "texture": "#0"},
				"south": {"uv": [0.39167, 0.23704, 0.4, 0.94815], "texture": "#1"},
				"west": {"uv": [0, 0.02963, 0.4, 0.94815], "texture": "#1"},
				"up": {"uv": [0.39167, 0.5926, 0.4, 0.94815], "texture": "#1"},
				"down": {"uv": [0.39167, 0.94815, 0.4, 0.5926], "texture": "#1"}
			}
		}
	],
	"display": {
		"thirdperson_righthand": {
			"rotation": [0, -180, 0],
			"scale": [0.22, 0.22, 0.22]
		},
		"thirdperson_lefthand": {
			"scale": [0.22, 0.22, 0.22]
		},
		"firstperson_righthand": {
			"rotation": [0, -90, 0],
			"translation": [-0.5, 4, 0],
			"scale": [0.26, 0.26, 0.26]
		},
		"firstperson_lefthand": {
			"rotation": [0, 90, 0],
			"translation": [-0.5, 4.25, 0],
			"scale": [0.26, 0.26, 0.26]
		},
		"ground": {
			"translation": [0, 3, 0],
			"scale": [0.16, 0.16, 0.16]
		},
		"gui": {
			"rotation": [0, -90, 0],
			"translation": [-0.25, 0, 0],
			"scale": [0.31, 0.31, 0.57]
		},
		"head": {
			"rotation": [0, 90, 90],
			"translation": [0, 7.5, 0]
		},
		"fixed": {
			"rotation": [90, 90, -90],
			"translation": [-32.25, 25.2, 0],
			"scale": [1, 2.66, 2.01]
		},
		"on_shelf": {
			"rotation": [0, -90, 0],
			"translation": [0, 0.5, 0],
			"scale": [0.49, 0.49, 0.49]
		}
	},
	"groups": [
		{
			"name": "group",
			"origin": [8, 8, 8],
			"color": 0,
			"children": [0]
		}
	]
}