{
	"format_version": "1.21.6",
	"credit": "Made with Blockbench",
	"parent": "item/paintings/2x3/template",
	"texture_size": [192, 128],
	"textures": {
		"0": "item/paintings/2x3/vanda_castle",
		"particle": "item/paintings/2x3/vanda_castle"
	},
	"elements": [
		{
			"from": [32, 0, 8],
			"to": [-16, 32, 7],
			"rotation": {"angle": 0, "axis": "y", "origin": [16, 0, 8]},
			"faces": {
				"north": {"uv": [0, 0, 16, 16], "texture": "#back"},
				"east": {"uv": [15.95833, 0, 16, 16], "texture": "#0"},
				"south": {"uv": [0, 0, 16, 16], "texture": "#0"},
				"west": {"uv": [0, 0, 0.04167, 16], "texture": "#0"},
				"up": {"uv": [0, 0, 16, 0.0625], "texture": "#0"},
				"down": {"uv": [0, 15.9375, 16, 16], "texture": "#0"}
			}
		}
	],
	"display": {
		"thirdperson_righthand": {
			"rotation": [0, 90, 0],
			"translation": [-0.75, 0, 0],
			"scale": [0.23, 0.23, 0.23]
		},
		"thirdperson_lefthand": {
			"rotation": [0, 90, 0],
			"translation": [-0.75, 0, 0],
			"scale": [0.23, 0.23, 0.23]
		},
		"firstperson_righthand": {
			"rotation": [0, 180, 0],
			"translation": [1, 1.75, 0],
			"scale": [0.19, 0.19, 0.19]
		},
		"firstperson_lefthand": {
			"rotation": [0, -180, 0],
			"translation": [1, 1.75, 0],
			"scale": [0.19, 0.19, 0.19]
		},
		"ground": {
			"translation": [0, 2, 0],
			"scale": [0.23, 0.23, 0.23]
		},
		"gui": {
			"rotation": [0, 180, 0],
			"translation": [0, -2.5, 0],
			"scale": [0.27, 0.27, 0.27]
		},
		"head": {
			"rotation": [90, 0, 0],
			"translation": [0, 6.25, -6]
		},
		"fixed": {
			"translation": [-64, 8, 0],
			"scale": [3.34, 3, 3.32]
		},
		"on_shelf": {
			"rotation": [0, 180, 0],
			"scale": [0.37, 0.37, 0.37]
		}
	}
}