{
	"format_version": "1.21.6",
	"credit": "Made with Blockbench",
	"texture_size": [1920, 1080],
	"textures": {
		"0": "item/paintings/screenshots_1920x1080/template",
		"particle": "item/paintings/screenshots_1920x1080/template"
	},
	"elements": [
		{
			"from": [-16, 0, 0],
			"to": [32, 32, 0],
			"faces": {
				"north": {"uv": [0, 0, 16, 16], "texture": "#0"},
				"east": {"uv": [0, 0, 16, 16], "texture": "#missing"},
				"south": {"uv": [0, 0, 16, 16], "texture": "#0"},
				"west": {"uv": [0, 0, 16, 16], "texture": "#missing"},
				"up": {"uv": [0, 0, 16, 16], "texture": "#missing"},
				"down": {"uv": [0, 0, 16, 16], "texture": "#missing"}
			}
		}
	],
	"display": {
		"thirdperson_righthand": {
			"rotation": [0, -180, 0],
			"translation": [0, 1.75, 0],
			"scale": [0.18, 0.18, 0.18]
		},
		"thirdperson_lefthand": {
			"rotation": [0, -180, 0],
			"translation": [0, 1.75, 0],
			"scale": [0.18, 0.18, 0.18]
		},
		"firstperson_righthand": {
			"translation": [3.25, -0.5, 0],
			"scale": [0.25, 0.25, 0.25]
		},
		"firstperson_lefthand": {
			"translation": [3.25, -0.5, 0],
			"scale": [0.25, 0.25, 0.25]
		},
		"ground": {
			"translation": [0, 1.75, 0],
			"scale": [0.24, 0.24, 0.24]
		},
		"gui": {
			"translation": [0.25, -2.25, 0],
			"scale": [0.29, 0.29, 0.29]
		},
		"head": {
			"translation": [0, -23.25, 0],
			"scale": [2.59, 2.59, 2.59]
		},
		"fixed": {
			"translation": [-16, 7.75, 23.75],
			"scale": [2.67, 3, 3]
		},
		"on_shelf": {
			"translation": [1, 0, 9.75],
			"scale": [0.34, 0.34, 0.34]
		}
	}
}